date,actions_europe,usa,japon,emergents,etats_courts,etats_longs,credit_court,indexees,or,matieres,crypto
2006-10-02,100.0,100.0,100.0,100.0,100.0229,99.9205,100.0,100.0,100.0,,
2006-10-03,99.8803,100.2653,99.6891,98.6981,100.087,100.2235,100.0776,100.3686,96.604,,
2006-10-04,101.1338,101.6138,100.6677,101.5145,100.0981,100.2932,100.0969,100.4562,95.5174,,
2006-10-05,101.2726,101.9494,101.6863,103.0044,100.1063,100.3357,100.1049,100.5214,96.5818,,
2006-10-06,101.2548,102.5606,101.2423,103.4908,100.1168,100.1701,100.1131,100.2792,97.4028,,
2006-10-09,101.4714,102.646,100.3056,103.1284,100.1148,100.088,100.1139,100.1517,97.7852,,
2006-10-10,102.0785,103.3487,101.6756,104.6329,100.0983,99.9389,100.0942,99.9465,97.9798,,
2006-10-11,102.2889,103.2925,100.7737,104.1416,100.0944,99.8875,100.086,99.8767,97.8361,,
2006-10-12,103.1053,103.8881,101.5229,106.3736,100.1071,99.8974,100.1005,99.8815,98.6017,,
2006-10-13,103.5424,104.6128,101.6713,107.4741,100.0979,99.7922,100.0937,99.7308,100.8956,,
2006-10-16,103.4862,104.4723,102.4929,107.4594,100.1335,99.8119,100.1334,99.7391,101.636,,
2006-10-17,102.858,104.1113,101.8668,106.017,100.1637,99.9781,100.1691,99.96,100.7112,,
2006-10-18,103.0198,104.2984,102.5096,107.1088,100.1777,99.9187,100.1896,99.8569,100.6562,,
2006-10-19,103.1654,103.7381,101.795,106.8322,100.1622,99.7792,100.1694,99.6809,101.3533,,
2006-10-20,103.8957,103.8512,101.8098,106.4234,100.1496,99.7785,100.1524,99.6957,100.3659,,
2006-10-23,104.37,104.8703,103.4509,106.8807,100.152,99.6121,100.149,99.4538,99.1357,,
2006-10-24,104.1263,105.1158,103.4588,107.4213,100.1533,99.6279,100.1509,99.4732,99.7755,,
2006-10-25,104.5361,104.9972,103.2864,108.1797,100.1475,99.5717,100.1437,99.3945,100.3318,,
2006-10-26,104.6577,104.6764,103.3122,107.7748,100.159,99.6651,100.1611,99.5169,100.6147,,
2006-10-27,103.6053,103.6201,101.7453,105.5697,100.1858,99.9122,100.1939,99.8567,100.4137,,
2006-10-30,103.5875,103.7495,101.3604,105.4153,100.2165,100.0195,100.2258,100.0009,101.4589,100.0,
2006-10-31,103.5377,103.336,100.7522,107.0248,100.1835,99.8474,100.1862,99.7872,101.6429,99.5544,
2006-11-01,103.4653,102.7394,100.4131,106.0546,100.2557,100.1557,100.2794,100.1843,103.6345,100.2068,
2006-11-02,103.6217,102.4738,100.4307,106.1725,100.2373,100.1116,100.2556,100.1359,104.3709,100.7645,
2006-11-03,103.9633,102.8823,100.4951,107.1153,100.2026,99.9614,100.2123,99.9662,105.6153,102.3335,
2006-11-06,105.2082,103.8906,101.007,109.4979,100.2074,99.8062,100.2115,99.7332,104.7669,102.1428,
2006-11-07,105.2261,103.8528,100.4384,108.5751,100.2293,100.0146,100.2339,100.0269,104.5812,102.2686,
2006-11-08,105.8267,104.2332,99.4936,109.0165,100.229,100.024,100.2377,100.0377,103.1675,102.1752,
2006-11-09,104.7248,103.0992,97.6973,108.7703,100.2212,99.9845,100.2269,99.991,105.6731,102.1896,
2006-11-10,105.43,102.972,97.3894,108.7427,100.2779,100.1706,100.2913,100.2294,104.7259,99.9201,
2006-11-13,105.1723,103.4508,96.5855,109.3505,100.3039,100.1345,100.3272,100.159,104.4509,99.8933,
2006-11-14,105.7121,104.3247,99.5107,111.1615,100.3246,100.2466,100.3516,100.3079,103.6072,100.0686,
2006-11-15,105.7001,104.5338,99.0622,111.2717,100.3077,100.1267,100.3356,100.1457,103.871,100.4729,
2006-11-16,105.8142,105.0566,98.5015,110.4178,100.3197,100.1631,100.3487,100.1937,103.2304,99.0375,
2006-11-17,105.2111,104.6281,97.202,109.8129,100.3329,100.1241,100.3603,100.1252,103.568,99.0336,
2006-11-20,105.3473,104.9487,95.4096,109.6545,100.4021,100.3172,100.4448,100.3682,103.8093,99.8322,
2006-11-21,105.8096,104.8243,95.2742,111.161,100.3988,100.3169,100.4432,100.369,104.4216,101.0217,
2006-11-22,105.6275,104.2788,95.4539,111.1374,100.4265,100.3489,100.4769,100.403,104.0547,99.8509,
2006-11-23,105.6275,104.2788,95.4539,111.1374,100.3998,100.2237,100.4428,100.2436,104.0547,99.8509,
2006-11-24,104.3707,102.6973,94.0321,109.8762,100.4408,100.4117,100.4919,100.4979,104.539,100.2974,
2006-11-27,102.5747,100.9153,93.6179,107.4063,100.4645,100.3537,100.5229,100.4115,104.4854,100.2305,
2006-11-28,102.7122,100.8084,94.667,107.4487,100.5101,100.5214,100.5806,100.6134,103.7121,99.8111,
2006-11-29,103.9478,102.2929,96.9114,109.651,100.5093,100.5239,100.5794,100.6208,103.4813,100.9727,
2006-11-30,103.5059,101.5414,97.0721,109.2866,100.5064,100.4822,100.5705,100.5677,104.6768,101.1567,
2006-12-01,102.4444,100.634,96.557,108.1046,100.5262,100.5522,100.5954,100.6617,103.5348,100.1406,
2006-12-04,103.2551,101.4397,97.7105,110.3999,100.6075,100.7217,100.6962,100.8602,103.5735,98.4495,
2006-12-05,104.176,102.0082,97.9056,112.4723,100.5992,100.7424,100.6879,100.8965,103.2047,99.0672,
2006-12-06,103.7457,102.1704,98.7752,111.9721,100.5794,100.6138,100.657,100.7279,101.6404,98.0272,
2006-12-07,104.434,101.7276,98.8492,111.5795,100.5596,100.5303,100.6373,100.6088,101.7093,98.1494,
2006-12-08,103.3354,101.0931,97.6348,110.1873,100.5644,100.5305,100.6425,100.6043,99.7954,96.6342,
2006-12-11,105.1675,102.4807,98.8294,111.4265,100.5523,100.3252,100.6238,100.3267,101.7181,97.8949,
2006-12-12,105.1418,102.1394,98.7169,109.8014,100.5557,100.3447,100.628,100.3531,101.3769,97.3882,
2006-12-13,106.2547,102.765,98.7232,110.9558,100.5575,100.3536,100.6292,100.3632,101.8248,98.0991,
2006-12-14,107.3199,104.1555,100.1763,113.3797,100.5334,100.1125,100.6003,100.031,101.7118,99.1156,
2006-12-15,107.005,104.6228,100.6166,114.3814,100.5524,100.1574,100.6231,100.0888,100.3169,98.5113,
2006-12-18,107.1171,104.2801,99.9229,113.5249,100.5422,99.9638,100.6072,99.8251,100.3288,97.5589,
2006-12-19,106.8784,103.6787,98.7349,111.947,100.5365,99.8112,100.5982,99.6109,100.8005,97.3478,
2006-12-20,106.474,103.7778,99.5891,113.3576,100.5328,99.7627,100.5956,99.5464,100.6595,96.8003,
2006-12-21,106.2695,103.4227,100.182,113.1816,100.5292,99.7061,100.5908,99.4709,100.2913,96.4458,
2006-12-22,106.3792,103.1546,100.897,113.9933,100.5286,99.7103,100.5866,99.4831,101.0923,97.4285,
2006-12-25,106.3792,103.1546,100.897,113.9933,100.5286,99.7103,100.5888,99.4831,101.0923,97.4285,
2006-12-26,106.6461,103.9769,101.0335,115.2896,100.5286,99.7103,100.5909,99.4831,101.8431,97.6294,
2006-12-27,107.6134,104.5391,101.3457,116.7974,100.551,99.5976,100.6087,99.3188,102.1195,97.1975,
2006-12-28,107.8988,104.137,101.2402,116.3697,100.5597,99.4818,100.61,99.1417,103.0554,97.3665,
2006-12-29,107.113,103.3122,100.999,115.7162,100.5594,99.4602,100.6188,99.1265,103.1711,97.1367,
2007-01-01,107.113,103.3122,100.999,115.7162,100.5594,99.4602,100.621,99.1265,103.1711,97.1367,
2007-01-02,107.113,103.3122,100.999,115.7162,100.6208,99.6129,100.6889,99.302,103.1711,97.1367,
2007-01-03,107.8675,103.3408,101.1344,116.9381,100.64,99.642,100.7105,99.3302,101.8611,94.014,
2007-01-04,108.3052,104.178,102.8125,116.0113,100.6392,99.6002,100.7136,99.2714,101.4323,93.4345,
2007-01-05,107.6084,104.2063,100.9943,113.5556,100.613,99.4282,100.6843,99.043,99.8204,93.3237,
2007-01-08,106.9952,104.2465,101.1436,113.8971,100.6545,99.4781,100.7307,99.0874,99.9112,92.4879,
2007-01-09,106.9506,104.5029,102.1282,111.7219,100.6561,99.439,100.7292,99.0385,100.8554,92.3307,
2007-01-10,106.8449,105.3129,101.0558,111.9557,100.6414,99.3402,100.7118,98.9114,100.8669,93.2436,
2007-01-11,108.8091,106.1425,100.8984,113.7666,100.6852,99.4105,100.7634,98.9926,101.2849,93.7307,
2007-01-12,109.173,106.6757,101.9468,115.7835,100.6664,99.2259,100.7431,98.735,103.5923,95.2339,
2007-01-15,109.173,106.6757,101.9468,115.7835,100.693,99.2597,100.7697,98.7746,103.5923,95.2339,
2007-01-16,109.2728,106.5333,102.3731,116.2695,100.7135,99.3397,100.7937,98.8766,103.3231,94.3807,
2007-01-17,108.9125,106.4142,102.2157,115.6049,100.7232,99.3411,100.8048,98.8742,104.2797,94.2963,
2007-01-18,108.6083,105.8855,101.978,114.2,100.7033,99.1202,100.7812,98.5711,103.4794,93.6183,
2007-01-19,109.7242,106.0275,102.6379,116.1815,100.7206,99.3042,100.8023,98.8164,104.6442,95.4385,
2007-01-22,109.3404,105.8557,102.7883,116.2175,100.7563,99.3712,100.8421,98.8943,104.3318,95.457,
2007-01-23,109.4122,105.5727,102.7882,118.1954,100.7711,99.4433,100.8624,98.9834,106.2445,97.0137,
2007-01-24,110.7834,106.9163,104.6397,119.7753,100.7664,99.3597,100.8531,98.8696,106.9032,97.221,
2007-01-25,109.2331,105.8487,103.0856,116.2975,100.7695,99.2809,100.8599,98.7556,106.6436,96.6446,
2007-01-26,109.4868,105.8423,103.2462,117.1107,100.7512,99.0549,100.8376,98.4493,106.9179,97.7604,
2007-01-29,109.3914,105.5051,103.3371,115.2554,100.7826,99.1014,100.8696,98.5279,105.9726,95.281,
2007-01-30,110.0857,106.03,103.9641,117.0133,100.7995,99.1944,100.89,98.6565,106.6955,97.8044,
2007-01-31,110.2563,106.275,103.0763,117.4044,100.804,99.1918,100.8982,98.6504,107.2369,98.4619,
2007-02-01,111.0076,106.9442,104.4775,118.8797,100.8519,99.4324,100.9599,98.9574,107.9158,97.8086,
2007-02-02,111.3027,107.5467,104.2697,119.023,100.8824,99.331,100.9984,98.783,106.8118,98.4258,
2007-02-05,111.2255,107.8428,103.7299,119.4315,100.9409,99.6287,101.0636,99.1993,107.1263,98.6898,
2007-02-06,111.7701,107.4401,104.1811,120.1272,100.9338,99.6107,101.0566,99.1757,107.4932,98.859,
2007-02-07,111.7852,107.3544,103.7966,119.3047,100.9321,99.6507,101.0463,99.2399,106.9061,97.7982,
2007-02-08,111.3374,107.0743,102.3666,118.5133,100.9105,99.5605,101.0232,99.1165,108.2371,98.4944,
2007-02-09,111.0146,106.5472,102.9153,117.3954,100.9079,99.439,101.0175,98.9596,109.5061,99.4699,
2007-02-12,110.7354,106.5449,103.1924,116.9891,100.9415,99.3581,101.0569,98.8309,109.13,98.0495,
2007-02-13,111.2305,106.874,104.8047,118.2164,100.9416,99.3283,101.0533,98.7943,108.8324,98.3739,
2007-02-14,111.88,106.6926,105.6575,119.7706,100.9591,99.3774,101.0736,98.8341,108.8078,97.6659,
2007-02-15,111.9685,106.8711,106.5534,119.8859,100.9928,99.659,101.1194,99.2343,108.9134,98.2802,
2007-02-16,111.833,106.796,106.4582,120.134,101.0018,99.6868,101.1266,99.2712,108.8071,98.8564,
2007-02-19,111.833,106.796,106.4582,120.134,101.0049,99.5823,101.1235,99.132,108.8071,98.8564,
2007-02-20,111.8582,106.9415,106.0204,120.3579,101.0101,99.5388,101.1325,99.0672,107.0039,98.3428,
2007-02-21,111.2244,106.9707,106.1643,120.7965,101.0305,99.6223,101.1537,99.1751,110.4217,100.1046,
2007-02-22,111.643,107.0039,106.5631,120.6193,101.0306,99.5644,101.157,99.0897,110.2109,101.5284,
2007-02-23,111.8692,106.2304,107.1339,119.3538,101.0443,99.6995,101.1724,99.2765,110.7759,101.6873,
2007-02-26,111.7671,105.9341,107.6417,119.0768,101.1094,99.9607,101.2494,99.6174,111.1863,101.9709,
2007-02-27,106.0066,101.5038,104.78,109.0798,101.1483,100.0943,101.2987,99.7818,106.4872,99.6781,
2007-02-28,107.1921,102.5687,104.6631,111.836,101.2105,100.2779,101.3778,100.0103,108.2549,100.0385,
2007-03-01,106.2068,102.7203,104.6325,110.7211,101.223,100.32,101.3921,100.0729,107.6594,99.5311,
2007-03-02,105.1603,101.4139,102.9623,109.7371,101.2476,100.3446,101.4271,100.0946,104.248,98.8528,
2007-03-05,103.9649,101.0475,102.0711,107.5602,101.3006,100.5394,101.4913,100.3529,103.5858,97.881,
2007-03-06,106.3866,102.377,104.102,111.8461,101.2737,100.4536,101.4541,100.2492,105.1835,98.6371,
2007-03-07,106.4687,101.9599,103.5684,110.8222,101.2749,100.4252,101.4525,100.2163,105.1053,99.2681,
2007-03-08,107.3014,103.1079,104.7843,114.0007,101.262,100.4149,101.4293,100.2169,105.6926,99.8032,
2007-03-09,108.0203,103.342,105.0638,114.431,101.2348,100.2965,101.398,100.0654,105.5246,98.9827,
2007-03-12,107.8399,102.9314,105.3441,114.3645,101.2691,100.4003,101.4358,100.1996,105.1449,98.1248,
2007-03-13,105.1496,100.915,103.4072,111.0199,101.2832,100.4711,101.4493,100.2949,104.0667,97.4539,
2007-03-14,105.1836,101.3209,102.1339,111.5517,101.318,100.6006,101.4922,100.462,104.0706,97.3202,
2007-03-15,105.2251,101.0925,101.8355,112.055,101.3137,100.5219,101.4861,100.3526,103.7594,96.9094,
2007-03-16,105.3065,100.5443,101.4973,110.8061,101.3159,100.4798,101.4866,100.2882,104.5217,96.8315,
2007-03-19,106.6715,101.7957,102.6639,113.2805,101.3181,100.4054,101.4842,100.1883,104.7563,97.0067,
2007-03-20,107.8623,102.3316,103.5565,113.9983,101.3359,100.5031,101.5065,100.3218,105.59,96.6896,
2007-03-21,109.9327,103.3702,104.034,116.6853,101.3343,100.4438,101.5079,100.2415,105.819,97.0085,
2007-03-22,109.8001,103.7947,104.6821,116.7527,101.3696,100.5309,101.5504,100.3534,106.2382,98.68,
2007-03-23,110.6052,104.2366,105.1149,117.6213,101.3422,100.2127,101.52,99.9244,105.546,98.5807,
2007-03-26,110.5799,103.8258,104.2767,117.243,101.3678,100.1862,101.537,99.8827,106.3844,98.5583,
2007-03-27,109.685,103.3224,103.597,116.4318,101.3639,100.1334,101.5353,99.8083,105.895,98.4315,
2007-03-28,108.9442,102.9555,103.2111,114.7794,101.3734,100.0804,101.5449,99.7308,106.8589,99.3127,
2007-03-29,110.1038,102.9107,103.1979,116.8854,101.3599,100.0057,101.5325,99.63,106.0534,100.1861,
2007-03-30,110.1074,102.7471,102.3099,116.655,101.3567,99.9833,101.5274,99.6027,106.0076,99.6527,
2007-04-02,111.1021,102.7777,101.6638,117.3587,101.3672,99.9515,101.5314,99.5567,106.097,99.5898,
2007-04-03,112.085,104.2353,102.8525,119.6832,101.3689,99.8427,101.5343,99.4053,106.4236,99.4745,
2007-04-04,111.7828,103.969,103.2472,119.9947,101.3927,99.9476,101.5678,99.5477,107.6121,100.2069,
2007-04-05,112.4271,103.8004,102.5218,119.586,101.3993,99.9152,101.5756,99.4968,107.2275,100.1056,
2007-04-06,112.4271,103.8004,102.5218,119.586,101.3993,99.9152,101.5778,99.4968,107.2275,100.1056,
2007-04-09,112.4848,104.5434,102.9721,120.9661,101.3993,99.9152,101.58,99.4968,107.313,100.2313,
2007-04-10,112.8749,104.0667,102.7313,120.8408,101.4121,99.7333,101.5843,99.2388,107.7086,100.6906,
2007-04-11,112.2681,103.5809,102.2518,119.6546,101.4089,99.684,101.581,99.1727,107.5167,100.6701,
2007-04-12,112.8418,103.6469,101.7253,121.194,101.4028,99.5237,101.5705,98.9536,106.9655,100.0944,
2007-04-13,113.2211,103.8894,100.6676,121.5196,101.402,99.3802,101.5682,98.7487,108.083,100.2216,
2007-04-16,114.3955,104.8135,102.0638,122.8908,101.4306,99.4245,101.6017,98.799,108.9104,99.1939,
2007-04-17,114.064,104.7595,101.1187,121.8414,101.4508,99.5208,101.6269,98.928,107.9307,98.629,
2007-04-18,113.6515,104.5646,100.9449,120.562,101.4665,99.6718,101.6432,99.1363,108.1995,98.2289,
2007-04-19,113.3213,104.4564,100.386,119.4981,101.4619,99.57,101.642,98.9913,106.7731,97.8079,
2007-04-20,115.0815,105.717,101.0614,121.2364,101.4586,99.4464,101.6366,98.8118,108.9056,98.4673,
2007-04-23,114.2381,105.3574,99.9936,120.7984,101.4999,99.5326,101.6858,98.907,108.2478,99.2169,
2007-04-24,113.9389,104.9977,99.4743,120.3177,101.5256,99.6668,101.7156,99.0857,106.9974,97.9545,
2007-04-25,114.9938,105.9387,100.0028,121.7822,101.522,99.5852,101.7079,98.9746,107.2267,99.2584,
2007-04-26,114.7609,106.4497,99.8879,121.9058,101.5237,99.557,101.7049,98.9409,106.0047,98.3323,
2007-04-27,114.3577,105.8498,98.8551,120.7087,101.5134,99.4037,101.6931,98.7259,106.5804,98.8925,
2007-04-30,113.942,104.9949,98.1209,118.4031,101.5733,99.7024,101.7615,99.13,105.862,98.6263,
2007-05-01,114.3546,105.6592,98.4892,119.3197,101.5733,99.7024,101.7637,99.13,105.6259,99.0544,
2007-05-02,115.2114,106.3787,99.1353,121.8058,101.57,99.5607,101.7564,98.9358,105.6789,98.7631,
2007-05-03,115.3614,107.2078,99.5081,123.1201,101.5619,99.465,101.744,98.8123,107.2477,99.7503,
2007-05-04,116.6077,107.3531,99.6118,122.7819,101.6021,99.6607,101.7999,99.064,108.0972,99.5275,
2007-05-07,116.5737,107.2869,100.0134,123.4785,101.6034,99.5002,101.7934,98.8203,108.1041,99.0804,
2007-05-08,115.8573,107.6125,100.2422,122.4074,101.6299,99.6751,101.8285,99.0794,107.9874,99.0293,
2007-05-09,116.2218,108.0162,101.5936,124.5111,101.6314,99.5655,101.8274,98.9168,107.4137,99.1506,
2007-05-10,113.8318,107.2356,100.3941,121.8613,101.6473,99.582,101.8487,98.93,105.4473,98.9492,
2007-05-11,116.0742,107.8499,100.8757,124.6062,101.678,99.7535,101.8875,99.1621,105.8685,99.9892,
2007-05-14,115.1968,107.4394,100.4351,123.1694,101.6596,99.3931,101.8595,98.6618,105.4263,99.208,
2007-05-15,115.022,107.0488,99.2154,122.8366,101.6404,99.2631,101.8306,98.4926,105.4271,99.2449,
2007-05-16,116.0032,108.3555,99.9522,125.2816,101.6145,99.1508,101.7931,98.3517,104.4917,99.6576,
2007-05-17,116.0355,108.3575,99.3182,125.0764,101.6189,99.1806,101.7975,98.3901,103.8389,100.3811,
2007-05-18,117.3405,109.1731,98.9226,125.5713,101.6214,99.1518,101.8024,98.3483,104.4489,100.0874,
2007-05-21,116.8409,109.4963,99.2675,126.2376,101.6448,99.1077,101.8245,98.2811,105.053,101.3506,
2007-05-22,116.9929,109.5236,100.3467,126.3883,101.6548,99.0943,101.8367,98.257,104.4093,99.7226,
2007-05-23,117.5728,109.4894,100.4415,126.1335,101.6389,99.0274,101.8137,98.1777,104.9072,99.5226,
2007-05-24,116.6443,108.7245,100.1621,123.3587,101.6537,98.9514,101.8336,98.0619,103.8589,99.1646,
2007-05-25,117.2415,109.0151,99.5944,125.0644,101.6471,98.9339,101.8267,98.0417,104.0083,99.9516,
2007-05-28,117.2415,109.0151,99.5944,125.0644,101.6758,98.9443,101.8596,98.0425,104.0083,99.9516,
2007-05-29,117.216,109.4442,100.6716,124.6753,101.6654,98.8732,101.845,97.9504,104.2488,98.7941,
2007-05-30,117.8933,110.4499,100.9854,126.0791,101.6785,98.8711,101.8597,97.9451,103.7954,99.6765,
2007-05-31,118.068,110.1377,101.781,126.2118,101.6619,98.7413,101.8374,97.7699,104.9227,100.355,
2007-06-01,118.84,110.7998,102.4461,129.4989,101.6466,98.6474,101.8192,97.6516,106.4752,101.2398,
2007-06-04,119.1524,110.4031,102.4136,128.4434,101.6785,98.6414,101.8488,97.6529,106.2398,101.7768,
2007-06-05,117.7542,109.7375,102.0621,127.7312,101.6825,98.5443,101.8542,97.5107,105.7482,101.0034,
2007-06-06,116.2084,108.7766,101.8506,124.7666,101.7168,98.5882,101.8982,97.5545,106.0251,100.7021,
2007-06-07,113.9895,107.3296,101.9234,123.4367,101.7002,98.3608,101.8769,97.244,104.6924,100.7204,
2007-06-08,116.1375,109.2794,102.9336,126.2576,101.7155,98.2226,101.898,97.0414,103.5483,99.4683,
2007-06-11,116.3751,109.5012,102.8248,127.3781,101.755,98.2858,101.9408,97.1134,104.3543,100.8326,
2007-06-12,114.8167,108.7135,101.8711,125.6344,101.7306,98.0245,101.9073,96.7617,103.7745,100.6991,
2007-06-13,116.6203,110.307,102.1219,128.1085,101.7254,97.846,101.9017,96.5131,104.4387,101.18,
2007-06-14,117.4725,110.9627,102.2179,130.0613,101.7649,98.0055,101.9504,96.7217,104.5061,102.4143,
2007-06-15,118.748,111.068,102.6476,132.3977,101.753,97.8232,101.9367,96.4768,104.416,103.2238,
2007-06-18,118.529,110.6316,102.1549,132.1525,101.7943,97.8775,101.9829,96.5396,104.2888,102.6855,
2007-06-19,118.9672,110.8396,102.0234,132.2222,101.8486,98.1181,102.0494,96.8487,105.0763,101.2575,
2007-06-20,117.6681,109.5282,101.5368,131.3707,101.8093,97.9215,101.9983,96.5924,104.0581,101.2935,
2007-06-21,118.3513,110.1531,102.042,133.0279,101.8451,98.0267,102.0419,96.7065,103.8322,100.8,
2007-06-22,116.121,108.4941,100.4848,130.5212,101.8413,97.8994,102.0391,96.5305,103.5916,99.0192,
2007-06-25,116.069,107.9985,99.9493,129.5561,101.9212,98.2298,102.1323,96.9506,103.0541,98.9044,
2007-06-26,115.8784,107.0396,100.2301,128.6054,101.9272,98.2585,102.1417,96.9891,101.9024,98.1093,
2007-06-27,116.5361,108.5145,100.3948,130.3777,101.9581,98.5384,102.1802,97.3778,101.9373,98.241,
2007-06-28,116.9443,108.5643,100.245,130.4847,101.9406,98.4243,102.1562,97.2271,102.9428,98.2991,
2007-06-29,116.9569,107.8863,100.556,130.0813,101.9383,98.4381,102.151,97.2529,102.2818,98.2333,
2007-07-02,117.4317,108.0718,101.6152,131.7569,101.9822,98.5892,102.1943,97.4408,102.7246,97.4054,
2007-07-03,118.4683,108.6468,101.5802,133.0313,102.0051,98.6007,102.2303,97.4412,102.4552,97.7048,
2007-07-04,118.4683,108.6468,101.5802,133.0313,101.9785,98.3174,102.1867,97.0629,102.4552,97.7048,
2007-07-05,118.2303,108.6361,101.4012,133.7481,101.9619,98.0987,102.1607,96.7664,102.0459,98.5298,
2007-07-06,118.7075,108.9591,100.6891,135.7311,101.9427,97.8911,102.1377,96.4757,102.6676,98.7673,
2007-07-09,119.2769,109.0922,100.733,137.106,101.999,97.9929,102.2007,96.5932,103.3765,98.772,
2007-07-10,116.2883,106.4752,99.9412,133.0766,102.0493,98.3442,102.2621,97.0718,102.714,98.7659,
2007-07-11,117.9229,107.2773,99.6442,134.2342,102.0819,98.5429,102.3057,97.3285,102.493,98.7523,
2007-07-12,119.6031,108.703,100.0792,136.8433,102.0465,98.2766,102.2612,96.9794,103.1468,98.7561,
2007-07-13,119.3437,109.0509,100.5776,138.5716,102.0527,98.2913,102.2694,96.9954,103.1852,99.367,
2007-07-16,118.7052,109.0999,100.4316,137.2925,102.1025,98.368,102.3251,97.0856,102.9166,97.5612,
2007-07-17,118.6676,108.9399,99.7919,137.0553,102.103,98.3631,102.3285,97.0771,102.7094,96.6326,
2007-07-18,117.921,108.6094,99.1939,135.211,102.1124,98.3954,102.336,97.1241,103.9408,98.2595,
2007-07-19,118.1629,109.102,99.7341,136.6463,102.1216,98.441,102.3452,97.1823,104.6171,99.2345,
2007-07-20,116.8818,107.7172,99.0685,135.3539,102.1946,98.9823,102.4368,97.907,105.2333,98.409,
2007-07-23,117.5934,108.2742,99.8885,139.5629,102.2455,99.1274,102.4896,98.1034,105.2829,96.8512,
2007-07-24,115.0976,106.2425,99.4044,134.5904,102.262,99.1529,102.5152,98.1301,105.1303,95.9719,
2007-07-25,115.7302,107.2269,100.1887,136.3395,102.2855,99.206,102.546,98.1917,104.993,97.1403,
2007-07-26,111.9083,104.5054,98.2403,129.1654,102.3508,99.4825,102.6288,98.5453,102.8516,97.0662,
2007-07-27,110.5015,103.3073,98.0985,128.5579,102.3993,99.573,102.6811,98.6221,103.3323,98.1658,
2007-07-30,111.4779,104.3425,99.1973,132.0313,102.456,99.6617,102.7481,98.7225,103.3258,98.3483,
2007-07-31,112.5013,103.4686,99.0067,129.7068,102.4238,99.4687,102.7083,98.4668,103.6591,99.0379,
2007-08-01,113.2939,103.9343,98.2157,129.1503,102.4553,99.5967,102.7463,98.6393,103.8413,98.3118,
2007-08-02,113.1065,104.5356,97.5217,130.2925,102.4225,99.4046,102.6999,98.3782,103.5512,97.8865,
2007-08-03,110.3596,101.2537,95.5955,123.9485,102.474,99.6554,102.7743,98.7088,104.2008,96.7869,
2007-08-06,111.7838,102.8769,96.9548,126.0702,102.5338,99.7289,102.8371,98.7897,103.8607,95.4834,
2007-08-07,112.6614,104.3977,97.1446,127.5276,102.5191,99.6206,102.819,98.6448,104.2207,96.0055,
2007-08-08,114.3791,105.3774,97.5236,131.2187,102.4645,99.2856,102.7488,98.2119,104.205,95.9916,
2007-08-09,111.0435,103.2187,96.8652,126.9775,102.5621,99.6244,102.8777,98.6285,103.1236,96.3602,
2007-08-10,109.619,102.6236,95.3887,124.6399,102.6609,99.7603,103.0008,98.7685,104.7576,96.4078,
2007-08-13,110.3531,103.5676,96.0592,126.5742,102.6835,99.7253,103.0261,98.7074,104.8521,97.3119,
2007-08-14,109.473,102.5731,96.3365,124.0137,102.6761,99.6201,103.0101,98.5709,105.505,97.5833,
2007-08-15,107.6567,101.9652,95.4965,120.0895,102.8154,100.0574,103.1831,99.1045,106.088,97.8137,
2007-08-16,106.8007,102.755,95.7278,118.0743,102.9713,100.4921,103.3855,99.606,103.7856,94.792,
2007-08-17,108.5292,104.107,94.543,121.1877,103.0362,100.5488,103.465,99.6615,103.7815,95.5884,
2007-08-20,108.4367,104.2042,93.6327,121.6076,103.0519,100.4911,103.4793,99.5916,104.1044,94.538,
2007-08-21,108.3662,104.5679,94.9567,121.3405,103.1941,100.8726,103.6337,100.0586,104.1787,94.133,
2007-08-22,110.6679,105.0671,95.5373,125.6728,103.0221,100.4369,103.4208,99.5675,103.973,94.2078,
2007-08-23,110.4274,104.9199,96.18,126.2494,103.0203,100.4585,103.409,99.5865,103.7765,94.9901,
2007-08-24,111.8903,105.3607,95.886,128.218,103.0503,100.6126,103.443,99.8061,104.2017,94.8385,
2007-08-27,111.4597,104.603,95.3338,129.0799,103.0289,100.4899,103.4166,99.6513,104.2186,94.8871,
2007-08-28,108.7286,102.5968,94.71,124.187,103.1009,100.6381,103.5184,99.8179,103.8993,94.7736,
2007-08-29,111.2104,104.0352,95.0815,128.396,103.1449,100.843,103.5642,100.103,104.0846,94.8276,
2007-08-30,110.7725,104.0023,94.6863,128.041,103.1343,100.7127,103.5519,99.9213,103.9031,95.4923,
2007-08-31,113.0531,105.0271,96.7492,131.3455,103.1014,100.4181,103.5098,99.5156,105.04,95.6651,
2007-09-03,113.0531,105.0271,96.7492,131.3455,103.1345,100.5573,103.5481,99.709,105.04,95.6651,
2007-09-04,114.0117,106.2581,96.3539,133.7765,103.164,100.6705,103.58,99.8602,106.6642,97.1654,
2007-09-05,112.1948,105.0775,94.2601,131.4267,103.1939,100.7283,103.622,99.9026,106.5891,96.5792,
2007-09-06,112.4105,104.9957,94.039,132.0485,103.2387,100.8241,103.678,100.0159,108.3063,96.0721,
2007-09-07,110.1092,102.9415,93.0227,128.3289,103.3289,101.065,103.7909,100.2862,108.5136,95.6539,
2007-09-10,109.2359,102.7441,92.2055,128.426,103.3996,101.4131,103.874,100.7627,108.8733,96.6238,
2007-09-11,111.3453,103.454,92.7213,130.4034,103.3923,101.4746,103.8489,100.887,109.7627,96.9648,
2007-09-12,110.5925,103.2137,91.9985,130.228,103.3577,101.34,103.8199,100.7145,109.1336,97.6965,
2007-09-13,111.7877,104.2476,91.5946,132.0607,103.3205,101.1024,103.7762,100.3853,108.8665,97.7215,
2007-09-14,110.7712,104.1567,91.7913,132.2147,103.3582,101.2485,103.8184,100.5765,108.6393,98.0204,
2007-09-17,109.3798,103.6949,91.4043,131.5002,103.3537,101.132,103.8103,100.4193,110.2644,99.4165,
2007-09-18,112.323,105.8699,91.5922,136.7342,103.323,100.9278,103.7762,100.1407,110.4827,99.0301,
2007-09-19,113.0642,106.5784,92.6712,137.4637,103.3436,100.7538,103.8053,99.8819,110.1528,99.2014,
2007-09-20,112.6086,105.0014,91.6144,135.9627,103.3139,100.5221,103.7581,99.599,111.2664,99.4873,
2007-09-21,113.3281,105.1869,91.729,137.6399,103.3566,100.5124,103.82,99.5397,110.5822,99.3577,
2007-09-24,113.3556,105.1277,92.1799,139.5272,103.3973,100.5539,103.8652,99.5772,110.6321,99.5782,
2007-09-25,112.8474,104.341,92.2016,138.2376,103.4353,100.7158,103.9168,99.7709,110.0979,98.5476,
2007-09-26,112.7644,105.0334,93.122,140.2692,103.3898,100.3751,103.8572,99.3272,109.7429,99.2732,
2007-09-27,113.9613,105.5127,95.1181,142.1602,103.3884,100.3825,103.8531,99.3412,110.6611,100.4541,
2007-09-28,113.6994,104.3292,94.2998,140.1447,103.4316,100.6127,103.9017,99.6565,111.0088,98.7596,
2007-10-01,115.0662,105.719,95.5452,144.845,103.5008,100.7165,103.9723,99.7777,111.8238,98.8676,
2007-10-02,115.6613,106.2019,95.8472,146.6973,103.5083,100.8069,103.9979,99.8895,110.1283,98.6771,
2007-10-03,114.7352,106.3797,96.2678,142.7802,103.554,101.015,104.0569,100.1624,109.8476,98.9487,
2007-10-04,115.2428,106.2813,95.9625,143.8454,103.566,101.0149,104.0636,100.1589,111.0533,99.3333,
2007-10-05,115.8608,107.5593,97.2372,148.6644,103.5503,100.8091,104.0592,99.8575,111.8768,98.2167,
2007-10-08,115.6677,107.6261,97.2843,147.9632,103.577,100.8066,104.082,99.8416,111.2117,96.9579,
2007-10-09,116.4723,108.194,96.6192,149.6509,103.5842,100.962,104.0913,100.0722,111.6105,97.1729,
2007-10-10,116.5726,107.7537,96.1872,149.4885,103.5508,100.6953,104.0471,99.712,111.7526,98.1612,
2007-10-11,116.5843,106.7769,95.9071,147.5387,103.5402,100.549,104.0278,99.5179,112.108,98.6075,
2007-10-12,117.0766,107.4575,95.9875,150.3585,103.4826,100.4426,103.96,99.4126,113.2343,98.8378,
2007-10-15,116.2465,106.4459,94.7708,148.3748,103.4542,100.3079,103.9151,99.2633,113.9575,99.6816,
2007-10-16,115.1219,105.8022,93.2308,145.902,103.495,100.3477,103.9686,99.2992,114.1441,99.8159,
2007-10-17,116.1392,105.8262,93.0997,148.8494,103.5291,100.4679,104.0104,99.4475,112.8826,99.2947,
2007-10-18,115.8405,104.8678,92.9865,148.7875,103.614,100.952,104.1159,100.0833,114.5284,99.7803,
2007-10-19,113.3577,102.1102,91.1361,142.4039,103.684,101.2324,104.207,100.4397,114.06,99.1247,
2007-10-22,113.8541,103.551,92.4171,144.6164,103.7585,101.613,104.2913,100.9487,113.3298,99.1665,
2007-10-23,114.7728,103.8189,92.1744,147.8121,103.751,101.5631,104.2855,100.885,113.6613,98.2012,
2007-10-24,114.1503,103.5904,91.747,146.7934,103.8205,101.7977,104.3726,101.1649,114.0588,98.258,
2007-10-25,114.3003,103.3804,91.0166,148.0067,103.8532,101.8862,104.4136,101.2702,114.3246,99.3075,
2007-10-26,115.9585,104.1054,92.1569,151.4906,103.8319,101.7381,104.3798,101.0828,116.2768,99.5185,
2007-10-29,116.722,104.2705,93.234,154.7081,103.8593,101.8151,104.4168,101.171,116.7185,100.6184,
2007-10-30,116.0266,103.3884,92.6368,151.5536,103.8164,101.6669,104.357,101.0029,115.3914,98.9227,
2007-10-31,117.3897,104.2316,93.0803,154.5371,103.7565,101.3791,104.2775,100.6354,117.0269,100.7133,
2007-11-01,114.9803,102.1085,92.1995,148.7593,103.8048,101.5705,104.3387,100.882,116.3607,100.3186,
2007-11-02,115.0989,101.7943,91.5534,148.975,103.8715,101.8616,104.424,101.2577,118.6973,100.8195,
2007-11-05,113.9166,101.0889,90.0608,143.8932,103.917,101.9477,104.4729,101.3641,118.659,100.0197,
2007-11-06,114.7105,101.8445,90.5593,148.4714,103.9023,101.7579,104.4549,101.1084,120.443,100.8138,
2007-11-07,112.3973,98.6532,88.5209,143.153,103.9594,101.9955,104.5204,101.4052,121.1433,99.6847,
2007-11-08,113.0196,97.7711,86.7709,143.3251,104.0129,102.1017,104.5883,101.5252,120.6574,99.2613,
2007-11-09,110.4232,96.4687,85.6559,140.0113,104.0877,102.3985,104.6765,101.9188,120.6335,99.8554,
2007-11-12,109.7585,96.5053,86.6117,133.6394,104.0976,102.3782,104.684,101.8894,116.1339,99.0547,
2007-11-13,111.9238,98.7868,87.5125,142.1302,104.1061,102.3474,104.6938,101.8332,116.5712,97.9135,
2007-11-14,110.9651,98.3174,87.5946,141.9845,104.0591,102.0738,104.6349,101.479,118.0451,99.0777,
2007-11-15,109.6825,97.0923,86.9992,138.9921,104.1137,102.2845,104.7025,101.7446,114.8474,98.0389,
2007-11-16,110.1516,97.1723,86.2806,140.5865,104.1581,102.4131,104.7528,101.9109,114.4506,98.7033,
2007-11-19,106.4672,95.5907,84.604,133.7858,104.226,102.577,104.8318,102.1057,113.4286,97.6642,
2007-11-20,107.3591,95.1121,85.8817,135.9404,104.2549,102.63,104.8649,102.1717,115.4126,97.9262,
2007-11-21,105.518,93.0095,84.2225,128.8792,104.3213,102.8533,104.9393,102.4696,115.0597,97.2332,
2007-11-22,105.518,93.0095,84.2225,128.8792,104.3457,102.8531,104.9614,102.47,115.0597,97.2332,
2007-11-23,108.5865,94.982,86.448,133.1981,104.3489,102.7698,104.9647,102.3562,118.2532,98.7754,
2007-11-26,106.2183,92.8863,86.448,127.911,104.3732,102.7746,104.989,102.3538,118.326,98.5807,
2007-11-27,107.4918,93.7203,87.6238,132.4793,104.4145,102.9562,105.0561,102.5737,116.2896,97.1351,
2007-11-28,110.8236,96.6978,88.4273,139.7075,104.3606,102.4946,104.9896,101.952,115.4962,96.303,
2007-11-29,110.2376,97.2618,89.2307,138.7527,104.3893,102.585,105.0182,102.0637,114.2476,96.5479,
2007-11-30,111.2539,98.6676,89.8107,140.5402,104.3477,102.4085,104.9705,101.8411,113.3379,96.0235,
2007-12-03,111.0967,98.19,90.097,139.5662,104.4173,102.6189,105.0451,102.1166,114.9474,95.6929,
2007-12-04,109.7285,96.68,88.5585,138.2968,104.4635,102.9555,105.0923,102.5818,115.8344,95.0532,
2007-12-05,112.0498,99.4232,91.2426,146.0918,104.4647,102.891,105.0965,102.4861,116.0237,96.0154,
2007-12-06,112.4673,100.4327,92.0201,147.7829,104.4184,102.7246,105.0533,102.2716,116.6352,96.8545,
2007-12-07,112.3347,100.4333,91.2069,146.0608,104.3357,102.2388,104.9523,101.6249,115.5274,97.0531,
2007-12-10,113.2286,100.8485,91.1345,145.5818,104.3194,102.0353,104.9211,101.3436,117.1629,96.1526,
2007-12-11,110.5983,98.3776,89.4251,139.8342,104.3095,102.0167,104.9035,101.3221,115.8105,97.1199,
2007-12-12,112.4831,99.0034,89.8154,143.5296,104.2901,101.7388,104.8791,100.9197,117.8233,98.9896,
2007-12-13,111.0753,99.3795,88.4847,140.4062,104.2715,101.754,104.8485,100.9838,115.5867,98.4263,
2007-12-14,109.8438,99.43,86.1579,138.8904,104.2827,101.8237,104.866,101.0656,117.1605,99.7229,
2007-12-17,107.9987,98.1753,84.8052,133.1924,104.3336,101.8566,104.9259,101.0956,116.7738,99.3628,
2007-12-18,108.9341,98.7235,86.3022,136.8492,104.3414,101.7771,104.9418,100.9639,118.4477,99.5082,
2007-12-19,108.2455,98.9227,85.8894,138.018,104.3969,101.9279,105.0057,101.1357,118.6718,100.3646,
2007-12-20,109.2234,99.9002,86.5218,139.2644,104.3939,101.9424,105.01,101.1554,118.2367,100.5019,
2007-12-21,110.3334,100.9525,87.4946,142.9152,104.3947,101.8865,105.0134,101.0823,119.9252,101.3917,
2007-12-24,110.8537,101.6392,87.2956,145.2424,104.4195,101.9233,105.0425,101.123,119.9109,101.238,
2007-12-25,110.8537,101.6392,87.2956,145.2424,104.4195,101.9233,105.0448,101.123,119.9109,101.238,
2007-12-26,110.4533,101.2178,87.1402,145.0788,104.4195,101.9233,105.047,101.123,121.2101,102.0129,
2007-12-27,109.6622,99.0839,85.027,140.5092,104.417,101.662,105.036,100.7544,120.2242,101.0438,
2007-12-28,109.9334,98.1365,85.3916,140.0401,104.446,101.8128,105.074,100.9636,121.4814,100.0088,
2007-12-31,109.6558,98.1902,86.27,139.4633,104.4745,101.8429,105.1094,100.9883,121.6574,100.8813,
2008-01-01,109.6558,98.1902,86.27,139.4633,104.4745,101.8429,105.1117,100.9883,121.6574,100.8813,
2008-01-02,108.3711,96.5646,85.2047,136.0826,104.5908,102.2308,105.2375,101.5016,124.2129,102.7395,
2008-01-03,108.5572,96.3348,85.3643,137.0464,104.6839,102.6563,105.3604,102.0505,125.0144,103.184,
2008-01-04,105.844,93.9102,83.1224,132.8398,104.7523,102.9852,105.4349,102.4819,124.2872,102.6524,
2008-01-07,106.3188,94.2901,83.0131,134.4686,104.7473,102.9825,105.4252,102.5021,124.3679,101.9778,
2008-01-08,99.4997,87.477,78.0964,125.8168,104.7263,102.9152,105.4096,102.4437,120.0561,97.4575,
2008-01-09,105.7995,93.8636,84.7363,137.9777,104.7939,103.1449,105.4918,102.7242,127.1434,103.4315,
2008-01-10,104.9073,93.6046,83.2478,138.312,104.7854,103.1435,105.487,102.7407,128.4412,102.0143,
2008-01-11,103.075,92.918,81.8996,134.5212,104.8297,103.2386,105.5419,102.8444,129.0169,102.8336,
2008-01-14,104.154,93.1699,82.4846,135.7751,104.9223,103.53,105.6635,103.2192,129.7227,103.9613,
2008-01-15,101.2708,91.5308,80.5523,130.2197,104.975,103.6729,105.7224,103.3957,128.0533,102.5907,
2008-01-16,100.2541,91.5967,79.824,125.976,105.031,103.7747,105.7915,103.4998,127.3638,102.1453,
2008-01-17,98.9571,89.3694,78.8545,122.5089,105.1143,103.9721,105.8871,103.7157,127.2787,102.2773,
2008-01-18,98.7989,88.5852,81.0482,125.4927,105.1791,104.1519,105.9718,103.9303,128.8264,102.8078,
2008-01-21,98.7989,88.5852,81.0482,125.4927,105.3295,104.5281,106.1697,104.3674,128.8264,102.8078,
2008-01-22,95.8356,87.5069,77.9059,122.0911,105.4209,104.4303,106.2865,104.1277,129.6657,100.6302,
2008-01-23,95.6323,89.706,78.2495,123.0012,105.5041,104.6003,106.3745,104.3527,129.394,99.0743,
2008-01-24,97.4795,89.5936,78.7803,124.1847,105.293,104.0935,106.1127,103.8029,131.3433,100.4269,
2008-01-25,96.0961,88.8956,80.5394,123.1214,105.2208,103.8312,106.0216,103.4636,132.553,102.1046,
2008-01-28,97.3728,89.6747,79.4749,125.2033,105.3819,104.3654,106.2352,104.109,133.6518,102.4222,
2008-01-29,97.9285,90.2176,80.9093,124.7258,105.3505,104.2262,106.1781,103.9517,132.9231,102.9954,
2008-01-30,96.9608,89.1966,80.2032,122.5932,105.3374,104.0341,106.1647,103.6898,133.7147,103.0085,
2008-01-31,98.0349,90.6156,81.1039,124.7649,105.4738,104.5839,106.3289,104.3916,132.4528,103.1785,
2008-02-01,99.8254,92.4786,82.1652,127.813,105.4654,104.5854,106.3167,104.3968,130.0518,102.5705,
2008-02-04,98.5251,91.1395,81.7539,127.9638,105.4902,104.6802,106.3442,104.5173,129.4422,103.3832,
2008-02-05,95.1838,89.8502,80.0304,122.6454,105.6369,105.2001,106.5474,105.1448,129.032,103.794,
2008-02-06,95.862,89.2545,79.1077,120.8099,105.6615,105.105,106.5568,105.0036,131.0887,104.3371,
2008-02-07,95.639,90.7024,80.321,124.0311,105.7895,105.3447,106.7236,105.2597,133.679,106.5271,
2008-02-08,88.4365,83.7994,72.8007,115.1145,105.8682,105.4135,106.815,105.2956,125.8943,101.8484,
2008-02-11,95.6195,90.4363,78.9513,125.1321,105.9109,105.5772,106.8673,105.5023,135.6645,109.3018,
2008-02-12,96.7977,90.7744,79.6885,126.4531,105.8553,105.1756,106.7981,104.9733,131.9662,107.1397,
2008-02-13,98.2488,91.8655,79.2442,129.5262,105.832,105.0275,106.7639,104.7853,132.3638,107.5823,
2008-02-14,96.9714,90.5096,79.5445,127.0914,105.7885,104.7704,106.7188,104.4267,131.9652,108.9032,
2008-02-15,96.4682,90.2922,80.3397,127.7189,105.8563,105.0501,106.7762,104.8413,130.8553,108.7905,
2008-02-18,96.4682,90.2922,80.3397,127.7189,105.7971,104.7446,106.7034,104.4508,130.8553,108.7905,
2008-02-19,97.4958,90.2152,80.8183,128.917,105.7967,104.7254,106.7054,104.4173,133.9309,111.274,
2008-02-20,97.3964,90.5241,79.1826,130.0544,105.7607,104.6415,106.6537,104.3303,136.4228,111.6645,
2008-02-21,96.9646,89.2137,79.2664,127.4356,105.6554,104.3319,106.5243,103.9614,135.5898,111.2359,
2008-02-22,97.5567,89.6966,79.847,129.05,105.6916,104.5665,106.572,104.2832,135.6927,112.514,
2008-02-25,98.9196,90.767,81.4547,131.3657,105.7375,104.5501,106.6234,104.2508,134.6584,113.0569,
2008-02-26,99.8465,90.471,81.4695,131.6791,105.6956,104.2447,106.5727,103.8314,134.6134,113.7883,
2008-02-27,99.1542,89.6502,80.3734,131.719,105.7704,104.3985,106.6642,104.0117,135.052,112.5757,
2008-02-28,98.0124,88.3196,79.0882,129.6352,105.829,104.6653,106.732,104.3648,136.0751,113.9984,
2008-02-29,95.643,86.3738,78.1728,124.5141,105.9745,105.2916,106.9161,105.1482,136.3797,113.2346,
2008-03-03,95.3951,86.1214,78.0689,125.1253,105.9803,105.4752,106.9066,105.464,137.8094,115.1736,
2008-03-04,94.5589,85.7364,76.2107,122.1396,105.9382,105.3563,106.8464,105.3381,134.8018,112.7043,
2008-03-05,95.2513,85.9,76.3112,124.1588,105.9255,105.1505,106.7929,105.1118,137.7929,114.7313,
2008-03-06,93.3719,83.5308,75.0973,119.0593,105.8997,105.1554,106.7688,105.1742,135.1164,112.7672,
2008-03-07,92.7916,82.935,74.2251,117.7882,105.9176,105.1657,106.7659,105.2356,134.9729,110.3951,
2008-03-10,91.8271,81.8153,73.8923,115.6837,105.9857,105.4049,106.8567,105.5466,134.6205,112.3744,
2008-03-11,94.7087,84.7503,76.05,123.4567,105.878,105.2068,106.7335,105.3285,134.7807,113.0335,
2008-03-12,93.5977,82.8874,75.0805,119.6247,105.8759,105.3005,106.7299,105.4641,134.4763,112.4184,
2008-03-13,93.5307,82.6341,74.9288,117.9123,105.967,105.5413,106.8188,105.7763,135.6039,112.2639,
2008-03-14,91.3633,81.3752,69.9723,113.7623,105.9478,105.4257,106.799,105.6281,136.1503,110.7338,
2008-03-17,89.073,79.8872,71.3804,110.0349,106.0971,105.6606,106.9848,105.8735,135.6547,104.0801,
2008-03-18,92.2909,83.6843,73.8488,116.4215,106.0026,105.3112,106.8808,105.414,132.7611,107.0708,
2008-03-19,88.9418,81.7111,71.6965,109.5638,105.9325,105.2596,106.7977,105.3463,128.1573,102.0257,
2008-03-20,90.8792,84.2853,73.9607,112.8291,105.8382,105.1488,106.6868,105.2136,125.4244,101.6637,
2008-03-21,90.8792,84.2853,73.9607,112.8291,105.8382,105.1488,106.6891,105.2136,125.4244,101.6637,
2008-03-24,92.8622,86.0099,76.267,117.2087,105.8382,105.1488,106.6913,105.2136,125.7477,103.4928,
2008-03-25,93.3713,85.1162,76.191,117.658,105.769,104.7922,106.6094,104.7232,127.95,105.104,
2008-03-26,92.1206,82.9485,74.5714,115.1402,105.7616,104.6796,106.5822,104.6171,127.6928,104.59,
2008-03-27,92.436,82.7393,74.3789,114.6562,105.8086,104.6233,106.6543,104.5318,127.3104,105.1366,
2008-03-28,92.7338,82.2239,74.9301,114.8361,105.785,104.4735,106.6268,104.3105,125.5798,104.078,
2008-03-31,93.4168,82.5271,74.4029,115.537,105.8282,104.6477,106.6781,104.5433,123.594,102.0696,
2008-04-01,95.9698,85.4287,76.5683,119.9735,105.7826,104.4877,106.6296,104.3188,118.741,100.7397,
2008-04-02,96.6918,85.9215,76.8383,120.6724,105.7837,104.5084,106.6202,104.3426,122.6586,104.3117,
2008-04-03,96.9361,86.1946,77.2543,122.2258,105.8062,104.3625,106.6488,104.1264,122.9495,103.3303,
2008-04-04,96.8598,85.7185,76.972,121.1931,105.8481,104.6196,106.7076,104.4711,123.5405,104.3703,
2008-04-07,97.547,85.9365,77.6714,123.0524,105.8269,104.3597,106.6853,104.0925,125.0532,105.4662,
2008-04-08,97.5179,86.5483,77.1485,123.3769,105.836,104.3033,106.697,104.0149,124.9386,105.8886,
2008-04-09,95.6637,84.5863,74.811,119.5667,105.8674,104.2694,106.7296,103.9536,125.6372,106.858,
2008-04-10,95.8219,85.1456,74.9596,121.9104,105.9237,104.6386,106.7922,104.4729,125.5797,107.0149,
2008-04-11,93.62,83.0711,75.0601,119.3163,105.9667,104.9014,106.85,104.8328,124.3052,105.8119,
2008-04-14,93.8186,82.7751,74.5667,119.0111,105.9618,104.7683,106.8278,104.6883,124.0229,106.3712,
2008-04-15,94.484,83.173,75.2912,120.7039,105.9097,104.4218,106.7725,104.199,125.0796,107.8617,
2008-04-16,96.5093,84.5054,76.8551,122.9343,105.8825,104.2491,106.737,103.9627,125.9044,107.8807,
2008-04-17,95.5846,84.9274,75.9937,122.4733,105.8325,103.8352,106.6773,103.37,125.3866,108.4753,
2008-04-18,97.6262,86.7305,78.9142,125.6506,105.7116,103.4568,106.5488,102.8394,124.0704,109.1683,
2008-04-21,96.9644,85.8036,77.7931,124.8751,105.7659,103.6067,106.6116,103.0361,122.1815,106.6959,
2008-04-22,95.5795,85.0194,75.9409,123.1285,105.5961,103.3525,106.4868,102.7058,121.6272,107.5154,
2008-04-23,96.5488,85.4932,77.322,125.7962,105.6922,103.5082,106.5772,102.9086,121.0754,108.5018,
2008-04-24,97.227,86.9057,77.6542,125.6871,105.7217,103.4794,106.6004,102.8681,119.7949,108.2125,
2008-04-25,98.5872,87.974,79.4034,126.9927,105.731,103.4821,106.6077,102.8706,120.2245,109.0577,
2008-04-28,98.2546,87.9034,80.7759,126.6213,105.7857,103.3949,106.6546,102.7376,120.6803,109.2648,
2008-04-29,98.1773,88.0396,80.4903,125.0649,105.8431,103.6165,106.7154,103.0359,118.7437,107.5783,
2008-04-30,98.0922,87.2126,80.5712,127.192,105.8555,103.8165,106.7366,103.3062,119.4843,107.5352,
2008-05-01,98.9415,89.0167,81.2993,128.5449,105.8555,103.8165,106.7388,103.3062,115.8163,104.0139,
2008-05-02,100.1887,90.3504,82.1057,131.3577,105.834,103.5049,106.7258,102.8427,118.051,107.8781,
2008-05-05,99.9676,89.5443,81.8884,130.7182,105.8683,103.7147,106.7628,103.1295,119.9118,109.2066,
2008-05-06,100.5646,90.1003,82.0552,131.8565,105.9699,104.0997,106.8766,103.6676,120.1192,109.5985,
2008-05-07,99.7005,89.363,81.8123,129.1863,105.9508,103.8457,106.8564,103.3071,120.1626,111.2348,
2008-05-08,100.1046,88.6772,81.7621,129.8494,105.9934,104.164,106.9149,103.7551,121.5269,111.2934,
2008-05-09,99.4815,88.3637,80.3407,128.5742,106.0638,104.5746,106.9922,104.3357,121.5742,112.2575,
2008-05-12,100.1387,89.0682,80.3867,129.8077,106.049,104.4866,106.973,104.2002,120.5865,110.8675,
2008-05-13,99.8689,89.4436,80.7752,130.9578,105.9593,104.0621,106.8807,103.6029,118.8505,111.979,
2008-05-14,99.7954,89.674,81.5518,131.3399,105.9084,103.7442,106.841,103.1536,118.6466,111.4266,
2008-05-15,101.45,90.9019,83.2426,134.2916,105.8428,103.4914,106.7793,102.8074,121.2956,111.5237,
2008-05-16,101.6178,90.1385,82.7722,134.7364,105.8419,103.5121,106.7792,102.8128,123.068,111.2086,
2008-05-19,101.6635,90.7811,83.0128,135.3531,105.8891,103.6193,106.8341,102.9562,124.0097,110.6332,
2008-05-20,100.024,89.3193,81.6173,131.9341,105.8811,103.6327,106.8236,102.9757,125.0882,111.2309,
2008-05-21,97.8877,87.0634,79.484,129.4846,105.7964,103.211,106.7414,102.3892,125.4732,112.162,
2008-05-22,100.0461,87.3866,80.9123,130.3256,105.7353,103.0239,106.6966,102.1207,124.579,110.8971,
2008-05-23,98.0147,85.925,79.9794,127.6209,105.7226,103.1201,106.6906,102.2575,124.5007,111.6356,
2008-05-26,98.0147,85.925,79.9794,127.6209,105.7619,103.0789,106.7235,102.1852,124.5007,111.6356,
2008-05-27,98.3299,87.081,80.7008,128.1792,105.7863,103.035,106.7508,102.1123,122.6802,110.5189,
2008-05-28,99.0957,87.6779,79.9725,130.1955,105.7721,102.7939,106.7399,101.7589,122.6509,111.4679,
2008-05-29,99.2874,88.9021,81.5998,131.6414,105.6962,102.2595,106.6769,101.0172,120.0907,109.0662,
2008-05-30,99.265,88.9929,82.5773,131.9006,105.7269,102.5643,106.703,101.4424,121.2166,110.4055,
2008-06-02,98.0075,88.0448,82.7332,130.2889,105.7973,102.7311,106.7743,101.6569,121.8837,111.1446,
2008-06-03,98.2692,88.0743,83.1851,128.7294,105.7235,102.3376,106.7158,101.1212,121.1339,110.6981,
2008-06-04,97.4108,88.1303,84.2628,127.7529,105.7971,102.6815,106.7811,101.5871,120.9514,110.587,
2008-06-05,98.3417,88.9909,84.0864,130.4953,105.5316,102.0398,106.5072,100.7605,119.4617,111.9815,
2008-06-06,94.5171,85.0823,80.0995,124.2049,105.4179,102.0135,106.1035,101.1378,121.5393,113.9922,
2008-06-09,95.2078,86.0597,80.9451,125.0078,105.3913,101.6248,106.0404,100.6173,121.1652,113.2315,
2008-06-10,94.7907,86.6253,80.1072,123.5413,105.4829,101.4701,106.1663,100.2729,119.1727,113.8343,
2008-06-11,92.7748,84.8361,78.4666,120.9588,105.5617,101.5603,106.2785,100.3544,120.4893,116.1954,
2008-06-12,93.1766,85.6931,78.7747,122.4271,105.5405,101.2629,106.2546,99.9297,119.2663,116.9409,
2008-06-13,94.5278,87.2958,80.0478,124.4906,105.5226,101.0257,106.2351,99.5666,120.3023,118.1178,
2008-06-16,94.3573,86.755,80.2403,124.0672,105.4412,100.7475,106.1199,99.2268,121.1296,117.9944,
2008-06-17,94.3134,86.0676,80.5415,124.2069,105.5274,101.0215,106.2308,99.5555,121.0878,118.338,
2008-06-18,93.2375,85.1409,79.6037,123.4761,105.5559,101.1539,106.2703,99.6952,122.3899,119.8334,
2008-06-19,93.269,85.4037,79.504,123.8928,105.5151,100.9496,106.2106,99.4417,122.8068,117.8894,
2008-06-20,90.894,83.3829,76.2956,118.943,105.5933,101.2327,106.3113,99.7794,122.6098,118.122,
2008-06-23,91.1231,83.8641,77.3614,120.097,105.6749,101.4123,106.4152,100.0009,120.8583,119.0732,
2008-06-24,90.5037,83.4449,76.5185,119.2027,105.7294,101.4284,106.4928,99.9809,121.0182,117.922,
2008-06-25,90.9546,83.2832,77.1654,120.7831,105.6972,101.3438,106.4582,99.9083,120.1468,116.8056,
2008-06-26,88.2978,80.6148,74.8438,116.054,105.7493,101.6268,106.5206,100.3167,123.9064,119.3127,
2008-06-27,88.4608,80.1748,75.267,117.1762,105.8096,101.7842,106.5893,100.5517,125.0824,119.2462,
2008-06-30,89.1433,80.4729,75.4022,118.0858,105.7201,101.3021,106.4716,99.9128,125.0103,118.9361,
2008-07-01,87.8661,80.7244,75.7045,115.9802,105.7718,101.6824,106.5254,100.4584,126.7337,119.9341,
2008-07-02,85.9985,78.7013,73.4746,111.7654,105.7158,101.2194,106.4515,99.7974,126.4036,120.6497,
2008-07-03,88.0502,79.6755,74.5502,112.7095,105.868,101.6913,106.6284,100.3844,126.3136,121.2333,
2008-07-04,88.0502,79.6755,74.5502,112.7095,105.9299,101.9628,106.7223,100.7523,126.3136,121.2333,
2008-07-07,86.4681,78.7615,74.4554,112.1651,106.015,102.3827,106.8138,101.3345,125.0156,117.8464,
2008-07-08,89.5248,82.1788,76.0199,116.4019,106.0343,102.4315,106.8373,101.3968,127.6442,117.722,
2008-07-09,86.3811,78.5375,72.8675,111.1379,106.0147,102.4691,106.8224,101.4592,125.2595,114.8479,
2008-07-10,86.4237,78.6127,73.3041,112.797,106.0537,102.5918,106.8773,101.6005,127.6395,116.664,
2008-07-11,83.8182,76.8983,71.5954,110.8904,106.0948,102.6598,106.9226,101.6774,128.5295,116.4178,
2008-07-14,83.7069,76.4812,72.3363,111.1574,106.1527,102.674,106.9912,101.6692,130.0156,115.9033,
2008-07-15,82.7356,75.3647,71.1015,109.2478,106.2454,102.9617,107.1063,102.0141,130.3018,113.2576,
2008-07-16,84.3554,77.5903,73.2532,112.9493,106.2245,102.7306,107.0845,101.6784,128.5803,112.8318,
2008-07-17,86.1726,78.1991,72.7363,113.2352,106.1946,102.4275,107.0485,101.2387,128.0068,109.204,
2008-07-18,87.1689,78.6963,72.4452,112.2728,106.0954,101.9231,106.9277,100.5797,127.9551,107.9951,
2008-07-21,87.1493,78.4429,72.1719,113.2356,106.0089,101.5169,106.8097,100.0533,128.7582,107.8675,
2008-07-22,87.849,79.9451,73.6938,114.179,106.0733,101.6352,106.8877,100.1813,126.942,106.6265,
2008-07-23,88.6658,80.8881,74.6472,115.0698,106.0646,101.4615,106.8792,99.9246,124.3297,105.2502,
2008-07-24,86.6952,79.228,74.604,110.8431,106.2166,102.0072,107.0599,100.5931,125.4025,104.7073,
2008-07-25,87.3558,79.2886,73.8282,111.715,106.2374,102.1653,107.0912,100.8434,126.0232,104.4447,
2008-07-28,85.7938,77.7868,72.6607,109.3496,106.3251,102.3665,107.201,101.0569,125.5308,104.6736,
2008-07-29,87.4314,80.2143,73.7895,116.5223,106.3548,102.5435,107.2344,101.3198,125.167,104.5747,
2008-07-30,88.3664,81.7339,74.5438,115.437,106.4022,102.8246,107.2919,101.7015,123.8255,106.3893,
2008-07-31,87.4466,80.5524,73.2905,112.7094,106.4482,103.1336,107.3338,102.1331,124.4449,105.5008,
2008-08-01,86.2938,80.1269,72.2522,111.9448,106.4589,103.3021,107.3593,102.382,123.7403,105.148,
2008-08-04,86.1429,79.3838,70.4199,108.5174,106.5073,103.3809,107.4042,102.4709,121.7648,101.2169,
2008-08-05,88.421,81.5241,72.0079,109.9148,106.5336,103.5588,107.4436,102.7143,118.9189,100.2761,
2008-08-06,88.5034,81.8861,71.5804,112.103,106.5465,103.5763,107.4636,102.7417,119.6926,100.2089,
2008-08-07,86.884,80.6667,69.9924,108.2537,106.7178,104.0894,107.6695,103.3864,118.9327,100.6457,
2008-08-08,90.1253,85.1367,73.5992,112.4415,106.7696,104.2724,107.7508,103.6245,120.8572,100.6993,
2008-08-11,90.04,86.0186,74.0422,111.2668,106.7758,104.1803,107.7446,103.5004,116.1334,100.6471,
2008-08-12,89.3574,85.1236,73.5359,110.338,106.8139,104.3992,107.7963,103.7846,115.2602,99.7593,
2008-08-13,87.8074,84.6102,72.2702,110.3106,106.8577,104.4489,107.8498,103.8275,116.7489,102.6489,
2008-08-14,87.2955,85.2486,71.8272,111.7585,106.8828,104.5336,107.8861,103.9307,113.5854,101.587,
2008-08-15,86.8405,85.6632,71.321,110.0101,106.8937,104.5739,107.8926,103.9917,111.1233,99.8289,
2008-08-18,86.8405,85.6632,71.321,110.0101,106.9586,104.8294,107.9737,104.3281,111.1233,99.8289,
2008-08-19,86.8405,85.6632,71.321,110.0101,107.0392,105.1055,108.0636,104.6884,111.1233,99.8289,
2008-08-20,86.8405,85.6632,71.321,110.0101,107.012,105.0471,108.0263,104.6259,111.1233,99.8289,
2008-08-21,86.8405,85.6632,71.321,110.0101,106.925,104.56,107.9179,103.986,111.1233,99.8289,
2008-08-22,86.8405,85.6632,71.321,110.0101,106.889,104.344,107.8701,103.6924,111.1233,99.8289,
2008-08-25,,85.6632,71.321,110.0101,107.003,104.83,108.0128,104.3227,111.1233,99.8289,
2008-08-26,87.8444,85.6632,71.321,110.0101,107.0839,105.0681,108.1034,104.6345,111.1233,99.8289,
2008-08-27,88.121,86.0396,71.2589,111.7608,106.9762,104.4853,107.9678,103.87,110.7126,100.0724,
2008-08-28,89.4709,87.1523,71.883,112.6278,106.9258,104.3085,107.8992,103.6276,111.9174,98.3228,
2008-08-29,89.3696,86.4689,72.1578,111.6214,106.9875,104.4434,107.9792,103.7402,111.6048,97.9052,
2008-09-01,89.3696,86.4689,72.1578,111.6214,107.109,104.8998,108.1305,104.3309,111.6048,97.9052,
2008-09-02,88.5992,86.8495,71.9697,109.4053,107.0462,104.5003,108.061,103.798,109.3318,95.7189,
2008-09-03,88.9001,86.9538,72.4383,107.8243,107.078,104.738,108.1047,104.145,109.1284,95.3537,
2008-09-04,86.1076,85.6431,71.2196,104.4507,107.1031,104.9494,108.133,104.4645,110.1175,96.2604,
2008-09-05,85.4778,85.8524,71.1698,105.8672,107.2142,105.573,108.2579,105.3256,110.8687,94.792,
2008-09-08,82.2982,83.1126,69.1688,101.6644,107.1943,105.2062,108.2375,104.794,104.9988,89.6145,
2008-09-09,85.2434,85.7841,71.5435,102.0737,107.2032,105.0921,108.2478,104.6218,108.3329,93.2656,
2008-09-10,86.72,87.1449,73.3135,104.9404,107.2424,105.1734,108.2948,104.7087,106.3538,94.2032,
2008-09-11,86.539,88.3303,72.8533,103.3026,107.3124,105.425,108.3826,105.0385,104.6309,93.1702,
2008-09-12,86.965,87.2183,72.0613,104.9211,107.2823,105.0711,108.3326,104.5552,106.3143,93.1347,
2008-09-15,82.9337,82.8989,69.8989,96.4833,107.5063,105.6086,108.6003,105.1839,108.9205,91.2837,
2008-09-16,82.69,85.085,69.9048,98.2364,107.6284,105.8265,108.7326,105.3925,108.8609,89.4409,
2008-09-17,79.1199,80.1578,66.4967,90.0278,107.5394,105.3598,108.6013,104.7964,119.5096,91.6922,
2008-09-18,82.4861,82.6769,69.5936,97.7846,107.5268,105.1962,108.5804,104.6379,115.9872,90.3295,
2008-09-19,87.6279,85.2865,72.7804,109.0992,107.384,104.5518,108.4207,103.758,119.4976,92.3102,
2008-09-22,84.0151,81.226,68.4754,99.3754,107.3272,104.1101,108.3736,103.1428,120.7785,92.839,
2008-09-23,82.2595,79.9347,68.3242,96.9556,107.4255,104.3563,108.4617,103.4521,120.4526,92.6834,
2008-09-24,82.3615,80.5185,69.5543,98.4693,107.5744,104.7624,108.6377,103.9173,118.7399,92.117,
2008-09-25,84.6213,81.7286,70.7165,103.4648,107.5937,104.6228,108.6521,103.7108,118.3128,92.5339,
2008-09-26,83.7856,82.0099,70.5433,100.2403,107.7347,104.9261,108.8414,104.0474,118.9218,91.8253,
2008-09-29,76.018,76.6638,66.0079,89.7983,107.9711,105.3375,109.1358,104.4618,124.7007,87.0989,
2008-09-30,81.0192,81.518,70.1623,99.1149,108.1232,105.5464,109.2486,104.6873,120.9297,90.2818,
2008-10-01,81.0248,82.0341,69.7033,100.8782,108.1532,105.5363,109.2834,104.5763,122.9085,90.1642,
2008-10-02,78.6978,80.2506,67.7308,93.427,108.2657,105.8275,109.4778,104.8396,119.4796,87.3574,
2008-10-03,78.6119,79.2995,66.4979,91.1212,108.4765,106.3907,109.7458,105.4222,120.0572,86.142,
2008-10-06,75.7892,76.8208,65.6781,86.0164,108.6618,106.9792,110.0073,106.11,125.0539,83.1009,
2008-10-07,71.6561,72.9314,62.8865,78.84,108.8046,106.9618,110.0082,106.1029,128.6982,84.4643,
2008-10-08,63.538,64.5869,55.0215,71.6238,108.8661,107.0961,110.3632,106.0675,119.799,76.2546,
2008-10-09,65.3559,66.0804,57.723,72.9787,108.8608,106.3785,110.2306,105.0984,132.4795,82.3867,
2008-10-10,64.8304,65.4403,56.0227,74.9229,108.9426,106.2445,110.3528,104.8399,124.4666,79.1383,
2008-10-13,72.8132,73.7101,63.8199,90.4705,108.9149,105.7114,110.2797,104.1269,120.6111,80.5201,
2008-10-14,72.1741,72.6399,63.4975,85.9926,108.8519,105.7763,110.1072,104.4911,120.9546,80.6156,
2008-10-15,64.8795,66.3368,57.6256,73.0245,108.8227,105.7892,110.169,104.573,124.1755,77.5822,
2008-10-16,68.005,68.8643,60.9364,76.3517,108.9415,106.0029,110.3227,104.7488,117.7801,76.6217,
2008-10-17,67.1169,68.7947,60.4111,74.3264,109.1037,106.759,110.5016,105.7756,115.2628,77.3721,
2008-10-20,71.0455,73.5289,65.7177,80.1908,109.0682,106.5547,110.4637,105.4845,118.1544,78.8073,
2008-10-21,67.9442,72.7107,64.5711,75.2273,109.1019,106.8822,110.5649,105.9094,116.6458,78.8729,
2008-10-22,64.3645,70.0623,61.821,68.5905,109.247,107.4362,110.72,106.6717,112.116,76.3311,
2008-10-23,64.5368,70.1718,63.287,69.8061,109.2971,107.5393,110.7593,106.7424,109.3644,75.613,
2008-10-24,62.2497,68.2747,60.9723,64.166,109.3727,107.6131,110.7821,106.7704,114.5675,74.8207,
2008-10-27,59.9164,66.7242,58.0591,63.3112,109.4749,107.6688,110.894,106.8381,116.0387,76.3478,
2008-10-28,65.2887,72.5177,63.3793,74.5054,109.5458,107.6719,110.9304,106.7701,115.4375,75.606,
2008-10-29,66.4143,71.1572,61.2127,71.3069,109.5174,107.522,110.8857,106.6284,114.4241,78.7309,
2008-10-30,68.3319,74.1406,64.9633,81.5039,109.4809,107.367,110.8965,106.3953,113.2263,76.4874,
2008-10-31,70.2867,75.5233,65.7396,81.8612,109.5494,107.2466,110.9617,106.2018,112.5454,78.6343,
2008-11-03,70.2627,76.2458,66.6183,81.6608,109.5004,107.1516,110.9432,106.0351,112.9133,78.3358,
2008-11-04,70.2627,76.6145,68.3133,86.6019,109.5313,107.3484,110.9852,106.3161,116.4902,79.5318,
2008-11-05,69.3759,73.7691,67.2254,75.9656,109.5186,107.5301,110.9887,106.6088,112.9274,77.7012,
2008-11-06,66.1446,70.9057,62.4867,73.4029,109.6316,107.7259,111.1314,106.8226,113.9959,75.9153,
2008-11-07,69.8999,73.1371,66.0419,79.2426,109.7096,108.1151,111.2249,107.3351,114.2664,75.8404,
2008-11-10,67.918,71.9869,66.4486,79.7698,109.7395,108.1748,111.2482,107.405,115.6604,76.9754,
2008-11-11,67.433,71.0574,64.8633,76.1846,109.8422,108.3111,111.364,107.5683,115.3547,75.5021,
2008-11-12,63.9108,68.2411,63.3724,70.855,110.0274,108.3457,111.5284,107.6632,112.5845,73.6669,
2008-11-13,63.9108,70.6264,65.9466,70.855,110.0782,108.4288,111.573,107.8063,113.0512,72.7913,
2008-11-14,64.6209,68.1229,63.3413,72.124,110.021,108.5574,111.5322,108.032,116.601,73.6638,
2008-11-17,63.0775,66.9687,62.9591,70.6594,110.1348,108.5588,111.6402,107.9636,115.1375,72.7261,
2008-11-18,63.2312,68.2681,62.9941,69.6633,110.1574,108.7005,111.6609,108.135,114.9796,72.4539,
2008-11-19,59.6017,64.5661,59.5767,64.315,110.2327,108.8824,111.7336,108.3499,115.7893,72.6045,
2008-11-20,56.3753,60.0916,58.1785,60.0228,110.4193,109.3539,111.9385,108.9051,118.3232,70.4107,
2008-11-21,58.7543,62.569,61.0136,67.8394,110.3931,109.3756,111.8752,108.9731,125.4896,70.169,
2008-11-24,61.6746,65.2121,62.2713,70.1433,110.4119,109.4732,111.7694,109.2107,125.5109,71.4143,
2008-11-25,62.2076,65.1088,61.4308,68.1997,110.3333,109.5819,111.7072,109.3641,124.3291,69.6591,
2008-11-26,63.5547,68.3316,63.2238,74.1745,110.375,109.7897,111.7846,109.6,124.8675,72.1867,
2008-11-27,63.5547,68.3316,63.2238,74.1745,110.3824,109.6895,111.8015,109.4326,124.8675,72.1867,
2008-11-28,65.1184,70.2887,63.2762,73.9014,110.4689,109.8618,111.9031,109.5975,126.7366,72.0087,
2008-12-01,59.7696,64.5654,60.0907,67.309,110.5103,110.1466,111.9493,109.972,120.3195,69.634,
2008-12-02,62.2794,66.4479,62.543,70.9176,110.5269,110.3087,111.9218,110.2495,121.2877,68.4647,
2008-12-03,63.0296,68.0739,63.1533,71.5265,110.6091,110.6007,112.0155,110.5829,120.1244,68.1436,
2008-12-04,60.7436,66.1552,60.3572,68.1157,110.6474,110.6011,112.0805,110.5143,118.4364,64.795,
2008-12-05,62.0424,68.5007,61.5763,72.4724,110.5329,110.3153,111.979,110.2111,117.4232,62.8137,
2008-12-08,55.284,60.4327,54.8545,65.7265,110.4673,109.915,111.8796,109.6851,102.355,55.8302,
2008-12-09,63.6214,68.5959,62.8771,74.8113,110.3694,109.5718,111.748,109.2973,118.3297,63.1349,
2008-12-10,64.6876,68.5965,63.8066,78.7356,110.4161,109.6362,111.8508,109.3722,122.7957,63.9224,
2008-12-11,63.1064,65.3581,62.0857,74.9065,110.4731,109.6104,111.9598,109.2146,121.2386,63.5745,
2008-12-12,63.2813,66.0195,63.3635,75.8128,110.5216,109.6919,112.0472,109.2661,121.2605,63.4231,
2008-12-15,61.9042,63.4739,61.4424,72.9344,110.5284,109.5401,112.0332,109.0711,120.8513,61.4066,
2008-12-16,63.9912,64.7318,62.8786,76.7066,110.5849,109.9593,112.1476,109.5934,120.357,60.9501,
2008-12-17,62.2446,62.5633,61.2379,73.5567,110.8025,110.7714,112.4119,110.6355,118.812,59.0903,
2008-12-18,60.4411,61.8899,59.5899,72.5196,110.8411,110.8856,112.489,110.849,117.5835,58.7897,
2008-12-19,60.8202,63.2478,60.894,74.6952,110.9064,111.0885,112.5545,111.1349,118.8983,59.5944,
2008-12-22,60.1243,62.2896,60.6169,71.7356,110.9537,111.1392,112.6001,111.1884,119.8084,59.4003,
2008-12-23,60.354,61.7394,59.6688,71.2498,110.9677,111.2575,112.6741,111.3254,118.7973,59.721,
2008-12-24,61.039,61.7827,60.1006,71.3915,110.975,111.2712,112.6867,111.34,119.3819,59.3122,
2008-12-25,61.039,61.7827,60.1006,71.3915,110.975,111.2712,112.6891,111.34,119.3819,59.3122,
2008-12-26,60.598,62.059,61.1569,71.063,110.975,111.2712,112.6916,111.34,122.2851,59.7815,
2008-12-29,60.793,61.8281,61.571,70.8841,111.0629,111.2935,112.7453,111.3435,123.251,60.4515,
2008-12-30,62.254,62.8413,62.8512,72.2542,111.0471,111.269,112.7715,111.2895,121.7326,59.9671,
2008-12-31,63.3967,64.4684,64.1064,74.0606,111.0524,111.2779,112.788,111.2928,124.0155,62.1553,
2009-01-01,63.3967,64.4684,64.1064,74.0606,111.0524,111.2779,112.7904,111.2928,124.0155,62.1553,
2009-01-02,64.8678,66.6836,64.705,77.9079,111.1324,111.2662,112.8624,111.2291,124.1061,64.4671,
2009-01-05,65.4904,67.9567,64.3731,80.5225,111.1856,111.3344,112.927,111.3137,124.0556,66.192,
2009-01-06,67.3461,69.0985,64.3973,83.1739,111.1525,110.6587,112.8861,110.3901,126.2674,68.5392,
2009-01-07,65.6244,66.5314,63.3011,77.8046,111.3083,110.9859,113.1192,110.7875,121.8269,65.5454,
2009-01-08,65.9281,66.3737,63.7822,76.9718,111.3981,111.2187,113.2423,111.051,123.5456,64.1149,
2009-01-09,64.5481,66.1301,63.8266,76.6729,111.5575,111.5892,113.445,111.4833,124.9822,65.6999,
2009-01-12,63.3638,65.0002,63.5098,73.9588,111.5933,111.5939,113.4623,111.5101,121.1305,63.1356,
2009-01-13,62.8272,65.8993,63.0654,75.064,111.6228,111.491,113.4723,111.3767,122.7626,64.1345,
2009-01-14,59.9415,63.754,61.1535,71.3397,111.6351,111.5932,113.535,111.3767,120.9707,63.221,
2009-01-15,60.649,64.0624,62.2096,72.4786,111.6476,111.6855,113.5595,111.1221,122.4264,63.4292,
2009-01-16,60.1942,63.9126,62.0049,72.528,111.6343,111.3315,113.5439,110.6666,124.69,63.4586,
2009-01-19,60.1942,63.9126,62.0049,72.528,111.6487,111.1574,113.6081,110.5929,124.69,63.4586,
2009-01-20,57.0753,62.4517,61.205,69.2523,111.7031,110.928,113.6142,110.6867,131.4445,63.8922,
2009-01-21,59.2306,64.5473,63.3011,72.3429,111.7546,110.5895,113.6507,110.0435,129.66,64.2513,
2009-01-22,57.9084,63.5406,61.7105,69.9425,111.835,110.4704,113.7427,110.0435,130.3057,62.8191,
2009-01-23,57.6853,64.0229,61.7653,71.0636,111.8959,110.4577,113.9974,107.96,136.831,64.4692,
2009-01-26,58.1466,63.353,60.6317,70.6582,111.6617,109.532,113.6929,107.4509,135.1149,64.4457,
2009-01-27,58.7749,63.88,62.4325,71.7846,111.6445,109.7727,113.6975,108.7104,134.0047,62.3105,
2009-01-28,61.2511,66.3564,63.8684,75.7839,111.7524,110.5019,113.8258,108.7104,133.1815,62.8706,
2009-01-29,59.3058,65.2681,62.4726,73.1349,111.8124,110.7018,113.9314,110.5728,138.619,63.9548,
2009-01-30,59.4843,64.4433,61.4337,73.1611,111.8849,110.6518,113.9847,110.1039,142.5348,64.2271,
2009-02-02,58.7933,64.3594,61.5393,72.5427,111.9097,111.0685,114.048,110.9346,138.9177,63.7403,
2009-02-03,60.0119,64.2707,61.7535,73.5741,111.9967,111.206,114.1569,110.6867,136.2348,63.0174,
2009-02-04,59.9732,64.7383,63.091,75.0224,111.9395,111.0095,114.1091,110.7872,139.008,63.9803,
2009-02-05,61.6301,66.0328,63.1896,76.9889,112.0803,111.3981,114.2671,110.7537,141.1811,64.9977,
2009-02-06,62.5013,67.2004,62.887,79.9964,112.1021,111.2289,114.278,110.3316,138.8751,65.2693,
2009-02-09,62.9353,67.127,61.5767,79.3829,112.0761,111.3111,114.2886,110.0168,136.5684,64.9557,
2009-02-10,59.7554,64.2753,59.6182,74.8435,112.0814,111.4849,114.2843,109.8694,139.9772,63.8055,
2009-02-11,60.454,64.8855,60.1222,77.3668,112.1468,111.8949,114.3537,110.2512,143.717,63.8226,
2009-02-12,60.4721,64.8167,59.9429,76.7469,112.2289,112.1702,114.4378,110.4589,144.8297,63.1155,
2009-02-13,59.9246,64.2434,58.4592,77.2821,112.2132,111.7916,114.4103,110.4455,144.1441,62.6234,
2009-02-16,59.9246,64.2434,58.4592,77.2821,112.3132,111.8625,114.4667,110.3182,144.1441,62.6234,
2009-02-17,57.6785,62.8841,57.7717,73.9849,112.3611,112.0734,114.5442,110.6867,152.0175,61.2506,
2009-02-18,57.6094,62.7979,58.2778,73.5334,112.3366,112.1936,114.4969,109.7086,154.502,60.8423,
2009-02-19,56.9987,61.6806,57.0504,72.3225,112.1945,111.6585,114.3488,108.9315,151.5983,60.8191,
2009-02-20,55.0413,59.7874,55.1188,68.9953,112.262,111.9745,114.4329,109.5411,151.533,59.1874,
2009-02-23,54.0335,58.8068,53.8653,68.6486,112.276,112.126,114.4521,108.63,154.4678,59.8316,
2009-02-24,55.1497,60.1076,55.2258,71.3081,112.3588,112.0414,114.5101,108.7104,147.4483,60.0338,
2009-02-25,54.4549,60.3361,54.4052,70.9089,112.4109,112.3231,114.6148,108.7104,146.695,61.6134,
2009-02-26,54.0168,59.3723,53.7593,70.3103,112.3204,111.5705,114.487,108.7439,146.5962,62.4468,
2009-02-27,53.9754,58.236,54.3784,69.4291,112.3813,111.9231,114.5323,109.5344,146.3977,62.048,
2009-03-02,50.9197,56.1213,52.9396,65.8065,112.4577,112.0593,114.6596,109.1458,145.0247,60.2371,
2009-03-03,50.6637,55.8434,52.9266,66.9025,112.4988,112.0028,114.6351,109.5076,143.9751,61.3184,
2009-03-04,52.4132,56.6857,53.888,70.9988,112.5418,111.8893,114.6968,109.1592,141.0996,62.8738,
2009-03-05,50.5666,54.766,53.2364,68.5744,112.5432,112.2928,114.7138,109.2798,146.918,61.9932,
2009-03-06,50.0549,54.465,52.7037,69.2271,112.531,112.4151,114.6759,109.8158,146.3319,62.2095,
2009-03-09,48.9808,53.8902,50.9148,67.9643,112.4602,112.4201,114.596,109.923,143.779,61.9524,
2009-03-10,51.9439,56.6809,53.1136,72.9403,112.4571,112.1594,114.5995,109.7957,138.8882,61.3008,
2009-03-11,52.0838,56.6488,52.9592,72.4273,112.3763,111.7675,114.4996,109.1726,139.6013,59.8092,
2009-03-12,53.4849,58.4585,52.5082,74.6742,112.4592,112.168,114.6294,109.1726,141.5243,61.411,
2009-03-13,53.3744,58.774,52.8887,74.912,112.4514,112.0182,114.6205,109.1726,141.4947,60.939,
2009-03-16,53.7544,58.388,53.6379,74.7096,112.4905,112.0541,114.6603,110.3182,140.2195,61.807,
2009-03-17,54.9546,59.9097,55.2689,76.0044,112.4768,111.8593,114.6929,110.3182,138.436,61.8012,
2009-03-18,54.3682,59.2031,54.67,75.0011,112.4768,111.9347,114.6887,110.1641,138.3406,59.9915,
2009-03-19,53.7277,57.7082,53.684,73.5386,112.4897,112.4287,114.7184,111.2896,138.3867,61.4874,
2009-03-20,53.3126,56.8119,52.8292,72.9641,112.595,113.1914,114.8867,111.2963,138.0803,62.0858,
2009-03-23,56.9278,60.7206,56.8009,79.4858,112.577,113.1701,114.9099,111.8457,135.4687,63.0344,
2009-03-24,55.5618,60.1388,55.7913,77.8151,112.5068,112.5777,114.8191,111.3633,135.1877,62.7327,
2009-03-25,56.0379,60.3445,57.0516,78.427,112.5003,112.4638,114.8095,111.2762,135.7547,61.9267,
2009-03-26,56.7419,61.7851,57.8691,80.8405,112.5001,112.5713,114.7891,111.0016,136.1452,62.4306,
2009-03-27,55.5184,61.7593,57.9228,79.8588,112.6171,112.5757,114.8928,111.8323,136.7203,61.7681,
2009-03-30,53.7038,60.1039,56.1176,76.3492,112.6826,112.6813,114.9418,111.2092,136.739,60.56,
2009-03-31,55.6375,60.3824,55.7895,77.6578,112.7116,112.7593,114.994,111.303,136.5653,61.6055,
2009-04-01,57.1109,61.5795,57.4396,80.2606,112.7387,112.8389,115.0137,111.6581,137.7619,61.3349,
2009-04-02,58.6576,62.3167,58.4905,83.1939,112.598,112.3791,114.8606,111.7251,132.1325,62.1761,
2009-04-03,59.2293,62.8332,57.9089,84.0716,112.4983,112.2429,114.7618,111.6983,130.1179,62.916,
2009-04-06,58.4773,62.7287,57.0129,83.5427,112.4812,112.2638,114.7297,112.0802,127.4592,62.2758,
2009-04-07,57.2328,61.8577,57.2117,82.414,112.5587,112.3038,114.8204,111.7117,130.9097,62.1152,
2009-04-08,57.9555,62.6473,57.7477,83.7963,112.5764,112.3455,114.8698,111.9663,130.9704,62.8336,
2009-04-09,59.7624,65.5894,60.2813,88.0646,112.5721,112.209,114.8806,111.5911,131.423,64.1142,
2009-04-10,59.7624,65.5894,60.2813,88.0646,112.5721,112.209,114.8831,111.5911,131.423,64.1142,
2009-04-13,59.7145,64.6031,59.501,87.2477,112.5721,112.209,114.8855,111.5911,131.7709,63.5789,
2009-04-14,59.3707,63.9194,59.3404,86.4332,112.641,112.6428,115.0148,112.1204,131.8938,63.5261,
2009-04-15,60.6173,64.8363,59.8391,88.0016,112.6944,112.9385,115.0643,112.4084,132.5705,64.4106,
2009-04-16,61.5453,66.0141,60.2586,89.0603,112.6259,112.7323,115.0186,112.4419,130.4588,64.2207,
2009-04-17,62.0074,67.147,61.1713,89.3496,112.5596,112.6111,114.9643,112.1003,130.9074,64.8878,
2009-04-20,59.383,64.9099,60.3456,85.7578,112.5994,112.9531,115.0136,112.931,134.7636,63.0255,
2009-04-21,60.8557,66.1472,61.0407,87.5451,112.6235,113.0274,115.054,112.8506,134.608,63.1871,
2009-04-22,59.9381,65.3848,60.9241,86.3351,112.5904,112.8203,115.031,112.4486,134.6299,62.9759,
2009-04-23,61.0269,65.3475,60.6533,86.7721,112.6204,113.0769,115.0703,112.5491,135.4102,62.1213,
2009-04-24,61.6033,65.7492,61.035,87.6322,112.6772,112.9711,115.136,113.0784,135.605,62.4108,
2009-04-27,61.8294,66.3229,62.012,86.2475,112.7617,113.4103,115.2543,113.353,137.0022,62.1343,
2009-04-28,61.1262,65.5505,60.4858,85.2278,112.7771,113.4541,115.2742,113.1789,133.9111,61.0216,
2009-04-29,62.2458,66.2635,60.3639,88.7989,112.8051,113.4596,115.3095,113.0047,133.4244,61.5546,
2009-04-30,63.0188,66.4401,60.1506,89.8196,112.784,113.388,115.2988,112.9779,132.1293,62.1453,
2009-05-01,63.9424,66.632,60.9183,90.9098,112.784,113.388,115.3013,112.9779,131.319,64.1689,
2009-05-04,65.5491,68.1254,61.838,96.1004,112.8195,113.4429,115.37,113.5205,132.3687,64.6079,
2009-05-05,65.465,68.4169,62.1044,95.97,112.8252,113.6112,115.3892,113.3061,132.8031,64.513,
2009-05-06,66.9549,69.6186,63.5941,97.6424,112.8691,113.7,115.4648,113.6478,134.7749,66.5679,
2009-05-07,65.5413,68.2457,61.7512,94.6503,112.8403,113.357,115.5059,113.8421,133.8286,66.4694,
2009-05-08,67.1327,68.5735,63.1024,96.0374,112.9259,113.4569,115.5958,113.6545,132.1989,66.3521,
2009-05-11,65.4883,67.5335,62.7109,94.1268,112.9566,113.6439,115.6326,113.3597,132.2491,65.9924,
2009-05-12,65.8673,67.0619,62.8006,94.4153,112.9149,113.3583,115.5914,113.5205,133.1985,66.5403,
2009-05-13,63.9302,65.6449,61.8908,91.3284,113.0058,113.6735,115.6999,113.5473,134.3262,65.5262,
2009-05-14,64.5889,65.9772,61.7441,92.3182,113.0046,113.5078,115.6844,113.8153,133.7707,65.9682,
2009-05-15,64.2718,66.0882,62.9806,92.3748,113.0279,113.4706,115.7131,114.1235,135.8704,65.1052,
2009-05-18,66.9203,67.6849,63.2724,97.1005,113.0747,113.551,115.7796,114.5991,133.5503,66.2386,
2009-05-19,67.4707,67.2348,62.5158,97.6662,113.0049,113.2886,115.7358,114.8738,133.7043,65.7327,
2009-05-20,66.916,66.1028,62.6925,96.97,112.9222,113.2317,115.6647,115.269,134.2159,65.9041,
2009-05-21,66.2423,64.5296,61.2851,94.2528,112.9904,113.4737,115.7561,115.1351,135.2368,64.3322,
2009-05-22,66.1135,63.9463,61.0612,94.0146,112.9545,113.0402,115.7292,114.9944,134.7295,64.5391,
2009-05-25,66.1135,63.9463,61.0612,94.0146,112.85,112.7052,115.6026,114.5857,134.7295,64.5391,
2009-05-26,67.1963,65.6263,63.106,95.2011,112.8867,112.7156,115.6405,114.4517,134.2579,64.8277,
2009-05-27,66.9385,65.2007,62.6191,95.1939,112.8595,112.5214,115.6228,114.2909,135.3626,65.453,
2009-05-28,67.2512,65.6486,61.7796,97.447,112.8718,112.2492,115.6371,114.1302,135.5552,66.131,
2009-05-29,67.32,65.7445,61.9166,97.3557,112.957,112.3395,115.7518,114.3646,136.1653,66.1392,
2009-06-01,68.9187,67.3036,62.8775,101.4073,112.9683,112.5169,115.7582,114.1168,135.4348,68.2517,
2009-06-02,69.1099,66.6792,62.307,98.9329,113.0069,112.5325,115.8188,113.8555,134.9474,67.3889,
2009-06-03,67.6001,66.5751,61.6185,96.4983,113.042,112.8875,115.8668,113.8957,133.7017,65.8772,
2009-06-04,67.8889,67.0666,61.9574,98.0898,112.8979,112.1504,115.6754,112.8238,136.0072,67.8357,
2009-06-05,67.9143,68.0699,62.1345,99.7439,112.7391,111.8849,115.4854,112.8774,134.3985,68.0053,
2009-06-08,68.1016,68.1254,62.7791,98.6877,112.7051,111.9447,115.4439,113.9024,134.8489,67.8453,
2009-06-09,68.0317,67.6921,62.5956,97.7395,112.7402,112.021,115.4873,114.1235,133.6963,68.4062,
2009-06-10,68.4513,67.904,63.0181,99.5402,112.7671,112.1124,115.5473,114.023,134.4989,68.6536,
2009-06-11,68.8663,67.5919,63.5113,100.7595,112.7381,111.7669,115.503,113.7014,133.0604,69.4528,
2009-06-12,69.1261,68.309,63.9428,99.9212,112.8112,112.1712,115.5938,113.9091,131.9146,69.0277,
2009-06-15,67.4278,67.7894,63.7918,97.8485,112.8798,112.5971,115.687,114.0565,132.4278,68.301,
2009-06-16,66.7073,66.6524,62.9079,96.061,112.9037,112.6478,115.7108,113.0382,133.1996,68.0073,
2009-06-17,66.024,66.0703,63.1581,94.2448,112.9813,112.9268,115.8152,113.554,132.77,67.8694,
2009-06-18,66.1833,66.6643,62.725,94.1329,112.9956,112.6017,115.8207,113.7215,131.9245,67.8401,
2009-06-19,66.9425,66.7564,63.5871,94.3924,113.023,112.8667,115.885,113.8823,132.0383,66.8876,
2009-06-22,65.0045,65.1366,62.5453,91.5102,113.0967,113.2858,115.958,114.2976,130.8517,65.1629,
2009-06-23,64.8865,64.2296,62.0272,90.7505,113.0757,113.293,115.9345,113.7952,129.4697,65.2581,
2009-06-24,65.6953,65.3921,62.7452,93.6125,113.1979,113.5484,116.0789,114.0833,131.4486,66.0309,
2009-06-25,66.5594,66.6009,64.0244,96.0933,113.2582,113.8142,116.2141,114.157,132.2611,66.8441,
2009-06-26,66.0592,66.1087,63.9181,96.1381,113.2655,113.9016,116.2108,114.7599,131.5981,65.9963,
2009-06-29,66.7735,66.5711,63.4342,96.6247,113.2142,114.1212,116.1517,114.8738,130.9337,66.3323,
2009-06-30,66.2906,66.2549,63.1788,95.9674,113.1913,113.9017,116.1199,114.9274,130.1469,65.3244,
2009-07-01,67.1194,66.0486,63.4545,97.0189,113.2331,114.0271,116.1837,115.0346,130.9224,65.3419,
2009-07-02,66.0147,65.0899,62.873,95.598,113.3765,114.4751,116.3632,115.7648,131.0057,64.7497,
2009-07-03,66.0147,65.0899,62.873,95.598,113.3914,114.4917,116.4025,115.7045,131.0057,64.7497,
2009-07-06,65.4763,64.9918,63.189,95.2553,113.4357,114.7294,116.4642,115.7715,130.1203,63.087,
2009-07-07,64.0867,64.0122,62.7904,93.4204,113.4451,114.6521,116.4757,115.4834,130.6194,61.8024,
2009-07-08,63.8243,64.1386,62.9573,92.5844,113.4533,114.5528,116.4656,115.604,128.8875,60.917,
2009-07-09,64.3324,63.5802,62.2889,93.2404,113.4328,114.5062,116.4443,115.6174,127.8619,60.9567,
2009-07-10,63.7882,63.8568,62.0341,92.7595,113.467,114.6758,116.4717,115.5571,128.8253,60.9427,
2009-07-13,65.2168,65.1479,61.9196,93.0446,113.4823,114.7748,116.5013,115.4834,129.182,60.9628,
2009-07-14,65.6342,65.6037,62.0019,94.1855,113.4442,114.5242,116.4355,114.8403,130.243,61.5917,
2009-07-15,67.6649,66.8978,62.0954,98.324,113.4139,114.5268,116.4349,115.1686,131.0703,62.2478,
2009-07-16,68.4255,66.6056,61.6578,98.2296,113.4774,114.6136,116.5168,115.403,130.3396,62.4599,
2009-07-17,68.2239,67.5076,61.8156,99.4886,113.4571,114.539,116.5026,114.9877,130.6022,63.6701,
2009-07-20,69.2717,67.7119,62.145,102.2703,113.419,114.5007,116.46,115.1217,131.5238,64.0949,
2009-07-21,69.5482,68.0889,62.7333,102.0718,113.4478,114.7078,116.5176,114.4517,131.4355,63.6333,
2009-07-22,69.593,68.0389,63.4286,101.7828,113.4649,114.8753,116.5294,115.0346,131.8037,63.9997,
2009-07-23,71.1239,69.7508,63.8853,104.9817,113.4717,115.0306,116.5324,114.7666,131.946,64.8549,
2009-07-24,71.4004,69.7964,63.9972,104.1219,113.4301,114.8201,116.4897,115.2623,131.7052,64.8411,
2009-07-27,71.5167,69.8307,63.7079,104.7754,113.3764,114.759,116.4348,115.1016,131.8033,64.9417,
2009-07-28,71.1452,70.0002,64.0961,105.0505,113.4253,115.0958,116.5022,115.6308,130.4777,64.899,
2009-07-29,71.2519,70.4835,65.167,103.6495,113.4411,115.2678,116.5185,115.7849,130.4002,63.64,
2009-07-30,72.2908,70.8644,65.5765,105.6847,113.4416,115.2701,116.528,115.7715,130.3472,65.7068,
2009-07-31,72.6666,70.0933,65.1008,104.8851,113.5042,115.8307,116.608,116.5151,131.1773,66.2677,
2009-08-03,73.8567,70.4988,65.5243,107.6664,113.4691,115.7371,116.5539,116.4347,130.5179,68.1908,
2009-08-04,73.7692,70.6436,65.4241,106.6234,113.4334,115.6239,116.5181,116.3744,131.574,68.2914,
2009-08-05,73.6334,70.4788,65.0031,105.7826,113.3447,115.4234,116.3959,116.8233,131.7851,69.0998,
2009-08-06,73.1084,70.3027,65.1128,105.1952,113.3203,115.3938,116.3612,116.6692,131.8893,67.9117,
2009-08-07,74.3062,72.1378,65.6825,107.6043,113.2468,115.1379,116.2588,116.3141,132.38,68.591,
2009-08-10,73.8694,72.2936,65.9612,106.8481,113.2728,115.1941,116.2954,116.7027,131.7789,68.8121,
2009-08-11,73.1008,71.2958,65.8727,104.6958,113.3773,115.5526,116.4244,116.7027,131.4037,68.0566,
2009-08-12,73.6501,71.7212,65.8931,105.1433,113.395,115.3292,116.4347,116.7831,131.0101,68.6564,
2009-08-13,74.6736,71.9711,66.2144,106.5253,113.4718,115.521,116.5528,116.7831,131.5507,68.8577,
2009-08-14,74.1416,71.765,66.8006,105.1004,113.5351,115.8846,116.6373,117.1181,131.1737,67.141,
2009-08-17,72.0354,70.5004,65.4119,101.7042,113.5559,115.9769,116.6514,117.5468,130.1384,66.3614,
2009-08-18,73.1374,70.7631,65.6699,103.4928,113.5422,115.9725,116.6536,117.5133,130.2316,66.5724,
2009-08-19,73.4596,70.9394,65.4586,103.1117,113.5854,116.1057,116.7043,117.7813,130.0806,66.6599,
2009-08-20,74.3193,71.6398,66.2221,104.8557,113.5858,116.22,116.7337,117.7679,129.6596,66.1292,
2009-08-21,75.9879,72.734,66.6632,105.9864,113.5224,116.0737,116.6522,117.6071,131.0396,66.693,
2009-08-24,75.9419,72.8685,66.6614,106.6607,113.5371,115.9226,116.6959,117.6406,129.4583,67.2894,
2009-08-25,76.8469,73.056,67.2301,106.4937,113.5881,116.1722,116.7682,117.8751,130.1289,66.2772,
2009-08-26,76.3908,73.3083,67.5218,106.5282,113.6189,116.4582,116.7907,118.1833,130.6079,66.5691,
2009-08-27,76.4681,72.7731,67.076,105.3115,113.626,116.5462,116.7992,117.855,129.9235,66.2109,
2009-08-28,76.6177,72.8249,67.0713,104.8538,113.631,116.3865,116.7979,117.9019,130.9901,66.7351,
2009-08-31,76.2108,72.2638,67.021,102.911,113.6622,116.3344,116.8499,117.9622,130.4914,65.1456,
2009-09-01,74.3754,71.3196,66.6445,101.8865,113.6907,116.1727,116.8833,117.922,132.3961,64.928,
2009-09-02,74.1167,70.7401,66.5523,102.5269,113.7179,116.3274,116.9131,117.8014,135.0351,64.6629,
2009-09-03,74.7273,71.4169,66.4371,104.7067,113.7809,116.1682,117.0071,117.4597,136.9879,64.7259,
2009-09-04,75.8718,72.2264,66.1302,106.4484,113.8201,116.3736,117.0585,117.7612,136.7247,64.2615,
2009-09-07,75.8718,72.2264,66.1302,106.4484,113.8803,116.4145,117.1493,117.7277,136.7247,64.2615,
2009-09-08,76.6369,71.7943,65.7563,107.0686,113.886,116.3516,117.1678,117.7612,134.6068,64.744,
2009-09-09,77.4539,72.1271,65.8165,107.3203,113.8565,116.2768,117.1448,117.8483,133.7186,64.2432,
2009-09-10,77.9108,72.6977,66.4403,108.4799,113.9165,116.5942,117.2321,117.8751,134.2653,64.6553,
2009-09-11,77.8067,72.6902,66.3816,108.5467,113.9309,116.7911,117.2496,117.9086,135.7613,63.4755,
2009-09-14,77.9284,72.7288,65.8382,107.6786,113.9153,116.8733,117.2267,118.19,134.0533,63.4376,
2009-09-15,78.0962,72.8948,65.2009,108.7574,113.8843,116.787,117.1965,118.7259,135.084,64.6979,
2009-09-16,79.449,73.7917,65.3388,111.1819,113.8644,116.5246,117.1751,118.8398,136.0831,65.9274,
2009-09-17,79.1004,73.5766,64.6072,110.4274,113.8219,116.4428,117.1328,118.0828,135.1137,65.4143,
2009-09-18,79.0814,73.7081,65.001,110.8668,113.8302,116.5313,117.1492,118.2972,134.3566,64.6338,
2009-09-21,78.5299,73.6817,64.502,110.1403,113.8867,116.5884,117.2226,118.3239,134.2262,63.6983,
2009-09-22,78.8657,73.471,64.7706,110.8544,113.8974,116.6066,117.2431,118.1565,134.8395,64.2486,
2009-09-23,78.5572,73.2855,64.446,109.8265,113.9105,116.6047,117.2625,118.2101,134.4834,63.7684,
2009-09-24,77.4301,72.8494,64.8405,108.221,113.9668,116.9438,117.343,118.5048,133.4219,62.9154,
2009-09-25,77.0463,72.2931,64.178,108.4259,113.9468,117.1478,117.3063,118.6857,132.3625,62.8202,
2009-09-28,78.4704,73.9062,64.9706,110.2965,113.9698,117.2857,117.3492,118.7192,133.0044,63.2612,
2009-09-29,78.346,73.8346,63.7499,110.7801,113.9359,117.048,117.3057,118.7728,133.7985,63.5092,
2009-09-30,78.181,73.2313,63.7955,110.9862,113.9393,117.1624,117.3097,119.3021,135.1623,64.9703,
2009-10-01,76.3996,72.0987,62.7871,108.9974,113.9245,116.9565,117.2815,119.215,135.1325,64.5043,
2009-10-02,75.3939,71.398,61.63,108.4723,113.976,117.4305,117.3481,119.2552,135.1052,63.415,
2009-10-05,76.3107,72.1182,61.8493,110.4641,113.9921,117.5127,117.3925,120.0591,136.4426,63.9883,
2009-10-06,77.4189,72.8445,62.2927,111.8182,113.9628,117.3742,117.3541,119.7844,139.219,64.6761,
2009-10-07,77.4882,73.0953,62.9112,111.7819,113.9404,117.515,117.339,120.1328,139.4243,64.7209,
2009-10-08,78.279,73.307,63.3141,112.6114,113.9547,117.6515,117.3585,119.9184,140.5011,65.8519,
2009-10-09,78.138,73.9906,63.5172,113.0577,113.7955,117.1022,117.1598,119.5097,139.8637,65.7279,
2009-10-12,78.327,73.9848,63.3917,113.5405,113.851,117.31,117.2346,119.704,140.2827,66.5848,
2009-10-13,78.2644,73.5693,62.848,113.3311,113.9058,117.393,117.3101,119.1815,140.7253,66.2134,
2009-10-14,79.9179,74.4048,63.1788,116.3176,113.8726,117.1451,117.2892,118.6924,139.8073,66.1958,
2009-10-15,80.1919,74.5577,62.7634,115.489,113.8187,116.7405,117.2278,118.2436,137.8154,66.7339,
2009-10-16,79.5044,74.2384,61.8296,114.262,113.7907,116.8142,117.185,118.1766,138.6886,67.462,
2009-10-19,80.3601,74.5675,62.6002,116.0064,113.8072,116.8631,117.2076,118.3641,139.5674,68.377,
2009-10-20,79.9667,74.3245,62.5387,114.7031,113.8405,117.2636,117.2636,118.545,138.7646,68.1028,
2009-10-21,79.4578,73.3022,62.049,113.537,113.8292,117.1125,117.2398,117.9689,138.5359,69.0248,
2009-10-22,80.2406,73.875,62.0297,114.2177,113.8445,117.2321,117.257,118.2101,138.4401,68.7822,
2009-10-23,78.9793,73.1853,60.72,113.5131,113.8254,116.9224,117.2278,117.6875,138.1597,68.4675,
2009-10-26,78.1663,73.1156,61.1362,113.2117,113.8605,116.8164,117.2905,117.4865,137.341,67.9546,
2009-10-27,77.9032,73.0001,61.0668,111.5784,113.9585,117.2925,117.4209,118.0158,137.7418,68.143,
2009-10-28,76.2924,72.1031,60.8385,107.1883,113.9876,117.6013,117.456,118.1163,137.1435,66.8733,
2009-10-29,78.4359,73.044,61.2887,111.0104,113.8997,117.1014,117.35,117.6808,138.6617,68.0369,
2009-10-30,75.7601,71.4435,60.9682,106.597,113.9453,117.3707,117.4167,118.2302,139.4524,66.8892,
2009-11-02,76.4562,71.7674,61.3714,107.8847,113.9733,117.6458,117.4398,118.1766,140.9901,67.3381,
2009-11-03,76.2093,72.205,61.4871,108.3706,114.0066,117.7458,117.4819,117.8952,144.8169,68.4905,
2009-11-04,76.6985,71.7195,60.79,109.3609,113.9692,117.4478,117.4395,117.9756,144.3354,67.6722,
2009-11-05,78.0494,72.9942,61.1954,111.5419,113.9792,117.3141,117.4549,118.1163,144.0858,67.382,
2009-11-06,78.3271,73.3292,60.9356,111.6202,113.9942,117.2677,117.4795,118.0828,144.976,66.2172,
2009-11-09,79.7905,74.2042,60.9789,114.5033,114.0795,117.6348,117.5922,118.3909,144.4537,66.5682,
2009-11-10,79.5946,74.308,60.6138,114.1127,114.0913,117.8902,117.6183,118.7929,144.8967,66.2538,
2009-11-11,79.5331,74.7168,60.5746,115.1335,114.0928,117.7992,117.6152,118.8599,146.5713,66.6751,
2009-11-12,79.576,74.5898,60.08,113.53,114.1035,117.7405,117.6423,118.6522,145.9506,66.0821,
2009-11-13,80.135,74.7317,60.438,115.0683,114.1333,117.677,117.6923,118.0761,145.9506,66.1495,
2009-11-16,81.2151,75.437,60.7011,117.3671,114.1515,117.6856,117.7159,118.1297,148.0711,67.945,
2009-11-17,81.4097,76.0672,60.4413,117.788,114.1438,117.892,117.7151,118.4847,149.3433,68.7148,
2009-11-18,81.0061,75.6281,59.5012,116.2592,114.1528,117.8397,117.7216,118.5383,149.3433,68.262,
2009-11-19,79.6774,74.8312,58.2643,114.3952,114.1816,118.0752,117.7335,118.4244,148.7981,67.6234,
2009-11-20,79.0252,74.8279,58.9124,114.3198,114.12,117.755,117.6367,118.5919,149.828,68.0442,
2009-11-23,80.2059,75.2816,59.1548,115.9452,114.1004,117.7957,117.6214,118.7862,152.1909,67.5982,
2009-11-24,80.0417,75.3735,58.3821,115.2664,114.1259,118.0294,117.6661,118.7996,152.0091,67.0985,
2009-11-25,80.4106,74.8323,58.7548,115.3644,114.0805,118.0177,117.5984,118.5919,153.0997,67.8525,
2009-11-26,80.4106,74.8323,58.7548,115.3644,114.1805,118.3446,117.7468,118.8197,153.8873,67.8525,
2009-11-27,78.1707,74.2889,58.7897,111.9012,114.191,118.3245,117.7406,119.0408,153.1602,67.7148,
2009-11-30,77.5831,74.3017,59.7903,112.628,114.1839,118.3287,117.7489,119.5432,152.2818,67.8598,
2009-12-01,79.4183,74.9663,61.6449,115.4602,114.2092,118.5805,117.8083,120.0189,154.7355,68.0719,
2009-12-02,79.7549,75.0333,61.478,116.0869,114.2129,118.5016,117.8086,120.0256,156.5227,67.9176,
2009-12-03,79.0263,74.4678,62.3697,115.0379,114.1913,118.3204,117.7823,120.0021,156.4622,67.5109,
2009-12-04,80.0414,75.9433,63.2445,117.7206,114.1372,118.1472,117.6935,119.8347,152.3726,67.7265,
2009-12-07,79.8468,75.9081,62.8051,116.8326,114.1882,118.6544,117.7684,120.0457,149.9795,67.7823,
2009-12-08,78.6965,75.8021,63.6132,115.7886,114.2919,118.8387,117.8954,119.7576,151.7062,67.7584,
2009-12-09,78.2584,75.8743,63.628,116.1761,114.2879,118.5999,117.8393,119.1044,150.7368,66.766,
2009-12-10,78.7739,76.3457,63.1537,116.924,114.2571,118.4455,117.8229,118.9235,148.9193,67.19,
2009-12-11,79.2744,77.2494,64.0169,118.2364,114.2228,118.3546,117.8151,119.0709,147.9499,67.9679,
2009-12-14,79.8258,77.5766,63.9155,118.729,114.2678,118.66,117.8593,119.0274,149.4039,68.6512,
2009-12-15,79.7097,77.826,63.903,118.4309,114.2601,118.5987,117.8443,118.6522,149.9492,69.1766,
2009-12-16,80.8794,78.0309,64.9448,119.2525,114.3141,118.7332,117.9178,119.3758,151.8274,70.409,
2009-12-17,79.6985,78.0553,64.8374,117.2733,114.389,119.0562,118.0036,119.8313,150.9186,70.1516,
2009-12-18,79.5582,78.4856,64.697,117.577,114.3919,118.965,117.9939,120.2802,150.4945,70.6062,
2009-12-21,80.6007,79.6291,64.7817,117.9435,114.3935,118.7771,117.9879,119.8916,149.8886,70.4648,
2009-12-22,81.7401,80.0967,65.4482,119.4028,114.3817,118.6021,117.9701,119.9854,147.5258,70.6595,
2009-12-23,81.693,79.7968,65.2736,119.8977,114.3869,118.5073,118.0,119.6772,148.6769,71.6173,
2009-12-24,81.5356,79.9022,65.5137,120.6914,114.392,118.5203,118.0131,119.6772,148.6769,71.7688,
2009-12-25,81.5356,79.9022,65.5137,120.6914,114.392,118.5203,118.0156,119.6772,148.6769,71.7688,
2009-12-28,82.1932,80.128,65.2948,121.1852,114.3579,118.3415,117.9692,119.4226,149.2828,73.141,
2009-12-29,82.2927,80.1925,65.705,121.0202,114.3138,118.1626,117.9047,119.6169,149.1616,72.8219,
2009-12-30,81.947,80.1698,64.9818,121.5579,114.2927,118.0355,117.8485,119.6571,148.4346,72.8616,
2009-12-31,81.2452,79.4834,64.5199,122.0971,114.2994,118.0484,117.8588,119.6571,148.4346,72.8345,
2010-01-01,81.2452,79.4834,64.5199,122.0971,114.2994,118.0484,117.8613,119.6571,148.4346,72.8345,
2010-01-04,83.1629,80.2883,65.7313,124.8127,114.2568,117.8966,117.8518,119.3088,151.3427,73.7831,
2010-01-05,83.365,80.8259,66.3931,126.2264,114.3157,118.1002,117.9386,119.2753,151.8879,74.1842,
2010-01-06,83.6447,80.6691,66.4812,126.1561,114.3361,118.0729,117.9659,119.0408,153.7055,75.2224,
2010-01-07,83.6105,81.4962,66.284,126.1778,114.3745,118.2586,118.0463,119.282,153.9479,74.7257,
2010-01-08,83.9037,81.2394,66.6462,126.3575,114.4096,118.4748,118.102,119.0609,153.1602,74.1575,
2010-01-11,83.9863,80.7912,66.7748,125.2239,114.4712,118.6407,118.1786,119.2083,154.5537,73.2882,
2010-01-12,82.9601,80.2294,67.3935,123.5146,114.4757,118.7179,118.181,119.3222,153.8873,71.5533,
2010-01-13,83.814,80.6435,67.5661,123.4896,114.4772,118.6689,118.2011,118.8733,151.2215,72.2043,
2010-01-14,83.7872,80.9955,68.6597,123.3743,114.5043,118.5593,118.2422,118.6991,152.8573,71.9833,
2010-01-15,82.6528,80.6926,69.0475,122.8729,114.563,118.7048,118.303,118.7192,153.2814,71.7217,
2010-01-18,82.6528,80.6926,69.0475,122.8729,114.554,118.768,118.2966,118.746,153.4632,71.7217,
2010-01-19,85.0209,82.3299,69.5127,126.3277,114.5262,118.5843,118.249,118.7728,154.5537,72.6197,
2010-01-20,83.3778,82.4784,68.8065,124.7789,114.5467,118.5881,118.208,118.6053,153.1602,72.2206,
2010-01-21,80.8678,80.9689,69.2082,121.1293,114.5584,118.5774,118.2517,118.8331,151.3427,71.816,
2010-01-22,78.867,78.9174,68.2543,118.0693,114.631,118.8253,118.296,118.545,150.9186,71.016,
2010-01-25,80.2591,79.2716,68.7475,118.858,114.6244,118.952,118.3476,118.5919,150.9186,71.1977,
2010-01-26,80.0144,79.3191,68.3369,116.9454,114.6283,119.1045,118.3761,118.7058,152.0091,70.646,
2010-01-27,80.6325,79.9883,68.1813,117.0732,114.6237,119.0767,118.3201,118.2771,151.8274,69.4616,
2010-01-28,79.0189,79.4267,67.8089,116.7857,114.6093,118.6537,118.2047,118.1431,151.2215,69.5446,
2010-01-29,78.6774,79.1363,67.3452,116.3605,114.6081,118.5632,118.1295,118.2704,151.0397,69.3038,
2010-02-01,80.3034,80.0204,67.7362,118.9761,114.613,118.8903,118.2336,118.6522,153.8267,70.1751,
2010-02-02,81.2574,80.7035,68.7877,119.5221,114.5939,118.8674,118.239,118.9872,155.826,71.0585,
2010-02-03,80.6778,80.7357,68.477,119.4711,114.5848,118.5983,118.2135,119.0274,155.8866,70.4126,
2010-02-04,77.5939,79.1324,67.9428,115.3692,114.6161,118.7201,118.2178,119.1078,150.9792,69.6314,
2010-02-05,77.2422,79.6719,68.1263,114.6222,114.6661,118.8611,118.2276,119.1547,150.6157,69.4381,
2010-02-08,76.2605,79.244,67.7665,113.6932,114.7362,118.8461,118.3037,118.4378,151.8274,69.6397,
2010-02-09,78.6914,79.4975,67.5532,116.3123,114.7352,119.0787,118.3744,118.3708,152.4938,69.9992,
2010-02-10,77.9485,79.508,67.6947,116.2495,114.7415,119.1401,118.4728,118.5383,151.7062,70.5229,
2010-02-11,79.0227,80.7601,68.3954,119.9379,114.7087,119.1379,118.4939,118.478,155.826,71.8299,
2010-02-12,78.2199,80.97,68.2126,118.835,114.7762,119.2168,118.5603,118.4244,155.6442,71.5695,
2010-02-15,78.2199,80.97,68.2126,118.835,114.8057,119.0702,118.601,118.4847,157.7647,71.5695,
2010-02-16,79.5096,81.4545,68.2472,120.7255,114.786,119.1741,118.6125,118.4512,158.7947,72.7658,
2010-02-17,80.3572,82.8038,69.0505,122.5802,114.8405,119.3465,118.6611,118.4445,159.6429,73.4953,
2010-02-18,81.9032,84.1919,69.9376,124.3743,114.8392,119.2305,118.6657,118.1431,160.4911,74.5094,
2010-02-19,80.6265,83.4148,68.0333,121.9186,114.7978,119.0969,118.6516,117.9823,161.0969,73.9047,
2010-02-22,80.559,83.4877,68.9176,122.1582,114.8227,119.1966,118.6891,117.9756,159.5823,73.7201,
2010-02-23,79.4118,82.9529,69.0373,120.0322,114.9266,119.7118,118.7847,118.1833,159.1582,72.9071,
2010-02-24,80.1506,83.6162,69.0953,121.0409,114.9251,119.8158,118.7907,118.6991,157.4618,73.5314,
2010-02-25,79.5366,83.5471,69.272,120.1083,114.9828,119.8292,118.8172,118.4177,158.2494,72.6946,
2010-02-26,79.5986,83.0172,69.2069,120.477,115.0136,119.9096,118.8577,118.4981,159.2794,73.2928,
2010-03-01,80.2512,84.3058,70.2585,123.1409,114.9917,120.1093,118.9151,118.7862,161.4605,73.2467,
2010-03-02,80.7523,84.1759,70.1655,124.0041,115.0119,120.1597,118.963,119.0475,163.0963,73.657,
2010-03-03,81.4841,83.7529,70.2356,123.4249,114.9681,119.9609,118.9251,119.1748,162.4298,73.9604,
2010-03-04,81.8715,84.7339,70.1451,123.842,114.9865,120.0053,118.9563,119.2351,162.0663,73.6375,
2010-03-05,83.7681,85.6614,70.61,126.6498,114.9669,119.8496,118.9185,119.3557,163.0963,73.7386,
2010-03-08,83.5779,85.7523,71.1604,126.8548,114.995,119.9717,118.9757,119.3824,160.4305,73.7677,
2010-03-09,83.0746,85.958,70.9337,127.6606,115.0185,120.1772,119.0022,119.2887,160.6728,73.3138,
2010-03-10,83.6274,86.1107,70.2576,128.2161,114.9957,120.0733,118.9749,119.2552,159.4611,73.1002,
2010-03-11,83.8619,86.2048,70.7354,127.8533,114.9643,120.0364,118.9526,119.1212,157.583,72.4067,
2010-03-12,83.643,85.6825,70.99,126.6391,114.9228,119.8591,118.9181,119.2351,156.6742,71.7466,
2010-03-15,83.4011,86.2842,71.123,126.5708,114.9623,120.085,118.9523,119.1815,157.3406,71.672,
2010-03-16,84.3126,86.3946,71.3405,127.3537,114.9749,120.1915,118.9886,119.4092,159.34,72.0215,
2010-03-17,84.884,87.0994,71.775,129.0167,115.0522,120.4712,119.0783,119.3356,159.4005,72.7204,
2010-03-18,84.9188,87.8501,71.9427,129.2047,115.019,120.3053,119.043,119.1346,161.2787,73.1308,
2010-03-19,84.2669,87.9028,72.2119,128.2585,115.0114,120.2241,119.0275,119.1212,159.0976,72.9268,
2010-03-22,84.3276,88.1765,72.4014,128.4397,115.0399,120.4192,119.0567,119.1949,158.1888,72.6375,
2010-03-23,85.3933,89.4497,73.6384,130.2918,115.072,120.6108,119.1023,119.4628,159.2794,72.9333,
2010-03-24,84.6318,89.9301,73.1849,129.6703,115.0511,120.4314,119.1012,119.57,159.4611,72.8863,
2010-03-25,85.0729,89.9455,72.8887,129.5552,115.0604,120.376,119.1139,119.5432,159.2188,72.4793,
2010-03-26,85.297,89.2013,73.4614,129.1892,115.0449,120.2804,119.1055,119.8916,160.0064,72.2543,
2010-03-29,85.5599,89.2944,73.9894,130.8221,115.0813,120.5265,119.1573,120.2266,160.9758,73.1922,
2010-03-30,85.4761,89.7348,74.7278,131.88,115.0713,120.4244,119.1454,120.6151,160.3699,73.7054,
2010-03-31,85.5491,88.8732,73.35,131.4348,115.0896,120.646,119.1748,121.131,160.5517,72.8634,
2010-04-01,86.6261,88.9805,74.0576,134.1131,115.0787,120.6193,119.1615,121.3253,162.1875,73.6193,
2010-04-02,86.6261,88.9805,74.0576,134.1131,115.0787,120.6193,119.164,121.3253,162.1875,73.6193,
2010-04-05,87.4849,90.3368,74.3677,136.2755,115.0787,120.6193,119.1666,121.3253,162.1875,75.0892,
2010-04-06,87.5162,91.1385,75.0636,137.5704,115.0737,120.4624,119.1633,120.6754,165.762,75.2642,
2010-04-07,86.7517,90.9811,75.3644,136.9217,115.0975,120.5054,119.1667,120.6218,167.2161,75.4363,
2010-04-08,86.5617,91.2097,75.364,137.2652,115.1354,120.6105,119.1973,120.5414,168.0643,74.8658,
2010-04-09,87.337,90.858,74.7945,136.6868,115.0748,120.4231,119.1584,120.3673,167.8219,74.4564,
2010-04-12,87.3443,90.366,74.1319,134.6457,115.0664,120.6763,119.2042,120.5414,166.9132,73.7178,
2010-04-13,87.2106,90.3503,73.9238,134.2425,115.1097,120.7811,119.2189,120.5749,165.035,74.1395,
2010-04-14,88.0508,91.0586,74.0148,135.7521,115.1277,120.7186,119.2282,120.6955,165.3985,74.5874,
2010-04-15,88.5116,91.6839,74.8111,135.8263,115.1335,120.8085,119.2588,120.8496,166.792,75.2377,
2010-04-16,86.9258,90.6928,73.7934,132.5351,115.1843,120.982,119.3131,120.7826,164.3686,74.6587,
2010-04-19,86.7134,91.1478,73.7444,132.1685,115.216,121.0573,119.3574,120.662,164.1262,73.8178,
2010-04-20,87.9795,92.3191,73.7483,134.2506,115.1864,121.1269,119.3478,120.461,165.035,74.6375,
2010-04-21,87.3258,92.4618,74.2805,134.2626,115.1879,120.8904,119.3323,120.4208,166.065,75.3133,
2010-04-22,87.1742,93.5759,74.3082,136.0479,115.1616,120.9232,119.3091,120.595,166.792,76.1615,
2010-04-23,87.5438,93.3842,74.1715,135.6131,115.1635,120.7249,119.2812,120.7826,168.6096,75.9186,
2010-04-26,87.1626,92.9121,74.5719,135.4389,115.1345,120.6289,119.2255,121.0238,168.9125,75.5262,
2010-04-27,84.2765,92.3023,74.508,132.8808,115.1611,120.732,119.1127,121.1176,170.5483,75.3482,
2010-04-28,83.7353,92.7071,73.9832,133.5738,115.172,120.859,119.1099,120.8295,174.0622,75.5192,
2010-04-29,85.3016,93.5017,74.5623,135.2619,115.1847,120.9745,119.2192,121.2315,171.8812,75.1966,
2010-04-30,83.5959,91.6732,74.1514,133.2884,115.2409,121.1947,119.2661,121.7071,173.2746,75.4252,
2010-05-03,84.8358,93.5517,74.9183,135.0136,115.2438,121.0926,119.266,121.7272,175.4557,76.0794,
2010-05-04,82.6573,93.0147,73.9394,131.1635,115.2985,121.0392,119.2299,122.1024,175.9404,75.8834,
2010-05-05,81.4452,93.5359,74.7252,130.2876,115.4521,120.9473,119.1915,122.1426,178.0003,75.5711,
2010-05-06,78.209,91.7318,75.3507,126.7589,115.52,120.4268,119.0751,121.486,182.6654,75.3305,
2010-05-07,76.9271,89.4951,73.9539,126.1963,115.5891,120.3114,119.0242,120.528,184.18,74.9906,
2010-05-10,83.3073,93.2673,75.8994,135.0385,115.5169,120.8347,119.193,122.1962,181.696,75.8595,
2010-05-11,82.8853,94.1017,75.0683,134.165,115.5074,121.1055,119.2934,122.4842,187.0881,76.6585,
2010-05-12,84.2314,95.3491,75.69,135.736,115.5342,121.5882,119.3714,122.846,191.1474,77.248,
2010-05-13,83.1088,94.8993,75.6758,135.519,115.5314,121.8055,119.4928,122.7522,192.8438,77.5364,
2010-05-14,81.5678,94.5461,76.2468,134.6735,115.597,121.9852,119.4718,122.6919,192.9649,77.0539,
2010-05-17,81.5447,94.3445,75.891,133.4993,115.5449,121.8548,119.4528,122.5646,194.8431,75.1556,
2010-05-18,81.1246,94.6966,75.8999,133.0073,115.4614,122.179,119.4993,122.8393,191.6926,76.5574,
2010-05-19,80.4568,92.5279,75.1224,129.447,115.4871,122.4083,119.5724,123.1006,188.7239,74.6148,
2010-05-20,77.154,88.4238,73.4668,122.1757,115.5187,122.4067,119.5539,122.6115,187.5728,73.0745,
2010-05-21,78.4471,89.0856,73.6312,125.2432,115.5247,122.4266,119.5205,122.5981,183.5742,72.9943,
2010-05-24,77.6488,89.4887,73.9268,126.1141,115.5456,122.6016,119.5624,122.8795,187.3911,74.4576,
2010-05-25,77.6349,89.6088,73.4893,124.7889,115.5294,122.5507,119.4757,122.3302,190.178,73.8815,
2010-05-26,77.2982,90.3343,73.598,126.4929,115.4623,122.0655,119.3897,122.223,193.389,75.5602,
2010-05-27,81.2002,92.0375,74.323,132.2448,115.4272,121.8138,119.3426,121.7473,191.8744,76.3693,
2010-05-28,79.9289,91.4301,73.5336,130.8437,115.8753,121.8524,119.3977,122.2632,189.9357,75.9443,
2010-05-31,79.9289,91.4301,73.5336,130.8437,115.8924,121.9364,119.415,122.5847,193.0255,75.9443,
2010-06-01,79.5687,90.1931,73.5473,128.8702,115.9015,121.8115,119.3731,122.3436,194.2978,74.9877,
2010-06-02,82.1978,92.4964,73.899,133.3187,115.8954,121.4523,119.3365,122.0555,194.7825,75.4352,
2010-06-03,82.273,93.3455,74.1654,133.5959,115.8642,121.0127,119.3053,121.888,193.8131,76.1301,
2010-06-04,79.545,91.5584,73.9677,130.9863,115.889,121.0043,119.3117,122.0153,195.5701,75.4943,
2010-06-07,79.0,90.7832,73.0721,129.4642,115.8883,120.7273,119.3056,121.1645,201.2046,75.9645,
2010-06-08,79.8794,91.3793,73.4858,131.8907,115.905,120.7268,119.2688,120.5883,202.1134,76.1892,
2010-06-09,79.2859,90.7395,73.4427,130.9682,115.9215,121.0421,119.3142,121.1712,198.0541,76.3301,
2010-06-10,82.5843,92.4893,73.9868,134.2276,115.9062,121.2753,119.3688,122.0488,197.0242,76.3468,
2010-06-11,82.4909,92.9002,73.7996,134.8683,115.9441,121.4815,119.441,122.0153,197.8724,76.8657,
2010-06-14,82.6137,91.9663,73.6372,133.7542,115.9205,121.2362,119.4279,121.7071,193.0255,77.1408,
2010-06-15,84.9769,93.2862,74.3432,136.661,115.8838,120.8955,119.4361,121.5932,194.0555,77.8914,
2010-06-16,84.3436,93.3069,74.6946,136.7401,115.8917,120.8276,119.4191,121.5999,195.0248,77.7359,
2010-06-17,84.4863,92.9276,74.1183,135.2849,115.8715,120.9345,119.4358,121.7071,196.4183,77.2159,
2010-06-18,84.1215,92.9466,74.2063,135.7782,115.8273,121.021,119.4766,121.5731,198.4176,77.148,
2010-06-21,84.2765,93.2593,75.2092,138.9878,115.7749,121.1891,119.482,121.7004,197.5088,77.1487,
2010-06-22,83.5602,92.0252,74.5324,136.7732,115.7903,121.2052,119.4645,121.8746,196.8424,77.3459,
2010-06-23,84.1388,91.4119,73.948,136.6359,115.7821,121.1089,119.4282,121.553,196.3577,76.1275,
2010-06-24,82.2424,89.7631,73.6054,134.0249,115.8179,121.2886,119.4711,121.1578,197.2665,76.4744,
2010-06-25,82.3553,89.8801,73.7028,135.217,115.7817,121.1308,119.4188,120.8697,198.5994,77.3921,
2010-06-28,82.4908,90.2974,73.4227,135.3413,115.779,121.0938,119.3935,120.8429,197.5694,77.1324,
2010-06-29,80.0704,88.1605,72.1648,130.8121,115.826,121.2706,119.4135,121.0439,197.8118,75.599,
2010-06-30,78.901,87.0112,71.9071,129.4776,115.7691,121.3257,119.385,120.9769,197.4483,75.9953,
2010-07-01,78.6863,84.7017,70.5411,127.5211,115.7141,121.3404,119.3408,121.4927,190.6627,73.8553,
2010-07-02,78.1168,83.8144,70.4889,127.4168,115.7197,121.5845,119.3772,121.4592,186.7246,73.3839,
2010-07-05,78.1168,83.8144,70.4889,127.4168,115.7685,121.845,119.4283,121.9818,187.694,73.3839,
2010-07-06,79.2533,84.0096,71.6316,129.2346,115.727,121.6386,119.4427,121.6468,183.7559,72.8997,
2010-07-07,82.0281,86.5933,72.942,131.9965,115.7476,121.5989,119.4163,121.4793,183.9983,74.3523,
2010-07-08,82.4476,87.0304,72.7425,131.9979,115.6522,121.7842,119.4755,121.62,183.1501,74.151,
2010-07-09,83.078,88.0273,72.577,134.1315,115.6266,121.8217,119.4809,121.7406,186.3005,74.6595,
2010-07-12,82.862,88.462,72.5084,133.6279,115.6961,121.992,119.5726,122.1426,185.7553,74.195,
2010-07-13,84.2935,88.8731,72.1383,133.7878,115.6945,121.9533,119.5834,121.9215,186.1188,74.1306,
2010-07-14,84.3333,88.7281,72.5525,133.3155,115.6327,121.6884,119.5345,121.5731,185.5129,74.1521,
2010-07-15,84.0906,87.4611,70.9054,130.7522,115.6011,121.5436,119.5263,121.5195,182.6654,74.2001,
2010-07-16,81.2282,85.0309,69.113,126.8139,115.6042,121.9708,119.5895,121.6066,179.3938,73.3217,
2010-07-19,81.9417,85.4834,69.2944,128.4124,115.5352,121.9175,119.5738,121.198,177.455,73.0119,
2010-07-20,82.2737,86.7425,69.9885,131.9021,115.6059,122.1643,119.6282,121.3186,179.8179,73.6575,
2010-07-21,81.4627,86.4539,69.4016,131.832,115.6589,122.2402,119.6539,121.0774,181.2113,74.2826,
2010-07-22,84.0522,87.4584,69.9344,134.3978,115.6783,122.1246,119.6793,120.7022,180.5449,74.9401,
2010-07-23,84.8797,88.1491,70.9166,135.2139,115.6545,122.0993,119.6872,120.7156,180.8478,74.7674,
2010-07-26,84.9096,88.4784,70.5213,135.2339,115.6132,122.2236,119.7161,120.8362,177.6974,74.1401,
2010-07-27,85.4061,88.5257,70.1974,135.0897,115.5344,122.3424,119.6885,121.0774,174.6075,73.7112,
2010-07-28,84.658,87.9452,70.9994,134.3244,115.5732,122.4155,119.7344,121.332,173.4564,74.2927,
2010-07-29,84.3229,86.9424,70.9721,133.6702,115.5719,122.3951,119.6988,121.8947,173.2141,74.9192,
2010-07-30,84.5018,87.187,70.5982,134.7214,115.6115,122.5609,119.7216,122.5244,175.3951,76.3934,
2010-08-02,86.8672,88.2292,71.388,136.7671,115.6003,122.4638,119.7504,122.6986,174.6681,76.5928,
2010-08-03,86.5626,87.4805,70.8337,135.6172,115.6824,122.9819,119.8707,123.0872,174.971,76.2149,
2010-08-04,86.49,88.0651,70.6891,135.8097,115.6827,123.0372,119.8728,122.98,177.6974,77.1111,
2010-08-05,86.9121,88.4194,70.9764,135.8886,115.6715,123.1666,119.8676,123.1609,176.8492,77.56,
2010-08-06,86.9957,87.9038,71.5039,135.4558,115.6657,123.4597,119.8902,123.5159,176.9098,76.5053,
2010-08-09,86.4388,87.6788,71.0141,135.0943,115.7081,123.5946,119.9688,123.3485,176.728,75.7556,
2010-08-10,86.0406,87.5727,70.8797,133.8031,115.7237,123.3057,119.9718,123.0001,178.0003,75.3094,
2010-08-11,82.1095,85.4633,68.7292,129.9797,115.8292,123.6055,120.0275,123.4021,180.6055,74.4803,
2010-08-12,84.2327,87.1938,70.3301,133.6608,115.8715,123.6745,120.0641,123.2748,183.6953,76.8992,
2010-08-13,83.9515,87.0331,70.3332,134.536,115.8733,123.4555,120.0402,123.2815,185.0282,77.0227,
2010-08-16,85.0912,87.3947,71.182,136.4199,115.901,123.819,120.0681,123.4557,185.8158,76.8371,
2010-08-17,85.8117,88.1848,71.3269,137.4067,115.8776,123.7945,120.0613,123.3619,185.21,77.2653,
2010-08-18,85.3028,87.8794,71.3957,136.5826,115.8992,124.2573,120.1174,123.536,185.9976,76.7616,
2010-08-19,83.5726,86.5085,71.3776,135.7763,115.9012,124.2969,120.1303,123.4088,186.967,76.4795,
2010-08-20,82.8388,86.5537,70.9757,135.8919,115.9496,124.3359,120.175,123.5494,188.5422,76.2673,
2010-08-23,83.4586,86.8886,71.0717,135.7045,115.9492,124.3478,120.228,123.6365,188.2999,76.6416,
2010-08-24,82.5288,86.1069,71.4179,134.7638,116.0137,124.7575,120.2543,123.8643,189.3298,75.9826,
2010-08-25,82.5233,86.4556,71.2026,133.9126,115.9887,124.8415,120.2278,124.0653,190.905,75.8778,
2010-08-26,82.3021,85.6658,70.9526,132.7468,115.9636,124.682,120.187,124.7151,190.0568,76.2963,
2010-08-27,83.8976,86.7018,71.6181,135.2082,115.9562,124.7463,120.1629,124.7486,189.3904,77.0323,
2010-08-30,81.8722,85.1262,71.1267,132.4758,115.9838,124.628,120.1917,125.2243,189.8751,76.9778,
2010-08-31,83.01,85.7179,70.7909,134.2007,115.9743,124.7031,120.1811,125.2444,191.0868,76.7331,
2010-09-01,86.144,88.1331,72.6305,138.6901,115.9599,124.5396,120.2013,125.365,189.451,77.5769,
2010-09-02,86.0785,88.1503,71.7505,137.6693,115.9684,124.5775,120.2288,125.5191,189.9962,77.5319,
2010-09-03,86.8227,89.1337,72.1436,139.0435,115.934,124.3422,120.1968,125.1707,189.148,78.1823,
2010-09-06,86.8227,89.1337,72.1436,139.0435,115.9463,124.3367,120.2159,125.2511,189.0269,78.1823,
2010-09-07,84.6894,87.8384,71.9058,136.5738,115.9989,124.4571,120.1891,125.2712,192.3591,78.0973,
2010-09-08,86.9271,89.7837,73.1364,140.1309,115.9491,124.3095,120.1738,125.3784,192.4803,79.3869,
2010-09-09,87.3687,89.8153,73.051,140.3355,115.8948,124.0304,120.0766,125.4052,190.905,78.7783,
2010-09-10,87.8638,90.5457,73.8023,141.2675,115.8586,123.7706,120.0535,125.2712,190.9656,79.4479,
2010-09-13,89.4169,91.3809,74.4153,144.3721,115.8395,123.5969,120.0641,124.9965,188.421,80.1919,
2010-09-14,89.1795,90.2244,73.742,142.5675,115.8641,123.7888,120.1042,124.695,190.7839,79.6865,
2010-09-15,88.3206,89.734,72.9152,141.4495,115.8293,123.6824,120.0816,123.9916,190.0568,78.8191,
2010-09-16,87.9777,89.5494,71.8296,140.4787,115.7565,123.1281,120.0028,123.7906,189.7539,78.5639,
2010-09-17,86.8333,89.1654,71.2756,139.597,115.799,123.4585,120.058,123.8911,190.6021,78.7266,
2010-09-20,88.7587,90.7513,72.6967,142.1521,115.7801,123.1906,120.0099,123.382,190.905,78.8823,
2010-09-21,88.7493,90.4091,71.764,141.4797,115.7824,123.2754,120.083,123.5026,189.148,78.2709,
2010-09-22,87.6402,88.6753,70.519,139.5477,115.8146,123.7078,120.0962,124.3132,187.8152,77.6146,
2010-09-23,85.4541,87.0756,69.5276,137.2637,115.8874,123.9877,120.1661,124.2596,189.0269,76.8378,
2010-09-24,88.8356,89.351,70.8358,140.553,115.8699,124.0205,120.166,124.0184,187.2699,78.3648,
2010-09-27,86.8551,87.8677,70.3498,138.6332,115.8632,124.3859,120.1936,124.34,187.3305,77.16,
2010-09-28,87.9892,88.4379,70.8438,140.0565,115.8597,124.1245,120.1751,123.7705,187.3911,77.3899,
2010-09-29,86.6566,87.4259,70.5077,139.1647,115.7956,124.0221,120.0802,123.5896,187.2699,76.8563,
2010-09-30,85.8351,86.8007,69.3703,139.3906,115.6944,124.0465,120.0027,123.9112,186.1188,76.6064,
2010-10-01,86.9477,87.2038,69.5409,141.5072,115.649,124.2497,119.9601,123.938,186.4217,76.0417,
2010-10-04,84.5764,85.5767,67.4411,139.4858,115.7329,124.6448,120.0728,124.2663,187.0881,74.7749,
2010-10-05,87.9869,87.9562,70.1155,143.0794,115.7471,124.6454,120.0955,124.3668,188.2999,76.8542,
2010-10-06,87.4214,86.9325,70.0654,141.3648,115.7823,124.6828,120.1595,125.1975,188.421,76.1982,
2010-10-07,86.6394,86.2906,69.9068,139.2409,115.7565,124.6255,120.149,124.474,187.0276,74.7691,
2010-10-08,87.1244,86.7251,70.2101,140.837,115.7535,124.6666,120.1706,124.8558,188.1787,77.8999,
2010-10-11,86.4199,86.4986,69.8239,140.2457,115.7801,124.8676,120.2709,124.9563,189.0875,77.3406,
2010-10-12,87.3203,87.3744,69.6941,140.649,115.8159,124.8695,120.322,124.9228,189.3904,78.577,
2010-10-13,88.3839,87.8217,69.7163,142.8696,115.8115,124.6616,120.3061,124.7553,191.0262,78.6182,
2010-10-14,88.6842,87.1638,69.9441,142.1115,115.7864,125.031,120.3062,124.9563,190.1174,78.5293,
2010-10-15,87.6145,86.6917,68.88,140.8727,115.7664,124.7136,120.2922,124.8759,190.6627,77.0849,
2010-10-18,88.3073,87.7907,69.8903,142.0198,115.6829,124.74,120.1702,125.0367,190.9656,78.5104,
2010-10-19,86.3682,86.8169,69.4155,137.8032,115.6505,124.4731,120.1473,124.8223,189.0875,76.4379,
2010-10-20,89.6153,88.9206,70.9665,142.001,115.6052,124.4079,120.1199,124.6816,187.3911,79.2943,
2010-10-21,87.9536,87.6867,68.9377,139.7222,115.5823,124.4505,120.06,124.2127,186.1188,77.1022,
2010-10-22,88.5047,88.1419,69.7163,140.339,115.5485,124.1333,120.0517,124.3132,185.0888,77.7133,
2010-10-25,88.5217,88.2304,69.649,141.5871,115.5858,124.3946,120.1231,124.3199,186.2399,78.2525,
2010-10-26,87.8367,88.2145,68.9395,141.416,115.5192,124.4804,120.0289,123.9916,187.5122,78.6147,
2010-10-27,87.6052,88.5631,69.2037,139.9631,115.5054,124.0142,119.9954,123.603,187.0276,78.653,
2010-10-28,89.1873,89.0677,69.7944,141.6299,115.5123,124.0656,120.0176,123.7705,187.8758,79.4462,
2010-10-29,89.048,89.1354,69.5168,142.0302,115.5507,124.0514,120.02,124.1323,189.148,79.6971,
2010-11-01,87.2602,87.9087,67.853,141.5767,115.5622,124.1138,120.0028,124.3132,189.7539,78.5738,
2010-11-02,89.4922,89.0145,68.647,143.9988,115.5638,124.123,120.018,124.1256,187.694,79.5574,
2010-11-03,89.1047,88.5752,68.2391,143.5914,115.5919,124.3802,120.0556,124.5342,186.1794,78.936,
2010-11-04,90.7898,89.698,69.3548,145.908,115.6023,124.1717,120.0145,124.474,189.0875,80.6286,
2010-11-05,89.0335,89.3983,69.4686,144.607,115.641,123.9648,119.9726,124.3467,192.9649,80.4744,
2010-11-08,89.2798,90.1956,70.2198,145.5678,115.6414,123.9034,119.9348,124.139,195.5095,81.7657,
2010-11-09,89.7586,90.8787,70.7811,145.8653,115.653,123.9082,119.9568,123.9179,199.4476,83.0166,
2010-11-10,90.5168,91.8915,72.1156,147.9775,115.6489,123.357,119.9311,123.5628,197.6906,83.7484,
2010-11-11,89.3602,91.5214,71.6804,146.491,115.6714,123.1853,119.9423,122.9599,200.0534,83.3501,
2010-11-12,90.022,91.4645,71.9327,144.5715,115.6336,123.0492,119.9703,122.9063,195.4489,80.9606,
2010-11-15,89.4247,90.8537,71.5535,143.7474,115.6036,122.8557,119.9524,122.3905,196.4183,80.8044,
2010-11-16,87.7285,90.2184,70.9101,141.1879,115.6289,122.8087,119.9052,121.6267,192.0562,78.617,
2010-11-17,88.8458,90.8278,72.4157,142.793,115.6363,122.7901,119.9464,121.6133,193.0255,78.9065,
2010-11-18,90.5911,91.7332,73.9104,145.5054,115.6105,122.4694,119.818,120.6352,194.1161,80.7415,
2010-11-19,90.1521,91.2899,73.4214,144.4982,115.5887,122.5457,119.8884,120.8429,193.1467,79.2269,
2010-11-22,88.2357,90.636,72.7475,143.1503,115.6504,122.7092,119.9403,121.4392,193.692,78.9045,
2010-11-23,86.1413,90.2593,72.1038,140.064,115.7562,122.8143,119.9627,121.4123,200.0534,79.4948,
2010-11-24,88.6585,93.0679,74.5504,145.6161,115.7623,122.0635,119.874,120.6486,199.9323,81.9372,
2010-11-25,88.6585,93.0679,74.5504,145.6161,115.7464,121.7125,119.7838,120.3873,200.2958,81.9372,
2010-11-26,87.2944,92.3053,73.5927,142.4988,115.7581,121.6794,119.8147,120.3807,199.6899,81.8533,
2010-11-29,86.8044,93.2964,74.5192,144.7155,115.7905,121.1646,119.6647,119.4695,203.3251,82.762,
2010-11-30,86.3185,93.7211,74.917,144.9984,115.8117,120.878,119.4801,119.4695,207.2025,83.4204,
2010-12-01,90.0,96.5384,77.1071,150.427,115.8057,121.1304,119.6021,119.3958,206.839,86.5904,
2010-12-02,91.1563,96.7854,77.055,151.8465,115.8702,121.5452,119.8084,120.1529,205.5667,86.3161,
2010-12-03,91.5819,96.3773,76.958,151.3459,115.8688,121.6404,119.8438,119.9184,204.8397,87.1412,
2010-12-06,89.447,94.8401,76.167,148.8368,115.9304,121.665,119.8505,119.8648,208.3537,85.8974,
2010-12-07,90.7134,95.8159,75.9716,149.5799,115.9068,121.4228,119.8821,119.5499,206.6573,85.8583,
2010-12-08,91.619,96.4736,76.4304,149.0958,115.8422,121.1862,119.857,119.2083,202.8404,86.9897,
2010-12-09,91.6309,96.8043,76.5392,148.5143,115.7907,121.2211,119.7618,119.6705,204.4762,86.5207,
2010-12-10,92.1086,97.432,76.3734,149.2856,115.7602,120.9861,119.7098,119.7643,203.2645,86.5594,
2010-12-13,93.3682,97.8264,77.6473,150.7582,115.7619,120.9052,119.7153,119.7643,203.2645,88.145,
2010-12-14,91.9677,96.463,76.783,148.7476,115.7849,120.7113,119.7026,119.4695,203.2039,86.5818,
2010-12-15,90.7499,96.2702,76.4807,146.7186,115.7827,120.701,119.7271,119.838,203.3251,86.1773,
2010-12-16,92.3614,97.8314,77.7064,148.655,115.7675,120.5656,119.7269,119.5633,201.9316,86.6775,
2010-12-17,91.3798,97.8183,77.3963,148.7004,115.7815,120.6316,119.7859,119.8045,202.9616,87.5243,
2010-12-20,92.0824,98.6126,77.9095,148.8702,115.8188,120.9197,119.7674,120.2668,205.6879,89.1292,
2010-12-21,93.3639,99.5933,78.6507,151.5841,115.8131,120.8745,119.7811,120.0859,205.7485,89.8249,
2010-12-22,93.6135,100.1166,79.113,152.431,115.916,121.0079,119.8791,120.3338,206.4755,90.5262,
2010-12-23,93.4129,99.7797,78.8863,151.9726,115.9574,120.9967,119.9176,120.1797,205.2032,90.4826,
2010-12-24,93.4129,99.7797,78.8863,151.9726,115.9616,121.0096,119.9235,120.1797,205.2032,90.4826,
2010-12-27,93.1102,100.0917,79.3223,151.8968,115.9546,120.8084,119.9536,119.8648,204.5974,90.8239,
2010-12-28,92.1628,99.4,79.2452,150.7609,116.0328,121.0624,120.0204,120.1931,209.0201,91.0406,
2010-12-29,93.7749,100.2569,80.6067,153.8974,116.0222,120.6733,119.9353,119.9519,209.1413,91.6656,
2010-12-30,92.3571,99.0511,79.1089,153.0647,116.0494,120.8582,119.9611,120.3003,207.3237,90.1283,
2010-12-31,92.8076,98.5035,78.9422,153.2437,116.0527,120.8696,119.9663,120.3003,207.3237,91.1866,
2011-01-03,92.9222,99.0995,79.3277,154.0668,116.0977,121.0493,120.0144,121.1645,207.0208,90.9291,
2011-01-04,92.7037,99.0528,79.4061,154.7839,116.0762,121.4127,120.1067,121.4392,202.8404,89.5314,
2011-01-05,92.1975,99.835,79.0413,154.814,116.0493,121.4466,120.1768,120.9032,203.5674,90.161,
2011-01-06,92.2397,100.8832,80.0279,155.0879,116.0193,120.9597,120.0923,120.8295,205.5061,90.1415,
2011-01-07,92.7801,102.0576,81.4153,155.7514,116.0548,120.7342,120.0897,120.997,206.5361,90.9517,
2011-01-10,92.9812,102.5999,81.9511,155.1506,116.0727,120.9511,120.0718,120.5682,206.1726,92.0098,
2011-01-11,93.4498,102.4085,82.1032,155.9643,116.0756,120.9606,120.1356,120.3807,207.2631,92.5042,
2011-01-12,96.0437,103.1813,82.7242,158.8664,115.9886,120.7582,120.1653,119.9117,205.4456,93.6429,
2011-01-13,95.3515,101.8799,81.7412,155.7505,115.8736,121.0218,120.1772,120.5682,201.9316,91.8795,
2011-01-14,94.6116,100.8896,80.3643,153.5757,115.8031,121.0289,120.1339,120.7692,197.8724,90.5353,
2011-01-17,94.6116,100.8896,80.3643,153.5757,115.8033,121.03,120.1782,120.8965,199.5082,90.5353,
2011-01-18,95.825,101.5888,81.0013,154.152,115.7221,120.3172,120.0431,120.6888,198.9629,91.1567,
2011-01-19,94.1541,99.8845,80.2871,151.8834,115.7752,120.7809,120.0793,121.1042,198.1147,90.3119,
2011-01-20,93.0382,99.2036,79.1302,149.3943,115.6604,120.4902,120.0648,120.8027,195.4489,89.2463,
2011-01-21,94.291,99.3106,78.2504,147.6607,115.6086,120.5918,120.1287,120.8362,192.9044,89.8557,
2011-01-24,94.0361,98.7642,77.8746,147.1491,115.6325,120.8023,120.1944,121.0104,191.8138,88.1127,
2011-01-25,93.6642,98.6401,78.44,146.0065,115.6195,120.7553,120.1449,120.7692,189.5116,86.6332,
2011-01-26,93.9647,98.718,78.0585,146.8401,115.5932,120.4653,120.1477,120.4074,188.6634,87.9189,
2011-01-27,94.4054,98.7882,77.992,146.0834,115.5752,120.3696,120.0983,119.9787,187.2699,86.8283,
2011-01-28,91.8972,96.9713,76.5857,141.3309,115.4467,120.1416,120.0027,120.4142,190.6627,87.8258,
2011-01-31,94.3045,98.7821,77.5047,144.4092,115.4837,120.4115,120.0761,120.7156,188.9057,90.1265,
2011-02-01,95.4247,99.331,78.2513,146.3866,115.5003,120.8722,120.2066,121.0104,188.2393,89.7214,
2011-02-02,94.1329,98.3089,78.3601,144.0752,115.4812,121.0715,120.2838,121.3722,188.4816,89.504,
2011-02-03,93.8691,98.6133,79.0552,144.0149,115.5327,120.8361,120.2713,121.0238,190.178,89.028,
2011-02-04,95.0166,100.2956,80.1771,146.0273,115.5125,120.8332,120.2581,121.0506,193.2679,89.9652,
2011-02-07,95.8822,101.2912,80.399,146.7496,115.5436,120.5749,120.2965,120.796,193.9343,89.4934,
2011-02-08,96.5026,101.6247,80.7942,146.6292,115.5011,120.4627,120.2554,120.4476,194.419,89.7449,
2011-02-09,96.3653,101.1342,80.0216,142.893,115.4769,120.2789,120.2151,120.106,193.5102,89.9311,
2011-02-10,94.6053,100.479,79.403,140.5727,115.4675,120.2376,120.1576,119.8246,194.7219,89.0268,
2011-02-11,95.8401,101.9637,80.1688,143.5333,115.5197,120.1958,120.2263,119.7174,195.6913,89.3523,
2011-02-14,96.1196,102.904,81.4265,143.7811,115.5324,120.0229,120.2204,119.7509,197.1453,90.1427,
2011-02-15,96.2142,102.8004,81.0303,144.3756,115.526,119.9721,120.2106,120.1663,197.9329,89.5671,
2011-02-16,97.3751,103.3157,82.0662,145.3932,115.5755,120.3755,120.2862,120.9635,197.6906,89.689,
2011-02-17,97.1949,103.0384,82.311,145.0752,115.6249,120.5876,120.3532,121.2784,197.8118,90.073,
2011-02-18,97.2208,102.8692,81.9342,145.4147,115.5842,121.2106,120.1132,120.9836,198.2965,89.2849,
2011-02-21,97.2208,102.8692,81.9342,145.4147,115.5849,120.7893,120.1201,121.5128,200.5381,89.2849,
2011-02-22,93.9169,100.3898,79.3461,140.1882,115.528,120.7277,120.0479,121.7406,200.2958,87.9971,
2011-02-23,94.1783,99.8358,79.5368,140.4016,115.5207,120.7824,119.9416,121.2717,199.8111,89.443,
2011-02-24,93.7246,99.1124,78.805,139.822,115.5576,121.0217,119.9857,121.5865,199.6899,87.7078,
2011-02-25,94.4735,99.7668,79.5307,140.9281,115.5412,120.867,119.975,121.5798,199.0235,89.5505,
2011-02-28,96.106,101.0107,80.7972,142.6476,115.5676,120.7409,120.0892,121.5865,199.5688,90.4862,
2011-03-01,93.6807,98.7005,80.1486,140.2933,115.5545,120.7202,120.1383,121.5865,200.8411,90.291,
2011-03-02,94.9864,99.2683,79.7389,142.7256,115.5757,120.8103,120.1763,121.3454,202.1134,91.1187,
2011-03-03,95.6252,100.2884,79.9577,144.5585,115.3155,120.1531,119.9046,120.3606,198.9023,90.7634,
2011-03-04,93.8577,98.8787,78.8772,143.7556,115.3122,120.1631,119.9413,120.5213,199.2658,90.7291,
2011-03-07,93.015,97.8791,77.1844,141.4102,115.3204,120.1056,120.0487,120.6218,199.2053,90.1168,
2011-03-08,93.4274,98.9248,77.6769,143.581,115.3634,120.0706,120.0554,119.9385,200.2352,89.6529,
2011-03-09,93.8529,99.252,78.0457,144.5397,115.3684,119.9504,120.006,120.1261,199.8717,89.5633,
2011-03-10,91.4728,97.3855,76.0834,140.2176,115.4131,120.1878,120.0604,120.0323,198.5994,88.186,
2011-03-11,92.7612,98.7771,75.3845,142.7,115.4615,120.6756,120.1669,120.4008,199.0841,88.3478,
2011-03-14,91.3687,97.2416,69.4143,142.1642,115.5004,121.1519,120.3127,120.6687,198.8417,87.4497,
2011-03-15,88.6387,95.7324,68.9914,139.2253,115.6113,121.6894,120.4624,120.9769,194.6613,84.196,
2011-03-16,85.8711,93.9996,66.4742,136.4387,115.6561,121.9109,120.552,121.4123,195.5095,84.302,
2011-03-17,89.6674,95.939,70.0095,139.1296,115.5961,121.6145,120.4443,121.2382,194.5402,87.7806,
2011-03-18,89.8144,95.2719,71.1225,137.9054,115.5522,121.4263,120.4534,121.4525,195.0248,87.9629,
2011-03-21,91.1427,95.8089,72.4694,139.193,115.4591,121.1149,120.3566,121.2717,195.9336,87.3178,
2011-03-22,90.1545,95.1641,71.9614,139.1587,115.4604,120.988,120.3646,121.2114,195.6913,87.7093,
2011-03-23,90.5902,95.7661,71.8024,141.4816,115.4879,120.9261,120.3587,121.3253,198.66,88.4481,
2011-03-24,92.4512,97.108,72.2552,143.7429,115.4798,120.892,120.2029,121.4592,198.2359,89.0478,
2011-03-25,91.0626,96.9513,70.1532,142.9229,115.4544,120.867,120.354,121.3186,197.5088,89.156,
2011-03-28,92.0099,97.721,70.7457,143.6775,115.4242,120.6354,120.3629,121.1846,195.8731,88.6047,
2011-03-29,92.2125,98.0023,70.3391,144.7703,115.4255,120.5148,120.3745,121.1377,196.7212,88.3719,
2011-03-30,92.9519,98.4591,71.2739,146.2979,115.4277,120.3334,120.3806,121.5932,195.6307,88.1228,
2011-03-31,92.511,98.2549,70.3366,147.4651,115.4041,120.2341,120.1328,121.6602,197.2059,89.7905,
2011-04-01,93.4389,98.4093,70.0149,149.4328,115.3675,120.1801,120.2563,121.9483,195.6307,89.7975,
2011-04-04,93.4032,98.0429,68.7493,150.017,115.3984,120.4009,120.3388,122.4173,196.5395,89.8234,
2011-04-05,93.566,98.0506,67.4113,149.7503,115.4125,120.439,120.3571,122.1426,198.2359,89.8091,
2011-04-06,94.8282,98.3666,66.8069,150.5734,115.3912,120.4464,120.3812,121.8679,197.9329,90.1802,
2011-04-07,93.5861,97.3211,65.7284,149.2038,115.3757,120.56,120.3207,121.9952,199.2053,89.4148,
2011-04-08,94.6122,97.2106,67.1596,149.6999,115.2862,120.258,120.2182,121.8076,198.7206,91.0037,
2011-04-11,93.3388,95.8451,65.9503,146.2972,115.3204,120.4364,120.267,121.955,198.2965,88.9548,
2011-04-12,92.3632,95.2883,66.1943,143.7866,115.3841,120.7619,120.3426,121.6401,195.0854,87.4109,
2011-04-13,92.5348,95.0279,66.2844,144.5869,115.3546,120.561,120.3023,121.7071,196.2366,87.4174,
2011-04-14,93.1376,95.326,66.9082,145.3745,115.3997,120.2233,120.3225,121.6669,197.8724,88.1208,
2011-04-15,92.662,95.7401,66.8879,145.6532,115.3834,120.2429,120.2353,121.8009,200.3564,88.3017,
2011-04-18,90.4645,94.7927,66.7764,142.1952,115.4788,120.3608,120.2245,121.8344,204.9609,88.1962,
2011-04-19,92.8158,96.6041,67.8668,146.1603,115.4332,120.1902,120.2064,121.9349,203.3251,89.8716,
2011-04-20,94.7437,97.1424,68.334,148.4299,115.4194,120.2012,120.2132,121.8411,201.9922,90.1387,
2011-04-21,94.1489,96.4544,67.7704,147.9266,115.4687,120.2932,120.237,121.9818,201.2046,89.7769,
2011-04-22,94.1489,96.4544,67.7704,147.9266,115.4687,120.2932,120.2396,121.9818,201.2046,89.7769,
2011-04-25,94.112,96.0682,67.5036,146.2836,115.4687,120.2932,120.2422,121.9818,201.2046,89.3414,
2011-04-26,94.8161,96.7496,67.4684,147.3261,115.521,119.8543,120.2986,121.6066,199.7505,88.9704,
2011-04-27,95.8074,96.6586,67.0988,145.9707,115.4722,119.5819,120.1819,121.4994,200.5381,88.5623,
2011-04-28,95.4319,96.3682,68.4391,143.8748,115.4787,120.0545,120.3676,122.4441,202.1739,87.5597,
2011-04-29,95.325,96.1778,68.2734,144.1186,115.4641,120.1928,120.3998,122.9063,202.7798,88.3462,
2011-05-02,95.5116,96.3548,68.6997,144.6352,115.4635,120.6477,120.3914,123.0001,205.6879,87.577,
2011-05-03,94.5391,95.815,68.5615,141.1404,115.4508,120.6997,120.3868,122.9666,202.5375,86.7678,
2011-05-04,93.6821,95.119,68.388,138.714,115.3611,120.3273,120.3227,122.9666,199.6294,84.9646,
2011-05-05,91.3134,94.2807,67.885,137.4198,115.5302,120.6162,120.4909,123.0939,197.9935,80.3393,
2011-05-06,92.6727,96.555,69.6139,141.9399,115.5433,120.8652,120.5061,123.3753,200.0534,81.8646,
2011-05-09,94.6445,98.2219,70.8106,144.1012,115.615,121.0496,120.5549,123.5896,205.5061,84.8488,
2011-05-10,95.6119,98.9011,71.0315,145.5659,115.6276,121.043,120.5483,123.8442,205.385,85.3136,
2011-05-11,93.687,97.6224,69.6568,142.0058,115.623,121.0429,120.5825,123.7035,205.5667,82.4848,
2011-05-12,95.4838,99.4682,70.8407,144.4268,115.6713,121.3007,120.658,123.8241,204.6579,83.8025,
2011-05-13,93.5725,98.5158,69.2197,140.9984,115.6442,121.2912,120.6232,123.9179,206.5361,83.6441,
2011-05-16,94.6,99.0033,69.596,142.3876,115.6329,121.2853,120.6219,123.871,205.2638,84.0156,
2011-05-17,94.2067,98.4283,69.2701,142.0351,115.6503,121.3088,120.6326,123.7504,203.2039,83.8715,
2011-05-18,94.197,98.5359,69.2713,143.2101,115.6447,121.228,120.6167,123.8643,204.5974,84.829,
2011-05-19,95.2939,98.8664,68.3258,142.4185,115.5945,120.9651,120.5547,123.6901,203.5674,84.0279,
2011-05-20,93.2366,97.6629,67.295,140.6759,115.6723,120.9435,120.5936,123.8643,207.6872,84.4976,
2011-05-23,92.3634,97.9699,67.2754,139.8018,115.7531,121.0377,120.6024,123.8777,210.05,84.7428,
2011-05-24,93.3018,98.3702,68.4294,141.8922,115.7493,121.0318,120.6189,123.9916,210.4136,85.7581,
2011-05-25,93.7275,98.2618,68.2634,141.5683,115.8224,121.3257,120.806,124.2797,211.5647,86.5523,
2011-05-26,94.6247,98.8134,68.9467,143.5326,115.8482,122.0168,120.8224,124.6347,210.1106,86.7968,
2011-05-27,95.1961,98.8402,68.702,144.5366,115.8956,122.0383,120.8544,124.5409,209.6865,87.3272,
2011-05-30,95.1961,98.8402,68.702,144.5366,115.9073,121.9143,120.8749,124.4472,209.8683,87.3272,
2011-05-31,95.9882,98.5635,69.0133,144.9769,115.8669,121.8313,120.862,124.3266,208.596,86.7716,
2011-06-01,92.8107,95.6445,67.641,141.336,115.8855,122.0927,120.9564,124.7419,209.1413,85.1097,
2011-06-02,93.9788,96.0957,68.0994,143.4958,115.8771,122.2559,120.9832,125.0501,205.9303,86.325,
2011-06-03,93.3411,94.2134,66.8382,141.3893,115.8638,122.3523,121.0131,124.9295,205.6273,85.4842,
2011-06-06,90.8063,92.1416,65.4107,137.5109,115.8393,122.2192,120.98,124.9429,206.7178,83.6055,
2011-06-07,92.1515,92.5393,66.2618,139.2756,115.8,121.947,120.9952,124.1859,204.5368,84.4417,
2011-06-08,89.9126,91.5054,65.7314,137.3082,115.8151,121.92,120.9916,124.0787,205.5667,84.5892,
2011-06-09,91.6186,92.7345,66.5712,139.1827,115.8752,121.999,121.0283,123.6566,207.3843,85.2284,
2011-06-10,89.4432,91.988,66.3039,136.9739,115.9213,122.1985,121.0713,123.67,208.3537,84.9183,
2011-06-13,91.0243,93.236,67.1508,138.4847,115.9595,122.2295,121.1073,123.449,206.7178,84.9349,
2011-06-14,91.9747,93.8667,68.0933,139.7524,115.916,122.106,121.0766,123.4557,204.7791,84.9178,
2011-06-15,88.2659,91.9859,66.6051,136.4414,115.9566,122.0591,121.0056,123.4557,208.8989,83.2023,
2011-06-16,89.6683,93.9311,67.6604,137.9643,116.0339,122.1167,121.0129,122.645,209.8077,83.9392,
2011-06-17,91.0124,94.0978,67.7822,137.9789,115.9962,122.1501,121.0622,122.4977,209.5654,83.3858,
2011-06-20,90.1476,94.0098,67.4414,136.9385,115.9978,121.8802,121.0991,122.2632,209.5048,82.7974,
2011-06-21,92.0882,95.0299,68.3938,139.062,116.0032,122.216,121.1196,122.4307,209.4442,83.1677,
2011-06-22,90.4691,94.088,68.0453,137.139,116.0321,122.2118,121.082,122.8728,210.4136,82.3102,
2011-06-23,89.7175,94.2586,68.2297,137.6027,116.1594,122.5799,121.108,122.7857,209.1413,81.3862,
2011-06-24,88.6393,93.4533,68.8498,137.7879,116.166,122.4422,121.0723,122.4708,207.1419,80.9296,
2011-06-27,90.5164,94.9427,68.9867,140.3636,116.1795,122.493,121.0515,122.4307,204.7185,81.1621,
2011-06-28,90.7208,95.2047,69.0995,140.839,116.0819,122.4205,121.0276,122.6852,203.9309,81.6827,
2011-06-29,92.2125,95.7451,69.9835,141.7299,116.0485,122.4438,121.0927,123.4222,204.2944,82.4807,
2011-06-30,92.9703,95.8529,69.9351,142.0677,115.9943,121.7185,121.1418,123.9514,202.2951,80.5465,
2011-07-01,93.7912,97.1482,70.4508,143.5601,115.9435,121.764,121.1391,123.8576,199.387,80.4121,
2011-07-04,93.7912,97.1482,70.4508,143.5601,115.9413,121.8094,121.2238,123.7504,200.5987,80.4121,
2011-07-05,92.7557,96.694,70.3125,142.9471,115.9559,121.7443,121.2286,123.6968,203.2039,81.3407,
2011-07-06,92.5828,97.6479,71.3251,143.2264,116.0305,121.5628,121.2393,122.7991,208.5354,81.7883,
2011-07-07,94.1015,99.3258,72.2799,146.1816,116.0128,121.4386,121.1629,122.6651,207.4449,83.6143,
2011-07-08,92.3277,98.3952,71.5058,144.1918,116.1103,122.8756,121.1186,122.8058,211.08,83.2335,
2011-07-11,89.9496,97.7223,71.4358,141.7652,116.2803,121.333,120.9438,121.4123,214.8363,83.8213,
2011-07-12,90.1055,98.4182,72.464,141.9474,116.3229,121.1458,120.9524,121.2784,216.3509,85.7692,
2011-07-13,92.0254,99.2538,74.2253,144.9951,116.3761,121.3965,120.936,121.7607,218.1685,87.6406,
2011-07-14,89.5155,96.7319,72.1601,140.7752,116.3754,121.3235,120.9469,121.9014,217.9868,85.4696,
2011-07-15,90.2154,97.8224,73.1011,142.4259,116.4631,121.3413,120.9194,122.1158,219.1379,86.5972,
2011-07-18,88.6177,97.2551,72.3844,141.1183,116.5001,121.3255,120.6353,121.2717,223.1971,86.4921,
2011-07-19,90.2024,98.9118,73.336,143.2817,116.4603,121.5481,120.632,121.955,220.5919,86.9629,
2011-07-20,91.0384,98.4267,73.7739,143.0918,116.445,121.7574,120.7861,122.3972,218.7138,86.4667,
2011-07-21,92.8333,99.1131,73.8843,144.3896,116.3198,121.8628,120.9049,123.4088,217.2597,85.4978,
2011-07-22,91.8676,98.1477,73.2503,142.7977,116.3404,121.4662,121.0852,123.4021,217.9868,85.3276,
2011-07-25,91.4573,97.8146,73.141,142.8103,116.3681,121.4797,121.0015,122.4173,219.3197,85.2915,
2011-07-26,92.3175,97.5642,73.3624,143.4599,116.3952,121.4978,120.9307,122.3704,217.0174,85.9419,
2011-07-27,88.7446,94.6669,71.4673,139.6074,116.4986,121.7058,120.9525,122.1962,219.6226,84.5202,
2011-07-28,89.299,95.2789,72.0041,141.0402,116.5149,121.2394,120.8563,121.9416,219.0773,85.0743,
2011-07-29,89.607,94.8983,72.5487,142.0466,116.5856,121.3234,120.8203,122.4039,220.5919,84.6457,
2011-08-01,87.8511,94.2862,71.7127,141.6128,116.6209,121.5237,120.9293,122.2029,223.6212,84.4589,
2011-08-02,85.7264,92.532,71.611,138.2282,116.7056,121.3832,120.8221,121.9215,224.8329,85.4069,
2011-08-03,87.0616,93.6159,72.1963,138.6057,116.7185,121.412,120.8901,121.5865,227.4381,85.0008,
2011-08-04,79.4544,88.1141,66.9638,129.043,116.8611,121.5829,121.0328,121.0372,230.9521,81.2532,
2011-08-05,83.4826,89.7703,68.9459,130.8056,117.0527,121.6529,120.9781,120.729,227.741,82.4833,
2011-08-08,83.4826,82.5913,64.5908,130.8056,117.1903,122.9845,121.6589,121.0707,234.3449,78.8586,
2011-08-09,83.4826,87.1841,68.5101,126.0063,117.2117,123.4721,121.8751,120.9367,237.8588,80.6777,
2011-08-10,74.3926,82.1021,64.3935,117.5658,117.3935,124.0924,121.9199,121.687,244.6444,79.4864,
2011-08-11,79.9552,87.3566,68.046,126.3252,117.3969,124.052,122.0286,122.4106,240.1005,82.9335,
2011-08-12,80.8155,87.3162,66.9455,125.3616,117.2879,123.8989,121.9437,123.8509,236.5865,81.9416,
2011-08-15,82.5185,88.8662,67.5379,127.8488,117.243,124.0225,121.9083,123.7504,235.3748,82.5326,
2011-08-16,80.0122,87.105,66.2316,125.3169,117.2467,123.9375,121.9343,124.0184,240.9487,81.5423,
2011-08-17,80.6904,87.4074,66.4846,126.5683,117.2528,124.2965,121.9648,124.4137,240.9487,82.4396,
2011-08-18,76.2115,83.4579,64.0534,120.3351,117.4624,125.6091,122.1485,124.4003,247.3708,80.5503,
2011-08-19,75.2768,82.6956,63.912,119.707,117.3793,125.2558,122.079,123.9447,250.9453,82.3634,
2011-08-22,76.1443,82.5032,63.8475,119.2129,117.345,125.2773,121.9671,123.8576,256.2768,82.6733,
2011-08-23,78.7971,85.2674,65.1011,123.4641,117.387,125.5436,121.9792,123.6633,253.8534,83.3054,
2011-08-24,78.7128,86.0126,64.0182,121.6161,117.3197,125.1094,121.8604,123.4825,240.4034,81.5665,
2011-08-25,76.4576,84.847,63.2525,119.4563,117.3673,125.1467,121.9311,123.1006,235.0113,82.1007,
2011-08-26,77.6467,86.3158,64.7767,121.8279,117.44,125.4108,121.9944,122.7522,240.464,83.5281,
2011-08-29,79.3521,88.0483,65.1018,124.7073,117.2821,125.2121,121.9437,122.357,240.3428,82.8927,
2011-08-30,78.5344,88.1026,64.7033,124.6346,117.3999,125.2436,122.0557,122.8862,246.4014,83.7118,
2011-08-31,80.7206,89.0527,66.2555,127.9969,117.3548,125.2218,121.9664,121.8277,246.8255,84.6341,
2011-09-01,79.8945,88.4788,65.9174,127.8264,117.3727,125.0777,121.9775,122.2364,249.0066,84.3259,
2011-09-02,78.5502,86.8985,65.3484,125.9264,117.5174,125.1648,122.0578,122.1426,256.5192,84.9567,
2011-09-05,78.5502,86.8985,65.3484,125.9264,117.6316,124.9178,121.9587,121.5128,262.4565,84.9567,
2011-09-06,76.1568,87.4849,64.8233,126.3867,117.6348,124.8986,121.8972,121.0439,259.8514,85.5441,
2011-09-07,78.9246,90.3371,66.3483,130.6919,117.6051,125.2353,121.9931,121.4392,251.43,86.2449,
2011-09-08,76.7489,88.8752,65.1329,127.0431,117.6919,125.6621,122.094,121.8478,258.7608,85.8978,
2011-09-09,74.5679,87.6758,64.4472,124.3508,117.7927,125.4886,122.0457,121.8612,264.3347,85.8473,
2011-09-12,75.8426,90.2111,66.527,126.8698,117.7685,125.3045,121.823,120.2534,261.7901,87.6167,
2011-09-13,76.0648,90.6423,67.3745,126.5075,117.6505,124.7609,121.7203,119.4226,259.2455,87.3077,
2011-09-14,77.7404,91.7238,67.5313,125.9217,117.5985,124.4223,121.7573,119.1413,258.5185,86.7101,
2011-09-15,79.395,92.8994,68.0133,127.1953,117.4855,124.2574,121.8139,119.5164,249.5518,85.6848,
2011-09-16,78.2741,92.6206,68.1103,126.2857,117.5862,125.1667,121.903,120.7759,255.1257,84.1773,
2011-09-19,76.7172,92.8201,67.9515,124.0457,117.7158,124.8039,121.9805,120.7625,253.914,83.9455,
2011-09-20,78.0707,93.365,68.3587,123.9982,117.7239,124.93,121.9093,120.307,256.7615,84.2463,
2011-09-21,74.9045,90.0303,67.0671,118.6228,117.7238,124.8634,121.8552,120.3873,255.671,82.1884,
2011-09-22,72.649,87.8121,66.5279,111.1677,117.7554,125.2156,121.9122,120.8228,250.4606,79.7878,
2011-09-23,75.2674,89.0301,67.2627,115.0158,117.8007,125.2623,121.9974,120.4543,241.4334,78.56,
2011-09-26,76.2367,90.7024,67.2928,116.1771,117.8006,125.4825,122.103,120.2065,232.3455,78.7052,
2011-09-27,78.4461,91.9131,68.5141,120.134,117.6064,124.9564,121.9268,119.9385,236.5865,80.2071,
2011-09-28,76.3901,89.6104,68.19,115.9703,117.6123,124.8967,121.3628,119.9117,235.1931,77.1915,
2011-09-29,78.667,90.6167,69.6342,117.9492,117.6169,125.056,121.9621,120.5079,231.255,78.869,
2011-09-30,75.2599,88.0389,67.6007,111.6463,117.6608,125.4086,122.0482,121.2449,235.0113,75.863,
2011-10-03,74.2117,86.9733,67.6487,111.1322,117.6996,125.6277,122.1479,121.2449,235.0113,76.9367,
2011-10-04,76.6503,89.9974,69.3821,114.2652,117.7582,125.8077,122.2397,121.2248,237.7982,77.773,
2011-10-05,77.5336,90.7349,68.3877,115.7332,117.6846,125.2989,122.1559,120.4008,236.2836,77.9296,
2011-10-06,79.9273,92.3086,68.6286,119.4709,117.6051,125.3871,122.1765,120.0323,238.8282,79.1126,
2011-10-07,78.3862,91.0827,67.8122,117.2629,117.5657,125.2487,122.153,119.7241,238.0406,77.9078,
2011-10-10,82.3574,94.4311,69.7704,122.9013,117.5448,125.2824,122.2171,119.4427,237.98,79.9287,
2011-10-11,80.666,92.7962,67.9241,120.7158,117.5611,124.8928,122.1645,119.4963,237.6165,79.118,
2011-10-12,82.5405,93.54,68.3001,124.0138,117.519,124.4451,122.1209,118.6656,237.0106,79.0044,
2011-10-13,81.246,92.3642,67.5759,121.6023,117.5793,124.1683,122.0839,118.7661,235.7383,78.0235,
2011-10-14,82.9896,94.3292,67.995,124.5561,117.5407,123.8789,122.007,118.0627,235.1325,79.9622,
2011-10-17,79.2866,91.5713,67.0119,119.0956,117.6305,124.2009,121.8309,118.679,237.8588,78.3167,
2011-10-18,81.7673,94.2786,68.3062,123.473,117.5938,123.9663,121.9363,117.8215,233.4967,79.1582,
2011-10-19,79.9424,93.1903,67.266,121.1497,117.5677,123.7487,121.8879,117.4128,232.7696,77.6714,
2011-10-20,80.1811,93.4283,66.9324,118.6068,117.4999,123.6156,121.7722,117.6071,229.3768,77.1897,
2011-10-21,82.7822,95.1052,67.5688,121.8731,117.4948,123.8353,121.7686,117.7277,229.9221,77.8279,
2011-10-24,83.5156,95.7938,67.9347,126.0119,117.5439,123.5425,121.829,117.4798,231.5579,79.0288,
2011-10-25,81.6772,93.4278,66.5944,122.8536,117.5781,123.7382,121.8665,118.6388,236.8289,79.0842,
2011-10-26,83.2829,94.4978,66.8194,125.2797,117.6749,124.0736,121.5572,119.1078,242.0998,78.6705,
2011-10-27,88.2869,97.984,69.5407,133.1582,117.5895,124.1543,121.9109,119.4427,238.3435,80.6241,
2011-10-28,85.3192,95.9086,68.3576,129.2705,117.5856,123.6048,121.7469,118.8867,239.3734,79.0566,
2011-10-31,81.2909,93.8208,64.5391,124.7209,117.6602,123.6527,121.6799,118.478,241.0093,78.1284,
2011-11-01,79.4863,93.0471,65.0026,124.1543,117.7734,123.7746,121.5949,117.3994,242.2816,78.6559,
2011-11-02,82.0182,95.9778,66.1871,129.87,117.7312,123.8443,121.5719,116.6625,245.6138,80.1205,
2011-11-03,84.4962,97.4843,66.5191,130.8729,117.8174,123.6419,121.6661,117.165,249.9153,80.9675,
2011-11-04,81.9685,95.9095,65.7057,128.7053,117.8293,123.4783,121.5661,117.0511,248.4007,80.2197,
2011-11-07,82.4471,96.79,66.4625,130.1812,117.8153,123.4909,121.4524,116.0328,252.6417,80.7963,
2011-11-08,84.2669,98.24,66.3214,131.9965,117.8085,123.283,121.3789,116.073,253.7322,81.255,
2011-11-09,78.2241,94.1597,64.8092,123.6741,117.8191,122.7239,120.7293,113.6679,256.7615,79.4003,
2011-11-10,81.4636,97.1531,66.1739,127.2458,117.7301,122.2999,120.7992,112.7501,251.0059,81.0324,
2011-11-11,83.3295,98.3752,66.4817,129.5142,117.6739,122.4192,121.1672,113.9158,251.3694,81.0983,
2011-11-14,80.0166,96.1926,65.3468,126.0967,117.6657,121.976,121.1831,111.8524,254.7622,79.2694,
2011-11-15,80.973,97.8235,66.1279,128.397,117.5647,121.0417,120.6436,109.6818,255.0651,80.9238,
2011-11-16,79.9619,97.1059,65.479,126.0222,117.5271,120.847,120.6825,109.923,255.9739,81.2045,
2011-11-17,79.4009,96.034,65.8732,123.4268,117.5378,120.6678,120.8573,110.8073,251.0665,79.785,
2011-11-18,79.6742,95.8106,66.0785,123.7524,117.5374,120.7549,120.4877,112.0132,248.8854,79.5191,
2011-11-21,77.039,93.4887,64.4356,119.1341,117.6034,120.9182,120.5402,111.6849,244.1597,78.3481,
2011-11-22,76.7587,93.4365,65.1576,119.9537,117.597,120.3979,120.3256,111.0887,244.9473,78.8146,
2011-11-23,74.2022,91.1209,63.4689,115.7535,117.5152,119.572,120.1848,109.4942,245.6744,77.7191,
2011-11-24,74.2022,91.1209,63.4689,115.7535,117.4991,119.0541,120.0409,109.1592,247.5525,77.7191,
2011-11-25,74.8876,92.2513,64.3777,117.0221,117.5024,118.3836,119.667,109.3736,248.5825,78.1837,
2011-11-28,79.0096,95.0488,66.2857,122.7919,117.6102,118.9167,120.0175,109.5277,250.2789,79.1772,
2011-11-29,79.5362,95.2933,66.5597,122.2076,117.6624,118.9208,120.1135,110.3584,250.5818,80.0832,
2011-11-30,83.7969,99.1618,68.7101,129.7642,117.9207,119.9455,120.3413,112.7769,252.7023,81.2636,
2011-12-01,82.1521,98.2621,67.1589,128.2218,118.0158,120.9368,120.7774,116.0395,252.5811,80.0985,
2011-12-02,81.9371,98.0081,67.2605,127.6178,118.0072,121.8595,120.9927,116.0395,254.5804,80.3468,
2011-12-05,83.1853,99.4291,68.0069,130.1664,118.0419,122.9651,121.5634,117.9354,251.8541,79.8974,
2011-12-06,83.4238,99.7009,67.3735,128.7054,118.0134,122.9114,121.5283,117.6004,249.0066,80.4409,
2011-12-07,83.7538,99.8831,68.1873,128.978,118.066,123.0232,121.6054,115.9323,252.5205,79.6815,
2011-12-08,80.6349,97.7523,66.5635,124.415,118.0927,122.7503,121.5846,115.182,250.703,78.699,
2011-12-09,83.3237,99.8429,68.382,127.4843,118.0675,122.3387,121.409,116.4213,250.2789,79.0984,
2011-12-12,79.888,98.1924,67.0862,122.4512,118.1092,122.2947,121.2953,116.4548,246.0984,77.6691,
2011-12-13,79.921,98.7569,67.8131,123.1679,118.0934,122.7282,121.5917,116.5687,247.0678,78.9083,
2011-12-14,79.6947,98.8457,67.8588,122.8128,118.1391,122.8336,121.7906,116.8769,236.2836,77.2497,
2011-12-15,80.6988,99.4406,67.8718,123.9055,118.2718,123.4358,122.0059,117.6875,235.9807,77.0165,
2011-12-16,79.7076,99.2699,67.4314,124.4383,118.3636,123.9655,122.3571,118.1096,237.5559,77.4716,
2011-12-19,79.3351,98.1535,66.4256,121.1533,118.2927,124.3382,122.4837,118.2838,238.0406,77.4282,
2011-12-20,82.7994,101.3504,68.2815,126.513,118.3066,124.6606,122.5959,118.5048,240.4034,79.3672,
2011-12-21,81.7653,100.9245,67.1876,126.1379,118.3012,124.506,122.5722,118.1498,240.7669,79.4847,
2011-12-22,83.055,102.193,67.8868,128.2747,118.3047,124.3733,122.6093,118.344,239.5552,80.0232,
2011-12-23,83.6788,102.9803,68.3303,128.6187,118.3651,124.5602,122.6958,118.6857,240.2217,80.0385,
2011-12-26,83.6788,102.9803,68.3303,128.6187,118.3651,124.5602,122.6985,118.6857,240.2217,80.0385,
2011-12-27,83.1693,103.1048,67.5307,127.4355,118.4305,124.6883,122.7666,118.8666,237.9194,80.6018,
2011-12-28,81.5023,101.5845,66.5929,125.0899,118.4413,124.9088,122.8741,119.4427,235.496,79.5814,
2011-12-29,84.0849,103.784,68.707,127.9425,118.4807,124.8992,122.9194,119.3289,230.8309,80.3392,
2011-12-30,84.162,103.0442,69.0851,127.759,118.4528,124.953,122.9837,119.1547,236.223,80.5037,
2012-01-02,84.162,103.0442,69.0851,127.759,118.3778,124.91,123.1473,118.9805,237.253,80.5037,
2012-01-03,87.0668,104.8084,70.5322,131.8187,118.403,124.7467,123.2373,118.9202,239.737,82.5438,
2012-01-04,85.2513,104.0477,69.8354,129.9219,118.4139,124.437,123.2647,118.8465,242.6451,81.8163,
2012-01-05,84.5055,105.3299,69.6725,130.6001,118.3367,123.958,123.0349,118.5785,244.7656,81.268,
2012-01-06,84.227,106.1698,69.6417,130.311,118.3021,123.6523,122.867,118.2436,248.4007,82.4557,
2012-01-09,85.6389,107.3984,70.5095,132.8761,118.3183,123.749,122.985,118.5048,246.8861,83.4806,
2012-01-10,86.296,107.5192,70.8279,134.7505,118.3044,123.9091,123.167,118.3173,249.5518,83.3586,
2012-01-11,85.7574,107.7809,70.6537,135.108,118.3872,124.0545,123.0634,118.813,252.5811,82.9934,
2012-01-12,86.7936,108.2765,70.4998,135.9529,118.457,125.3114,123.3822,120.0859,251.3088,82.011,
2012-01-13,84.4359,106.9049,70.122,133.7038,118.4304,125.6646,124.0809,119.0877,251.3694,80.9118,
2012-01-16,84.4359,106.9049,70.122,133.7038,118.4297,126.1023,124.0741,119.0475,252.6417,80.9118,
2012-01-17,87.0588,108.62,70.9715,137.9068,118.3752,126.4027,124.0869,119.7375,253.7928,82.3599,
2012-01-18,88.3779,109.1407,71.3799,140.5097,118.3618,126.3708,124.0808,119.8045,251.7329,81.8304,
2012-01-19,88.8217,108.6929,71.2484,140.4195,118.3546,126.3342,124.0206,120.3673,249.673,81.1437,
2012-01-20,88.2455,108.2657,71.6142,139.2472,118.3513,126.451,124.0926,121.2315,250.0365,80.4293,
2012-01-23,89.4279,108.6587,72.3649,141.4681,118.343,126.8357,124.3648,121.4525,251.0665,82.3863,
2012-01-24,87.9064,107.3504,70.8964,140.1252,118.3328,126.6681,124.3695,120.7558,249.9759,81.5251,
2012-01-25,88.6792,108.1316,71.7238,141.5461,118.3488,126.7617,124.3936,120.4275,249.0066,82.7056,
2012-01-26,88.4915,107.0326,71.211,140.264,118.3778,127.5044,124.5343,121.0238,255.5498,82.4001,
2012-01-27,88.6705,107.1031,71.6655,141.1534,118.3839,128.0573,124.5572,121.4392,256.0345,82.9257,
2012-01-30,86.5024,105.8068,70.5943,137.9076,118.3739,127.7987,124.5012,121.1444,257.1856,80.95,
2012-01-31,87.5135,106.3169,71.4103,139.8206,118.403,128.0415,124.6017,121.5798,258.3367,80.8075,
2012-02-01,89.7635,107.7609,72.2026,143.592,118.4336,128.6106,125.094,122.8393,258.0944,81.2695,
2012-02-02,89.2695,107.1695,71.9166,142.9755,118.4767,128.945,124.902,124.1256,260.0937,80.9206,
2012-02-03,91.2559,108.9438,72.3209,145.7244,118.4806,128.8355,125.1905,123.9782,258.5791,81.7058,
2012-02-06,90.6237,108.9539,72.1515,144.6058,118.4857,129.0633,125.0226,124.2931,255.6104,82.1254,
2012-02-07,91.5042,109.2753,72.9305,144.9658,118.4714,128.8563,125.0559,124.5208,255.1257,82.1411,
2012-02-08,90.9455,108.5497,72.5286,144.598,118.4505,128.8907,125.0603,124.6749,255.1257,81.2611,
2012-02-09,91.0052,108.6862,72.3061,144.5322,118.4357,129.1318,125.3157,125.2176,255.9133,81.4475,
2012-02-10,88.937,107.6404,71.2553,141.0195,118.453,128.9502,125.2629,124.9094,253.9746,80.4272,
2012-02-13,90.3502,108.7827,72.2218,143.7705,118.4481,129.2849,125.3221,125.03,254.0352,80.8856,
2012-02-14,89.9319,109.2976,72.4309,143.4389,118.4424,129.0714,125.2898,124.8022,255.1257,81.2955,
2012-02-15,89.797,108.9887,73.7612,144.1018,118.4459,129.048,125.0226,124.3668,257.5491,81.3136,
2012-02-16,91.9094,110.8338,74.9409,146.5067,118.4221,128.803,124.9101,124.2127,256.5797,82.0494,
2012-02-17,91.9093,110.5451,74.6233,146.0054,118.4047,128.9682,124.9739,124.2395,254.641,81.9771,
2012-02-20,91.9093,110.5451,74.6233,146.0054,118.4055,129.1154,124.4109,125.0099,255.0045,81.9771,
2012-02-21,91.3465,109.9405,74.1081,144.5483,118.4065,129.2234,124.5486,125.298,257.7915,82.5214,
2012-02-22,90.7432,109.2677,74.1154,144.392,118.4272,129.2848,124.5604,125.365,258.3367,82.7851,
2012-02-23,91.5712,109.6464,74.4904,143.9929,118.4482,129.4788,124.6026,125.1774,261.0025,82.7258,
2012-02-24,91.5512,108.9185,73.9807,144.1589,118.4704,129.649,124.7645,125.8808,257.2462,82.4028,
2012-02-27,90.1536,108.3442,73.0295,141.7329,118.5124,129.8391,125.5813,125.9545,258.0338,81.5008,
2012-02-28,91.3652,109.1504,74.5315,144.3574,118.5293,130.0863,125.7164,126.1555,258.2156,81.979,
2012-02-29,89.9441,108.1462,72.8247,143.4958,118.5539,130.3925,125.9249,126.4637,250.8241,81.0136,
2012-03-01,92.21,109.9885,74.1261,146.5637,118.5701,131.0417,126.1579,127.6829,251.5512,82.5992,
2012-03-02,91.0124,109.6386,73.3787,146.184,118.61,131.2307,126.1673,127.9107,252.9446,82.0137,
2012-03-05,91.5953,110.3217,73.6913,145.1496,118.6061,131.1413,126.1181,127.7767,251.0665,82.0949,
2012-03-06,87.5799,108.3828,72.8764,139.8659,118.6047,130.8513,126.0517,127.1269,248.1584,80.2809,
2012-03-07,89.6672,109.9906,73.8942,142.6529,118.614,130.9147,126.0831,127.2743,249.8548,80.7192,
2012-03-08,91.9778,110.9449,75.0723,145.4613,118.6331,131.2099,126.1151,127.5423,249.1883,81.0873,
2012-03-09,90.1304,110.2413,74.6048,143.9162,118.6109,131.1894,126.0889,127.1738,253.7928,80.8206,
2012-03-12,91.5003,111.5079,74.708,143.9637,118.6226,131.4861,126.3372,127.0532,251.7329,81.4047,
2012-03-13,92.819,113.1455,75.1344,147.4008,118.5945,131.3605,126.2834,127.1403,252.2782,81.7189,
2012-03-14,92.6174,113.7834,74.8127,146.056,118.5581,131.1076,126.2375,127.3145,245.6138,81.4182,
2012-03-15,94.0802,114.9511,75.749,147.8782,118.5221,130.8954,126.2308,126.9192,245.7955,82.3112,
2012-03-16,94.6418,114.6155,75.8742,147.0758,118.4376,130.6261,126.1828,126.7249,244.8262,82.505,
2012-03-19,94.3545,114.2056,75.5313,145.4146,118.4651,130.9667,126.2034,126.8991,244.8262,81.9076,
2012-03-20,92.8288,113.4245,74.491,142.3353,118.4643,130.8432,126.1862,126.4838,243.6144,80.3903,
2012-03-21,92.2132,113.1669,74.0726,142.5087,118.4882,130.6132,126.1771,126.2024,243.8568,80.19,
2012-03-22,91.2898,112.5122,74.2528,140.5341,118.5152,130.3823,126.1109,125.9545,241.9786,79.5948,
2012-03-23,92.0839,112.9953,74.3313,141.7399,118.5483,130.6419,126.1208,126.189,243.8568,80.2587,
2012-03-26,93.1862,113.9064,74.4113,143.3685,118.5624,130.7389,126.1791,126.4704,246.5225,80.1392,
2012-03-27,91.467,112.8979,74.5707,141.7909,118.5576,130.6653,126.1474,126.3364,246.2196,79.2152,
2012-03-28,90.7145,112.6022,74.8935,139.7349,118.5834,130.5561,126.0734,126.2091,245.0079,78.6234,
2012-03-29,90.0401,112.4308,74.8337,139.5972,118.5887,130.2416,125.9114,125.8339,242.0392,77.3966,
2012-03-30,91.1126,113.0012,75.1249,140.7434,118.5807,130.4666,125.9394,126.2828,243.1298,78.4888,
2012-04-02,92.2673,113.4488,74.9484,142.2018,118.6065,130.6952,126.0239,126.2024,246.0984,79.1888,
2012-04-03,90.4264,113.1963,74.1306,141.6497,118.6032,130.6331,126.0217,126.055,244.4021,78.9665,
2012-04-04,88.8571,112.9904,73.0278,140.2344,118.614,130.2469,125.8505,124.9697,239.8581,78.5103,
2012-04-05,88.5248,113.6314,73.4789,141.8639,118.6232,129.836,125.7091,124.0251,242.948,79.2019,
2012-04-06,88.5248,113.6314,73.4789,141.8639,118.6232,129.836,125.7118,124.0251,242.948,79.2019,
2012-04-09,88.5219,112.9134,73.3932,140.4673,118.6232,129.836,125.7144,124.0251,242.948,79.2178,
2012-04-10,85.9757,110.7452,72.3135,137.3933,118.6424,129.5859,125.4387,124.1457,244.0991,78.0626,
2012-04-11,87.794,111.9636,73.4991,139.2913,118.6438,129.699,125.2738,124.829,246.5831,78.4955,
2012-04-12,89.3096,113.0261,73.6141,142.3578,118.6669,130.0912,125.4815,125.5927,247.4919,79.2535,
2012-04-13,86.4063,111.0963,72.4083,139.4605,118.6775,129.9146,125.2666,125.0099,248.3401,77.7143,
2012-04-16,88.2716,112.1509,73.2942,140.1751,118.6534,129.7049,125.2044,124.5677,245.9167,77.8795,
2012-04-17,89.6437,113.2029,73.3509,141.0201,118.6369,129.8841,125.2948,124.6079,245.1291,77.5754,
2012-04-18,88.7232,112.7462,73.1532,140.2633,118.6428,129.958,125.2854,124.6816,243.9174,76.6974,
2012-04-19,88.3467,112.1547,72.7903,139.7972,118.6044,129.8369,125.3556,123.8643,244.0991,77.0327,
2012-04-20,89.294,112.1209,72.7966,140.4846,118.6057,129.6381,125.269,123.7638,241.9786,77.2004,
2012-04-23,86.9416,110.6812,71.6527,137.1805,118.6024,129.5541,125.2791,123.0671,242.0998,76.8928,
2012-04-24,88.091,111.548,72.3886,138.0297,118.6251,129.9125,125.4077,123.2882,242.4633,77.1451,
2012-04-25,89.221,112.6826,72.5095,138.8066,118.6564,130.1373,125.6821,123.6901,242.0392,77.3824,
2012-04-26,89.4231,113.1684,72.6893,139.2975,118.6928,130.1772,125.5991,123.9782,243.978,77.5887,
2012-04-27,90.2259,113.714,72.6967,139.9383,118.6999,130.008,125.4553,124.2328,244.7656,78.3405,
2012-04-30,89.3242,112.8595,72.2702,139.1064,118.7267,130.5198,125.8002,125.097,244.3415,78.5443,
2012-05-01,90.1312,113.5765,71.5377,140.0475,118.7267,130.5198,125.8029,125.097,244.3415,78.648,
2012-05-02,89.0179,113.2376,71.1667,139.7839,118.753,130.5822,125.76,125.1305,244.4626,77.3052,
2012-05-03,88.9219,113.1626,71.0682,139.7029,118.7447,130.7693,125.8215,125.4789,242.5845,77.4344,
2012-05-04,87.303,111.261,70.4987,137.1571,118.7815,131.0892,125.9515,125.8205,243.5539,76.5202,
2012-05-07,89.467,112.9374,71.8118,139.6266,118.7973,131.2773,125.9829,125.8607,244.4021,77.7307,
2012-05-08,87.3907,111.6979,70.708,136.446,118.7915,131.5927,126.0711,125.5124,239.9793,76.7903,
2012-05-09,86.4992,111.601,70.4633,135.3618,118.7648,130.7442,125.7495,124.4606,239.434,76.6114,
2012-05-10,87.4623,112.3398,71.0876,136.5508,118.7745,131.1171,125.8775,125.3047,240.1005,76.9217,
2012-05-11,86.9853,112.0157,70.3372,134.8145,118.7795,131.1723,125.8337,125.4722,239.1311,76.2826,
2012-05-14,85.3037,111.0776,69.7666,132.1031,118.7849,130.767,125.5166,124.6816,237.1318,75.3222,
2012-05-15,84.5037,111.024,69.2168,131.6458,118.7782,130.6136,125.5055,123.9648,237.1924,76.1054,
2012-05-16,84.5442,111.4367,68.9694,130.7583,118.7759,130.4364,125.4164,124.6481,235.9807,77.2633,
2012-05-17,83.1913,109.8259,69.6132,129.0263,118.8173,130.2856,125.2333,124.6414,241.6151,77.7389,
2012-05-18,83.0923,109.1631,68.7846,128.1179,118.8005,130.5009,125.2988,124.5208,244.2809,78.2285,
2012-05-21,84.7498,110.3908,69.075,130.4095,118.8148,130.4462,125.3353,124.4673,242.7662,78.1389,
2012-05-22,84.0078,110.2584,68.7954,128.6641,118.8248,130.5248,125.2903,125.2846,242.5239,76.6372,
2012-05-23,84.1243,111.5887,69.0456,129.2519,118.8537,130.8648,125.4295,124.9362,238.3435,76.8773,
2012-05-24,84.314,112.7284,69.3011,129.656,118.8792,131.3797,125.4529,125.7535,243.0086,77.3136,
2012-05-25,84.4624,112.5885,69.0485,129.2901,118.8898,131.216,125.3906,126.1823,243.6144,77.4099,
2012-05-28,84.4624,112.5885,69.0485,129.2901,118.9053,130.9847,125.2574,125.8674,244.8262,77.4099,
2012-05-29,85.314,114.0522,69.9719,133.061,118.8908,130.9036,125.2264,125.7937,243.4327,76.709,
2012-05-30,83.1668,112.8196,69.29,131.2534,118.892,130.4574,124.9416,125.1171,243.5539,75.8297,
2012-05-31,84.1386,113.5124,70.5839,132.9149,118.9088,130.9146,124.9801,125.2846,246.8861,75.865,
2012-06-01,82.2633,110.7641,68.7463,129.482,118.9399,131.4604,124.9674,126.0081,253.4899,75.1012,
2012-06-04,82.784,110.3564,69.3176,129.6287,118.925,131.6161,125.0917,126.1287,251.7935,75.3775,
2012-06-05,82.3281,110.2404,69.5883,128.8682,118.9307,131.6808,125.1276,126.1153,253.2475,74.5548,
2012-06-06,85.488,113.1404,70.9532,133.1325,118.8663,131.6755,125.2384,126.3699,254.7622,75.9837,
2012-06-07,84.8781,112.2072,69.8565,132.7526,118.832,131.5274,125.3855,125.8406,245.7955,74.9776,
2012-06-08,85.0879,113.1279,69.2488,131.6406,118.8709,131.1502,125.2933,126.3163,247.1284,75.0554,
2012-06-11,83.4196,111.0316,68.5289,128.9653,118.8401,130.5969,125.079,125.4119,247.4919,73.7527,
2012-06-12,86.3095,113.8128,70.2349,133.4211,118.7905,129.6293,124.7871,123.9179,252.0358,74.9986,
2012-06-13,85.2424,112.8451,69.693,132.6497,118.7903,129.3624,124.6945,123.9045,250.7635,74.3458,
2012-06-14,85.6317,113.4139,69.8565,132.8566,118.8042,129.3131,124.6611,124.5677,251.3088,75.1347,
2012-06-15,86.5161,114.084,70.5694,134.7071,118.855,129.719,124.7333,125.9143,250.8241,74.6375,
2012-06-18,85.1838,113.6123,70.2963,134.1653,118.8819,129.4399,124.6515,125.3114,252.4599,74.9042,
2012-06-19,88.0817,115.6877,71.2846,137.4892,118.857,129.6592,124.699,125.5592,249.3095,76.3062,
2012-06-20,87.9405,114.7435,71.4375,136.1413,118.7935,129.6802,124.9089,125.7669,246.462,75.0664,
2012-06-21,85.4499,112.1688,70.4049,131.1555,118.8352,130.2046,125.1251,125.6664,243.2509,73.5865,
2012-06-22,87.2083,114.1937,71.6022,132.9247,118.8278,130.3559,125.2925,125.3382,242.8874,74.8932,
2012-06-25,84.8926,112.4895,70.5754,130.6099,118.8712,130.0188,125.041,124.2328,245.7349,76.1791,
2012-06-26,85.7055,113.3525,71.5546,132.0836,118.8553,129.5843,124.8786,123.1341,245.6138,76.8339,
2012-06-27,86.5822,114.5319,72.2091,133.1138,118.8527,129.1174,124.6837,123.248,245.8561,77.3944,
2012-06-28,86.363,114.3334,73.324,132.6263,118.8575,129.1773,124.7588,123.2279,243.5539,76.8875,
2012-06-29,90.6087,117.4903,75.0311,138.8647,118.845,130.2321,125.2927,124.628,245.7349,79.7485,
2012-07-02,89.6984,115.8489,73.5255,136.5134,118.8743,131.1965,125.6626,125.3449,247.6131,78.6128,
2012-07-03,90.9957,117.2931,74.9006,140.0469,118.9236,131.5618,125.735,126.6579,250.0365,81.1714,
2012-07-04,90.9957,117.2931,74.9006,140.0469,118.9295,131.5773,125.7534,126.3096,251.3088,81.1714,
2012-07-05,89.3902,117.375,74.3415,139.2984,119.0272,131.0839,125.5779,125.6262,253.2475,82.1289,
2012-07-06,89.1428,117.4294,74.7694,138.1349,119.1053,131.4376,125.5717,125.5793,251.3694,81.0025,
2012-07-09,90.0369,118.4302,75.0972,138.9834,119.1134,131.1251,125.4615,125.0568,251.6117,83.4455,
2012-07-10,89.2671,116.9508,74.0062,136.9136,119.1076,131.5703,125.6657,125.8808,252.3993,81.8051,
2012-07-11,90.0615,117.559,74.5418,138.3255,119.1473,132.0529,125.7961,126.9862,250.8847,82.8428,
2012-07-12,89.1403,117.0769,73.4636,136.1217,119.1591,132.219,125.9333,127.2877,249.3095,83.1466,
2012-07-13,91.1146,119.5734,74.5243,139.3736,119.1782,132.2212,125.9862,127.0532,253.6111,84.6322,
2012-07-16,90.6754,118.7446,73.8586,138.4103,119.1811,131.9984,125.8915,127.3145,253.1264,85.1916,
2012-07-17,91.0029,119.3696,73.4176,140.0252,119.1758,132.4873,126.0086,127.7365,251.7935,84.6937,
2012-07-18,91.4655,119.9883,73.4975,139.3569,119.1723,131.9477,125.8676,127.6026,251.1876,85.7518,
2012-07-19,92.4794,120.4802,74.1715,140.8571,119.1698,132.162,125.8413,128.0581,252.6417,87.447,
2012-07-20,90.0186,119.3839,72.3976,138.7782,119.1915,131.7539,125.5479,128.2926,253.6716,87.5921,
2012-07-23,88.895,119.6362,72.3101,136.8151,119.1404,131.1741,125.252,127.3614,253.6716,87.0654,
2012-07-24,87.614,118.6376,71.6731,136.2656,119.1109,130.3444,124.9273,126.3498,254.4593,86.1293,
2012-07-25,88.9175,119.2771,72.0433,137.6283,119.0919,130.1693,124.8237,126.5441,257.428,87.1473,
2012-07-26,91.768,120.461,72.6398,139.8297,119.1252,131.7057,125.3231,127.4418,255.671,86.1771,
2012-07-27,92.9496,121.2814,73.1032,142.1168,119.1266,131.9837,125.7228,127.6896,255.3075,86.0583,
2012-07-30,92.6814,121.0431,72.5565,141.0122,119.1764,132.0992,125.8187,128.2658,257.7309,87.013,
2012-07-31,92.2507,120.6402,72.7434,140.8845,119.1943,132.2766,125.9143,128.8151,256.398,86.4681,
2012-08-01,92.1618,120.1952,72.2962,140.7387,119.2136,132.4691,125.9886,128.6745,253.914,85.7221,
2012-08-02,90.7094,119.8789,72.2832,139.6852,119.1998,132.7594,126.0019,129.4516,255.4286,84.6387,
2012-08-03,95.2702,122.8701,73.4604,144.736,119.1602,132.7571,126.4253,129.4181,252.7023,86.219,
2012-08-06,93.9813,120.649,72.7113,142.7329,119.1801,133.4287,126.8641,129.5253,253.2475,84.6358,
2012-08-07,95.0167,121.6307,73.8179,143.5683,119.1578,133.2852,126.7865,129.264,253.0052,85.118,
2012-08-08,94.9765,121.8081,73.6761,143.889,119.1832,133.2501,126.551,129.4315,254.2169,85.3982,
2012-08-09,94.9324,122.0466,73.9176,144.6543,119.1808,133.347,126.5569,129.6392,255.9739,85.9713,
2012-08-10,95.8226,123.0343,74.4748,146.2691,119.2029,133.2793,126.427,129.8602,257.0038,85.7824,
2012-08-13,95.5044,123.1425,74.4158,145.1759,119.1743,133.0879,126.4279,129.9607,255.3681,84.734,
2012-08-14,95.4567,122.658,74.032,144.5483,119.1528,133.0978,126.4564,130.1215,253.3687,84.4687,
2012-08-15,95.4471,122.8125,73.6387,144.3513,119.1401,132.9892,126.5847,129.753,254.3381,84.8197,
2012-08-16,96.8003,124.0847,74.8252,146.1075,119.1566,133.1235,126.5903,129.5588,254.944,85.2314,
2012-08-17,96.3501,123.5636,74.9732,144.5849,119.1442,133.2064,126.8526,129.9473,255.9739,85.1596,
2012-08-20,96.3344,123.8257,74.9662,144.81,119.1362,133.4861,126.9538,129.8803,255.9133,85.915,
2012-08-21,96.8972,123.2442,74.8405,144.3526,119.136,133.5731,126.9647,129.7597,256.0951,86.7103,
2012-08-22,95.8552,122.0779,74.0213,142.9968,119.1288,133.7526,127.0319,129.7664,256.6403,86.269,
2012-08-23,94.6778,120.5204,73.6796,141.0335,119.1407,133.7982,126.9396,129.8736,259.3061,85.5359,
2012-08-24,94.3294,120.9904,73.4436,140.7681,119.1678,133.9034,126.9492,129.7731,259.0032,84.9801,
2012-08-27,95.0951,121.5663,73.5396,139.9605,119.151,134.0211,127.0908,129.6258,260.2755,84.8926,
2012-08-28,95.0323,121.4734,72.9213,139.7095,119.1328,133.9145,127.124,129.4114,259.3061,84.813,
2012-08-29,94.0999,120.884,72.7478,138.2563,119.1246,133.4434,127.2636,129.0697,257.6097,84.7679,
2012-08-30,93.3574,120.4049,71.6399,137.0876,119.1564,133.3376,127.2496,129.331,258.0944,85.0647,
2012-08-31,94.6244,121.1763,71.8359,138.6166,119.1443,133.5294,127.3023,129.3645,259.7302,85.9138,
2012-09-03,94.6244,121.1763,71.8359,138.6166,119.131,133.3413,127.4137,129.2372,261.9719,85.9138,
2012-09-04,93.7843,120.3376,70.4588,137.0125,119.1353,132.985,127.5965,129.1032,262.6989,85.6921,
2012-09-05,94.2368,120.7346,69.8809,136.8771,119.1511,133.3149,127.6325,129.0764,261.7295,85.5162,
2012-09-06,96.5692,122.5212,70.4488,139.1523,119.0873,134.2235,127.5674,128.8754,263.0624,85.0357,
2012-09-07,97.6922,122.7039,71.2224,142.0344,119.0758,134.4858,127.7263,129.2305,264.4559,85.6726,
2012-09-10,95.4584,120.4501,70.3137,138.428,119.065,134.3278,127.6737,128.929,263.7288,84.8882,
2012-09-11,97.1174,121.1105,70.8135,140.4606,119.0639,134.3926,127.7068,129.1166,262.7595,85.6,
2012-09-12,96.7634,120.6614,71.0884,140.093,119.0592,135.4478,127.7496,128.8285,261.7295,85.4988,
2012-09-13,97.9893,122.0119,71.9583,143.2987,119.0669,135.0667,127.7315,129.0898,261.7295,85.8853,
2012-09-14,98.3193,121.6989,72.2204,143.9652,119.0115,134.8346,127.6474,128.9558,263.0018,86.123,
2012-09-17,96.8577,120.151,70.8641,141.07,119.021,134.2657,127.5819,129.063,262.7595,83.0771,
2012-09-18,96.3627,120.111,71.0498,141.2058,119.0401,134.7499,127.6535,128.9625,264.2135,82.7407,
2012-09-19,97.2172,120.7642,71.5493,141.8963,119.0476,135.3271,127.6917,128.7079,264.3953,82.8803,
2012-09-20,96.3827,120.6622,70.7243,140.9215,119.0632,135.3078,127.6714,128.6209,265.4252,82.521,
2012-09-21,97.3974,121.3992,71.5684,142.1819,119.0605,135.3426,127.6808,128.8151,266.0917,83.745,
2012-09-24,96.9952,121.2633,71.4432,142.101,119.0623,135.4773,127.728,128.5137,266.2128,82.9779,
2012-09-25,96.3226,120.2218,71.5915,140.2807,119.0596,135.3755,127.6061,128.5003,266.4552,83.3599,
2012-09-26,95.2556,119.9312,71.0532,140.0825,119.0761,135.0289,127.4925,129.0027,264.6982,82.9012,
2012-09-27,96.6878,121.2345,72.002,142.5109,119.0764,135.0747,127.467,129.1367,267.7881,83.9208,
2012-09-28,94.3662,120.3775,70.4431,141.3073,119.086,135.2736,127.4975,129.6392,269.0604,84.5377,
2012-10-01,96.2059,121.6772,70.7838,143.8701,119.0691,135.4703,127.5745,129.5253,268.4545,85.611,
2012-10-02,96.262,121.0548,70.0407,143.1911,119.0774,135.7025,127.6837,129.4449,267.4852,84.9696,
2012-10-03,95.5716,121.2827,69.5801,141.9203,119.0854,135.7081,127.637,129.4449,267.4852,83.7129,
2012-10-04,96.8973,122.0889,70.3885,143.316,119.0809,135.7099,127.6403,129.9607,268.6363,84.625,
2012-10-05,96.4029,121.2137,69.8791,142.2788,119.0703,135.9269,127.6805,130.1751,266.2128,83.3487,
2012-10-08,95.6707,120.8147,69.5071,141.0423,119.0965,135.9901,127.6992,130.3225,266.6369,83.037,
2012-10-09,94.2559,119.9782,68.5686,140.4098,119.0891,135.9244,127.6081,130.5235,266.9399,83.6281,
2012-10-10,95.1033,120.3111,68.6603,140.8451,119.1016,136.0552,127.6545,130.4833,266.334,83.9762,
2012-10-11,95.8781,120.3784,69.046,142.1499,119.0881,136.0804,127.6895,130.2421,266.7581,85.1092,
2012-10-12,95.24,119.2894,68.7232,140.8836,119.1053,136.6371,127.8118,130.3895,265.1829,83.4902,
2012-10-15,96.1854,120.1895,69.1297,141.5929,119.1024,136.6884,127.8136,130.0746,261.0025,82.4907,
2012-10-16,97.7426,121.1717,69.9899,142.7819,119.0741,136.4753,127.8246,129.3243,260.7602,82.5019,
2012-10-17,97.5864,120.4268,69.624,142.3751,119.0503,136.7269,127.9335,129.1032,259.9725,82.1897,
2012-10-18,96.8861,120.0351,70.0321,141.8778,119.0316,137.0487,127.8038,129.1099,259.609,82.6253,
2012-10-19,95.9802,118.4621,69.3749,140.1956,119.0334,137.1994,127.8031,129.264,257.8521,82.1309,
2012-10-22,96.9441,118.9029,70.6135,142.0538,119.012,137.1344,127.7468,129.2506,257.3068,81.913,
2012-10-23,94.1393,116.8254,68.914,138.6308,119.0279,136.9507,127.6708,128.9089,256.8827,80.9153,
2012-10-24,94.8199,117.3628,69.5804,139.7997,119.0468,136.8178,127.6356,128.9893,255.8527,81.2897,
2012-10-25,95.4629,117.7804,70.1611,141.4227,119.0518,136.7846,127.6303,128.9625,257.8521,81.2472,
2012-10-26,95.7233,117.958,69.9233,140.6242,119.0743,137.0768,127.6347,128.8687,258.2156,81.0341,
2012-10-29,95.7233,117.958,69.9233,140.6242,119.0828,136.8712,127.6417,128.8821,258.155,81.0341,
2012-10-30,95.7233,117.958,69.9233,140.6242,119.0994,136.8555,127.6894,128.8151,257.0038,81.0341,
2012-10-31,95.6684,117.7367,69.3329,140.156,119.0887,137.1404,127.7442,129.0429,259.2455,80.6725,
2012-11-01,96.6881,118.9463,70.008,142.4103,119.0918,137.3613,127.8261,129.4583,258.4579,80.8282,
2012-11-02,95.7945,118.0415,69.5625,141.8448,119.1105,137.3376,127.8183,129.5454,255.0651,79.4074,
2012-11-05,96.316,119.3937,70.2156,143.8647,119.1141,137.0442,127.8828,129.4248,256.2162,80.2106,
2012-11-06,97.5801,120.5673,70.5101,145.2888,119.1303,137.3984,127.8948,129.8535,257.7915,81.6431,
2012-11-07,95.8559,117.7835,69.6275,142.8471,119.1678,137.5522,127.9609,129.7396,261.0631,80.7014,
2012-11-08,95.183,116.8054,69.5787,141.5857,119.1597,137.286,127.9598,129.6995,263.4865,81.3343,
2012-11-09,95.1444,117.0412,69.6586,142.0254,119.1684,137.3716,127.9632,129.7865,265.7887,81.0208,
2012-11-12,95.4949,117.3315,69.0742,142.7849,119.1628,137.422,127.949,129.666,265.4252,80.7884,
2012-11-13,95.1146,117.0551,69.2296,141.6594,119.1734,137.4008,127.9931,129.7664,265.0012,81.1703,
2012-11-14,94.2673,115.475,68.371,139.471,119.1531,137.4535,128.0265,129.6927,264.2135,81.4229,
2012-11-15,94.0572,115.0745,69.3401,139.7083,119.1624,137.4918,127.9727,129.7128,261.3054,80.7932,
2012-11-16,93.0843,115.1714,70.2991,139.5534,119.1704,137.6066,128.0229,129.7196,262.6989,80.7344,
2012-11-19,95.6086,117.7322,71.4472,142.2832,119.1575,137.5794,127.9853,129.9205,263.6077,81.976,
2012-11-20,95.8715,117.6914,71.2363,141.8959,119.1357,137.4371,128.0227,129.5722,263.3047,81.9896,
2012-11-21,95.808,117.4971,71.0635,141.1219,119.1177,137.5196,128.0396,129.7798,262.5777,81.9714,
2012-11-22,95.808,117.4971,71.0635,141.1219,119.1219,137.6938,128.1251,129.8937,261.7901,81.9714,
2012-11-23,97.7402,118.5364,71.5759,142.754,119.131,137.8628,128.2135,130.1215,262.8806,82.1986,
2012-11-26,96.6818,117.4564,71.0746,141.7541,119.1327,137.9843,128.6644,130.155,263.0018,81.0896,
2012-11-27,95.9861,116.6674,70.5775,140.3345,119.1211,138.0613,128.6734,130.2086,263.0018,81.3195,
2012-11-28,97.2424,118.0498,70.92,141.6479,119.1517,138.7216,128.8074,130.6575,258.7003,81.244,
2012-11-29,98.0645,118.4625,71.6798,142.5055,119.1377,138.792,128.8021,130.4431,259.1243,81.1875,
2012-11-30,97.9536,118.3033,71.339,142.2159,119.1399,138.8328,128.7632,130.6374,256.5797,80.852,
2012-12-03,98.1511,117.5099,70.906,141.8933,119.1305,138.9779,128.8444,130.5704,255.671,80.9162,
2012-12-04,98.6482,117.3438,70.9823,142.3009,119.1268,139.0319,128.833,130.7914,252.7629,80.3083,
2012-12-05,98.1026,116.6318,70.4269,142.7043,119.1484,139.0149,128.8209,131.18,251.6117,80.2454,
2012-12-06,98.2592,117.2881,70.9632,144.103,119.1714,138.7552,128.7686,131.3207,255.3075,79.914,
2012-12-07,98.6944,118.6119,71.7771,145.7323,119.2145,138.7877,128.7558,131.2805,255.8527,80.1149,
2012-12-10,99.4045,119.1895,71.8657,147.2014,119.2151,138.2562,128.6678,131.113,258.2156,80.1459,
2012-12-11,99.8644,119.7021,71.61,147.5854,119.2095,138.2854,128.7035,131.3475,256.0951,79.8508,
2012-12-12,99.7032,119.071,71.5026,147.1767,119.2072,138.4975,128.8246,131.2939,255.7921,79.4101,
2012-12-13,98.9648,117.8558,70.9059,145.9314,119.208,138.5343,128.8114,131.3944,253.2475,78.3665,
2012-12-14,99.4713,117.3104,71.2202,146.4394,119.2063,138.8662,128.7866,131.3944,251.5512,78.7856,
2012-12-17,99.1607,117.9036,71.427,145.8391,119.1859,138.7731,128.8122,130.979,250.9453,78.2267,
2012-12-18,100.191,119.2251,72.5066,146.8696,119.1701,139.0107,128.91,130.8651,248.0978,78.0829,
2012-12-19,99.8323,117.7475,73.2806,146.0677,119.1597,139.1909,128.9464,131.2872,245.7955,77.2444,
2012-12-20,100.3845,118.5657,74.3542,147.1156,119.1719,139.3829,128.9383,131.582,241.494,76.944,
2012-12-21,99.3126,117.2908,73.7739,145.189,119.1747,139.2994,128.9514,131.7495,244.6444,77.0936,
2012-12-24,99.4643,117.4231,74.0855,145.4989,119.181,139.3301,128.8057,131.7495,244.6444,77.1194,
2012-12-25,99.4643,117.4231,74.0855,145.4989,119.181,139.3301,128.8085,131.7495,244.6444,77.1194,
2012-12-26,99.5791,116.942,74.0182,145.9542,119.181,139.3301,128.8112,131.7495,244.6444,77.2597,
2012-12-27,99.6072,116.3851,73.8403,146.2737,119.1693,139.3365,128.6572,131.8298,244.7656,77.0883,
2012-12-28,98.1118,114.914,73.1739,146.5394,119.1883,139.4464,128.6285,131.8164,245.1897,76.9642,
2012-12-31,100.2082,117.0669,73.9054,148.9733,119.1917,139.4853,128.6448,131.8164,245.1897,77.1891,
2013-01-01,100.2082,117.0669,73.9054,148.9733,119.1917,139.4853,128.6476,131.8164,245.1897,77.1891,
2013-01-02,101.6481,120.3389,75.8959,152.2392,119.1538,139.4206,128.8948,131.5284,249.673,77.5134,
2013-01-03,100.5748,120.2097,75.3015,151.3415,119.1215,139.3577,128.8736,131.0259,249.4912,76.8,
2013-01-04,102.5821,122.1223,75.8573,153.384,119.0803,139.1815,129.0673,130.4498,245.0079,77.586,
2013-01-07,101.8939,121.4647,74.9651,151.82,119.0789,139.1473,128.9751,130.7044,244.8867,77.4742,
2013-01-08,101.1157,120.5834,73.6428,149.7993,119.097,139.3749,129.0852,130.8316,246.8255,76.9459,
2013-01-09,101.7573,121.285,74.8799,150.9342,119.1062,139.4499,129.1602,130.6307,247.3708,76.952,
2013-01-10,103.614,122.5067,75.652,152.5795,119.0671,139.9763,129.3065,130.4029,247.189,77.6437,
2013-01-11,102.339,120.4835,74.6342,148.8646,119.0369,139.9451,129.276,130.3091,242.221,76.5712,
2013-01-14,101.5773,119.6008,74.5881,148.5065,119.0361,139.6028,129.2366,130.2488,243.1903,76.6534,
2013-01-15,101.0913,119.5399,74.2746,147.6988,119.0367,139.7927,129.236,130.2019,245.6744,76.636,
2013-01-16,101.1497,120.1472,73.758,148.3358,119.0315,139.7548,129.2038,130.0478,245.9167,77.1101,
2013-01-17,102.3666,121.0844,74.1579,149.3691,118.9598,139.5482,129.1444,129.4985,246.2802,77.6214,
2013-01-18,101.5174,120.6124,74.0045,148.7881,118.9504,139.3764,129.1508,129.9004,247.4313,77.5162,
2013-01-21,101.5174,120.6124,74.0045,148.7881,118.9653,139.4636,129.16,129.5052,247.189,77.5162,
2013-01-22,102.2074,121.8191,73.5907,149.2369,118.9824,139.5182,129.1759,129.8736,248.1584,78.1685,
2013-01-23,102.2291,121.9924,72.9745,148.4082,118.9937,139.5074,129.1988,130.1282,247.0678,77.8572,
2013-01-24,102.8627,122.0755,73.8334,147.9353,118.9941,139.5903,129.1896,130.0277,243.7962,77.6296,
2013-01-25,103.7749,122.203,74.0223,146.7634,118.8692,139.3323,129.1265,129.7128,240.6458,76.9992,
2013-01-28,102.6268,121.1804,72.374,144.6868,118.815,138.9682,129.0541,129.5588,239.6158,76.2814,
2013-01-29,103.3628,121.8353,73.4496,146.5184,118.8553,139.3166,129.1066,129.5856,240.3428,76.6872,
2013-01-30,102.9751,120.9503,73.9459,145.3343,118.8125,139.0486,129.0571,129.5789,241.2516,77.5458,
2013-01-31,101.8729,119.97,73.6757,144.8074,118.8316,138.8661,128.9686,129.9071,238.6464,76.9801,
2013-02-01,102.6104,120.8243,73.2237,145.3002,118.8985,139.1532,129.0277,130.1215,237.7377,76.7751,
2013-02-04,99.5231,119.1361,73.0949,142.9781,118.9083,138.4594,128.9785,130.0143,240.4034,76.382,
2013-02-05,101.3559,121.5594,73.6135,144.5924,118.8921,138.5975,129.054,129.9808,239.3734,77.4673,
2013-02-06,100.416,121.0233,74.1953,143.6864,118.9053,138.5247,129.0248,130.0612,241.191,76.8877,
2013-02-07,99.719,121.377,74.7331,143.016,118.9501,138.8553,129.0536,130.3828,244.2203,76.3929,
2013-02-08,101.4912,123.2788,75.1845,145.5149,118.9625,139.0179,129.0305,130.3962,242.948,77.1974,
2013-02-11,101.0628,123.4492,76.1283,145.6783,118.967,138.7735,129.0785,130.2287,239.3734,76.8946,
2013-02-12,101.7889,123.3269,75.4042,145.6925,118.9498,138.9577,129.1269,130.088,238.6464,76.5447,
2013-02-13,101.9262,122.9873,74.8342,145.8939,118.9334,139.5738,129.1536,129.9741,238.5859,76.3238,
2013-02-14,101.1359,123.17,74.1307,145.9102,118.971,139.6384,129.2232,130.1081,239.9793,75.9445,
2013-02-15,101.5245,123.868,74.4137,146.3782,118.9768,139.6807,129.2459,129.6995,234.5266,76.1693,
2013-02-18,101.5245,123.868,74.4137,146.3782,118.9807,139.7334,129.2267,129.7196,234.7084,76.1693,
2013-02-19,102.8083,124.8497,75.5723,146.7404,118.9779,139.8278,129.2461,129.6392,233.6784,76.2574,
2013-02-20,101.0371,122.846,75.5225,144.9141,118.9581,139.6184,129.2104,129.3645,231.1338,75.4091,
2013-02-21,100.417,123.2278,75.3141,144.245,118.9927,139.421,129.2032,129.5655,232.7696,75.3434,
2013-02-22,102.5184,125.1753,76.9798,145.7464,119.0414,139.7039,129.2828,129.4717,232.5879,75.756,
2013-02-25,99.2566,122.779,75.9069,143.7762,119.0155,140.279,129.3586,129.4717,234.6478,75.616,
2013-02-26,101.227,124.8577,78.1253,146.0324,119.0839,138.9113,129.0007,129.6727,240.8881,76.619,
2013-02-27,102.7368,126.4224,78.0434,147.6212,119.118,138.9989,129.0616,129.4583,238.3435,76.2739,
2013-02-28,101.5357,125.3567,77.8437,145.9906,119.1176,139.4299,129.2161,129.954,235.6172,75.7805,
2013-03-01,101.9732,126.6467,79.154,147.3485,119.1414,139.2749,129.2911,130.3359,236.2836,75.9873,
2013-03-04,102.9149,127.7418,79.8777,146.4358,119.1322,139.5351,129.317,130.49,235.496,76.2763,
2013-03-05,103.971,128.6967,79.914,147.9927,119.1204,139.405,129.2985,130.423,235.6778,76.4104,
2013-03-06,103.6641,128.7492,80.8369,148.5671,119.1313,139.7597,129.4315,130.3962,236.8894,75.8457,
2013-03-07,105.0383,129.6776,80.5,149.7785,119.0913,139.7549,129.4145,130.1751,234.5872,76.8632,
2013-03-08,103.9128,128.9122,80.0674,149.55,119.0783,139.8478,129.3968,130.2086,236.2836,76.3299,
2013-03-11,105.2545,130.6299,81.2907,150.1486,119.0946,139.8324,129.3806,130.0746,236.4048,77.1876,
2013-03-12,104.5812,129.8899,80.1656,147.9291,119.101,139.9962,129.4298,130.0009,238.0406,77.1124,
2013-03-13,104.2543,130.1074,80.6482,146.5695,119.1064,139.9115,129.3846,129.7999,238.4647,76.8482,
2013-03-14,106.3537,131.5159,81.5539,147.9887,119.1028,139.9598,129.3989,129.8334,238.3435,77.9166,
2013-03-15,105.8085,130.7976,81.9862,146.0434,119.1144,139.9057,129.4399,129.82,237.7377,77.5176,
2013-03-18,105.2324,131.2826,82.358,145.7441,119.1414,139.9912,129.4512,129.9205,241.494,77.7963,
2013-03-19,104.3465,130.449,82.4904,144.1262,119.1467,140.0716,129.427,129.9004,243.8568,77.4061,
2013-03-20,105.8693,132.1884,83.634,145.8638,119.1417,140.1692,129.4523,129.6124,241.6151,78.3355,
2013-03-21,103.8492,130.2719,83.1316,143.5112,119.1358,140.3576,129.4631,130.1081,243.5539,77.7314,
2013-03-22,105.2395,131.6922,83.679,144.4707,119.1288,140.3264,129.4742,130.0679,241.4334,78.1249,
2013-03-25,102.6015,129.9422,82.1436,143.0124,119.1437,140.1023,129.4804,129.7798,243.1298,77.1826,
2013-03-26,104.4321,132.6692,83.9814,146.9278,119.1422,140.0737,129.5604,129.8267,242.4027,78.6568,
2013-03-27,103.2311,132.6522,84.3605,147.4617,119.1663,139.8005,129.494,130.3024,244.7656,79.242,
2013-03-28,104.8553,133.9154,84.746,148.7229,119.1641,139.6866,129.5092,130.423,242.5239,78.4954,
2013-03-29,104.8553,133.9154,84.746,148.7229,119.1641,139.6866,129.512,130.423,242.5239,78.4954,
2013-04-01,104.0313,133.0957,81.2734,146.8038,119.1641,139.6866,129.5148,130.423,242.5239,77.6307,
2013-04-02,105.0086,133.29,82.0067,146.3653,119.1422,139.7557,129.6263,130.7579,240.1005,76.8051,
2013-04-03,104.6346,132.2438,81.8836,144.971,119.154,140.0759,129.8396,131.1934,238.2223,76.0775,
2013-04-04,104.3295,132.474,85.0498,144.2216,119.172,140.5885,129.9024,131.8298,234.4054,75.7866,
2013-04-05,103.0666,131.0826,85.0014,143.0068,119.1739,141.1496,129.9557,132.7611,234.2843,75.6536,
2013-04-08,102.7701,131.3213,85.4328,142.5436,119.1679,141.5714,129.9741,132.8548,235.0113,75.472,
2013-04-09,102.9578,131.3986,84.496,143.5344,119.1553,141.3288,129.9522,132.3189,236.223,75.6732,
2013-04-10,104.2871,132.4899,85.9299,144.334,119.1332,140.9813,129.991,131.7696,233.9208,75.1896,
2013-04-11,105.0712,133.178,87.0924,144.7457,119.1416,141.1869,129.9435,131.5351,232.4061,75.3521,
2013-04-12,104.2833,132.2499,86.8507,141.8879,119.1539,141.2725,129.9395,131.4547,222.8942,74.1823,
2013-04-15,102.0122,129.3376,86.2644,138.5955,119.1503,141.489,129.9699,131.3944,204.7185,71.8948,
2013-04-16,104.0113,131.6957,87.4042,141.9284,119.1489,141.7634,130.0095,131.1264,205.6273,73.0296,
2013-04-17,100.0111,128.55,85.9728,138.3673,119.1631,142.1108,130.049,131.2537,207.6266,71.6864,
2013-04-18,101.1352,129.1552,86.3058,139.8935,119.1751,142.0922,130.0679,130.9522,207.566,73.6516,
2013-04-19,101.7044,130.0962,87.1072,141.7408,119.1551,142.0533,130.0761,131.0192,208.2931,73.2651,
2013-04-22,102.1859,130.648,87.0133,142.3937,119.1827,142.2984,130.2224,131.6892,212.837,72.9671,
2013-04-23,103.9556,131.9346,87.8179,143.009,119.1776,143.135,130.2932,132.205,211.2012,72.3666,
2013-04-24,105.5427,132.7011,88.8123,144.6035,119.1918,142.6189,130.2828,132.4462,213.564,73.216,
2013-04-25,105.6495,133.0035,89.1175,145.645,119.1875,142.2434,130.2311,132.3055,218.0474,74.2247,
2013-04-26,106.0464,132.8724,88.9559,144.2899,119.1924,142.5328,130.2182,132.3524,219.3197,73.8461,
2013-04-29,107.3487,133.4005,89.2533,145.3985,119.2009,142.9905,130.3906,131.8164,219.1379,75.0851,
2013-04-30,106.9535,133.1745,89.5792,146.8765,119.1989,143.6161,130.4611,132.3189,217.078,74.4213,
2013-05-01,105.6817,131.2809,88.0966,144.4827,119.1989,143.6161,130.4639,132.3189,217.078,72.6619,
2013-05-02,106.1083,132.3605,88.3841,145.4765,119.2238,143.776,130.4734,132.54,219.3802,72.8476,
2013-05-03,108.3745,134.9013,90.4043,148.0049,119.2236,144.0151,130.5357,132.6137,218.0474,74.2755,
2013-05-06,107.7684,134.6433,89.6207,147.5506,119.2066,143.6051,130.4358,132.7142,218.532,73.588,
2013-05-07,108.5407,135.8763,90.1387,149.2047,119.1947,143.7144,130.4872,132.1112,215.3816,73.5662,
2013-05-08,109.8811,136.4232,90.8583,150.2819,119.1944,143.7154,130.4484,132.0375,216.8356,73.9432,
2013-05-09,107.996,135.1674,89.5905,148.2387,119.2054,143.477,130.4629,131.4279,218.6532,73.5069,
2013-05-10,109.4872,136.9279,90.4631,148.5234,119.1804,143.1334,130.4497,130.691,214.4122,73.7492,
2013-05-13,109.4819,137.7674,92.1053,147.9444,119.182,143.1054,130.4408,130.912,215.4422,74.1233,
2013-05-14,109.6262,138.9474,92.5617,148.3696,119.1836,142.9665,130.4599,131.0326,215.3816,73.8225,
2013-05-15,110.3739,140.2457,93.7785,148.9879,119.1827,142.6451,130.3563,130.7981,211.3224,73.7504,
2013-05-16,110.3554,140.1794,92.7755,149.1027,119.208,143.3646,130.464,131.3341,208.6566,73.8141,
2013-05-17,111.1526,141.5269,94.2482,149.7484,119.2235,143.5947,130.5239,131.4547,207.2025,74.231,
2013-05-20,111.905,142.0434,95.2229,150.6848,119.2126,143.7057,130.5545,131.2604,205.8697,75.2375,
2013-05-21,111.7411,141.6361,95.3578,149.7266,119.1914,143.3226,130.4699,131.2939,207.2025,74.55,
2013-05-22,110.4648,140.281,94.1424,147.7515,119.2118,143.5245,130.4355,131.6356,208.5354,74.3121,
2013-05-23,110.5323,140.7136,90.7248,147.53,119.1924,142.809,130.314,131.3542,207.9902,75.1229,
2013-05-24,109.7171,139.6918,88.5132,145.3108,119.1733,142.3118,130.2648,131.4949,209.1413,74.1247,
2013-05-27,109.7171,139.6918,88.5132,145.3108,119.1722,142.6972,130.3545,131.3408,209.9289,74.1247,
2013-05-28,110.2745,140.4321,87.9099,146.0014,119.1726,142.8273,130.4256,131.2202,210.9588,74.4367,
2013-05-29,110.2831,140.4711,87.0262,145.1288,119.1211,142.1563,130.2589,131.0192,208.8989,74.5596,
2013-05-30,110.3246,139.8849,85.8796,143.9916,119.1061,142.3263,130.2973,130.5436,211.2012,73.7274,
2013-05-31,107.4002,136.8615,83.3252,140.3419,119.1198,142.1456,130.3291,130.4431,209.5654,72.5217,
2013-06-03,108.8626,138.1177,82.6265,142.94,119.0961,141.6896,130.2958,130.3158,210.5347,73.6796,
2013-06-04,107.7044,136.6499,84.5209,140.3706,119.0847,142.0403,130.4086,130.1684,207.8084,73.4753,
2013-06-05,106.1566,134.7314,81.2965,137.8501,119.0881,142.1295,130.434,129.9272,209.2625,73.4347,
2013-06-06,106.8703,135.745,81.0966,138.7948,119.0354,141.4517,130.2663,129.2707,207.0814,73.1724,
2013-06-07,106.4036,135.8913,83.2679,136.4948,119.0208,141.2202,130.1937,128.9893,203.3251,72.0143,
2013-06-10,106.5357,136.1127,84.4651,134.8692,119.003,141.2374,130.2663,128.2323,203.9915,71.6835,
2013-06-11,105.4014,134.7086,82.797,132.3156,118.9512,140.3478,130.1635,127.2341,202.4163,71.3474,
2013-06-12,105.3808,133.5937,83.0245,131.4084,118.977,140.5877,130.2295,127.3681,203.3251,71.3661,
2013-06-13,105.6947,134.4507,84.2596,133.0348,119.0153,140.6579,130.1238,127.3882,201.3257,70.9886,
2013-06-14,104.5933,133.3239,81.4557,130.6586,119.0444,141.1311,130.1899,128.3127,202.7192,71.0042,
2013-06-17,105.8679,134.5474,83.7516,132.0456,119.0531,141.6045,130.2079,128.5874,201.8104,71.4212,
2013-06-18,106.2636,135.4644,85.0867,132.4681,119.0215,141.0359,130.1126,128.4936,198.2359,71.307,
2013-06-19,103.8306,133.325,83.8677,128.121,119.0279,141.2848,130.1531,128.6745,199.5688,71.4776,
2013-06-20,101.2935,130.9807,81.0166,123.2832,118.9174,140.3321,129.9403,126.9527,191.208,69.8129,
2013-06-21,100.8383,131.9601,84.3156,125.5868,118.904,139.9826,129.9066,125.9813,191.8138,69.8486,
2013-06-24,100.2702,131.5877,82.782,124.2584,118.8157,138.725,129.7189,124.1457,191.1474,69.9023,
2013-06-25,101.1652,132.5795,83.6805,126.6418,118.8663,138.6352,129.6417,124.9831,189.7539,69.7397,
2013-06-26,102.2947,134.4302,83.6335,129.1549,118.9395,139.3506,129.8106,125.9746,184.9677,69.6423,
2013-06-27,103.5431,135.909,86.1262,132.4186,118.9799,140.4266,130.032,126.39,183.3318,69.5991,
2013-06-28,102.6811,135.1179,86.6724,132.9491,118.9578,140.0288,129.9248,126.5776,181.6354,69.1188,
2013-07-01,104.1147,136.1382,87.9015,133.5877,118.9878,140.5313,130.0802,126.9862,187.9363,69.7663,
2013-07-02,102.6237,135.4541,88.1576,130.6632,119.0215,140.792,130.1533,127.616,187.2093,69.6692,
2013-07-03,103.4322,136.4391,88.8377,130.3422,119.0238,140.7343,130.137,127.77,187.6334,70.659,
2013-07-04,103.4322,136.4391,88.8377,130.3422,119.1013,141.255,130.3931,128.5405,188.1181,70.659,
2013-07-05,104.2613,138.6717,90.4979,130.2242,119.0969,141.2385,130.4334,128.5204,184.3618,70.5132,
2013-07-08,106.1146,140.3179,90.4248,131.1981,119.1372,141.5378,130.5075,128.4266,186.7852,71.5421,
2013-07-09,105.9848,140.8674,90.5996,132.4843,119.1425,141.5599,130.5026,128.2122,190.6627,71.7311,
2013-07-10,107.464,141.9016,90.9165,132.1406,119.1387,141.2106,130.4192,128.038,190.4203,72.6565,
2013-07-11,106.94,139.4074,90.7144,134.3543,119.1149,141.0523,130.3313,128.0648,191.3291,70.8134,
2013-07-12,106.6981,140.4239,91.1839,133.8339,119.1331,142.0576,130.2975,128.3194,191.3897,71.1492,
2013-07-15,107.6458,141.3684,92.296,135.6001,119.1591,142.0563,130.2854,128.2591,191.7532,71.2984,
2013-07-16,107.7195,140.8516,91.5334,136.1641,119.1741,142.1603,130.2871,128.9089,191.1474,71.6074,
2013-07-17,107.0685,140.221,91.7326,136.4397,119.1886,142.2174,130.2978,128.5606,190.6021,70.7476,
2013-07-18,108.2378,141.3563,92.4321,135.182,119.1967,142.3972,130.3385,128.3931,191.1474,71.6472,
2013-07-19,108.6721,141.6761,91.7857,134.8699,119.2019,142.4488,130.3936,128.3194,192.0562,71.908,
2013-07-22,108.7929,141.4202,91.671,135.6982,119.1857,142.2633,130.4825,128.6209,196.4183,71.5257,
2013-07-23,108.7111,140.7948,91.3836,136.8532,119.1297,142.0205,130.4626,128.44,196.9636,71.4359,
2013-07-24,108.7135,139.9291,90.3942,135.1163,119.1086,142.072,130.4481,127.9174,196.1154,70.3988,
2013-07-25,109.6555,140.6145,88.9371,136.2335,119.1164,141.9175,130.4927,127.7633,196.1154,70.2537,
2013-07-26,108.569,139.8805,86.3304,135.073,119.1233,141.878,130.4905,127.837,193.8737,69.1802,
2013-07-29,108.0841,139.3115,84.3498,133.2445,119.1228,141.6817,130.4676,127.837,195.6913,68.8326,
2013-07-30,107.9425,139.5614,85.2603,133.1781,119.1286,141.3624,130.4613,127.7365,194.7825,68.4534,
2013-07-31,108.6034,139.6478,85.1765,132.3852,119.1205,141.0955,130.5299,127.9643,191.8744,68.8938,
2013-08-01,109.3715,140.874,87.2895,134.4245,119.1182,141.2854,130.4637,128.3797,193.8131,68.6304,
2013-08-02,110.6382,142.0688,89.2524,135.3005,119.1278,141.6092,130.597,128.6611,192.2985,68.796,
2013-08-05,109.9123,141.1451,89.0295,133.7702,119.1238,141.7666,130.6084,128.4199,191.2685,68.0769,
2013-08-06,109.7547,140.5703,89.2497,132.2891,119.1119,141.8816,130.6546,128.5606,188.421,67.7401,
2013-08-07,109.5043,139.5818,87.2454,130.3651,119.1099,142.3539,130.6059,128.5941,188.1787,67.167,
2013-08-08,110.4021,139.7483,86.5777,132.5411,119.113,142.4221,130.6257,128.5003,190.5415,67.8345,
2013-08-09,110.3498,138.938,86.4,132.423,119.1116,142.7109,130.6386,128.5003,192.2379,67.8578,
2013-08-12,110.1235,139.1972,86.5881,134.0756,119.1204,142.756,130.6688,128.2725,196.0548,69.1014,
2013-08-13,111.1987,140.0966,87.6482,135.357,119.0692,142.7619,130.6293,127.7432,194.419,69.2314,
2013-08-14,111.5746,139.6652,87.3734,136.077,119.0593,142.5056,130.6403,127.8504,195.8731,69.9511,
2013-08-15,111.0204,137.7265,86.1679,134.5303,119.0427,142.1031,130.6004,127.2542,195.5701,70.8335,
2013-08-16,110.5654,136.3481,85.5885,132.4794,119.0599,141.8538,130.7021,127.3346,200.1746,70.3571,
2013-08-19,109.7914,135.7298,85.5218,130.228,119.0418,141.5068,130.654,127.0666,199.3264,70.7851,
2013-08-20,110.0856,136.348,84.7358,129.9448,119.0609,141.2781,130.6629,127.0331,199.3264,70.4078,
2013-08-21,108.2517,134.6281,82.9851,126.0822,119.0426,141.3591,130.5489,126.7919,199.4476,69.8034,
2013-08-22,110.2609,136.6502,83.999,128.878,119.0427,141.917,130.5599,126.5977,200.3564,70.1193,
2013-08-23,110.7231,136.9866,85.3554,130.2779,118.9881,141.6621,130.5564,126.6177,203.3856,70.8322,
2013-08-26,109.9227,136.1562,84.1769,128.5593,119.0391,141.7124,130.5552,126.7718,203.5674,71.3851,
2013-08-27,107.6341,134.0396,83.3199,125.669,119.0495,141.195,130.5843,126.9125,206.112,71.8303,
2013-08-28,107.4058,134.3861,83.4652,125.8168,119.0463,141.8417,130.4871,126.7115,207.8084,71.7058,
2013-08-29,107.5532,135.1761,83.7473,127.3688,119.057,141.8184,130.5223,126.4771,207.3843,71.5687,
2013-08-30,107.2414,135.7523,82.6979,129.3045,119.0524,141.8056,130.5593,126.2761,207.0814,71.7477,
2013-09-02,107.2414,135.7523,82.6979,129.3045,119.0357,141.9769,130.5971,126.0483,205.6273,71.7477,
2013-09-03,109.1778,136.8445,85.0493,130.5771,119.0391,141.9753,130.6,125.7602,208.4143,72.5797,
2013-09-04,109.9225,138.144,86.4519,133.0591,119.0282,141.7856,130.5523,126.0349,205.082,71.7494,
2013-09-05,109.6377,138.0403,86.0488,134.3596,118.9681,141.0364,130.4825,125.3918,203.3856,71.3055,
2013-09-06,111.046,138.9728,86.8954,137.1924,119.0352,141.6645,130.5433,125.854,204.9609,72.2608,
2013-09-09,111.6944,139.7091,88.7439,140.1989,119.036,141.5105,130.5571,125.6396,204.2338,71.6922,
2013-09-10,112.3725,139.8526,88.8663,140.3649,119.0075,141.1627,130.5589,125.1238,200.1746,70.6242,
2013-09-11,113.0991,140.2041,88.2037,140.3792,119.0383,141.5516,130.5746,125.5191,199.5082,70.7105,
2013-09-12,112.1792,139.314,87.2722,138.2369,119.0672,141.7984,130.5725,125.8339,194.3584,70.6528,
2013-09-13,112.8424,139.8022,87.8358,139.3239,119.0635,141.6915,130.5586,125.8741,192.9044,70.6113,
2013-09-16,113.1649,139.9754,88.5693,140.244,119.0794,141.9959,130.5729,126.1689,192.0562,69.719,
2013-09-17,113.4089,140.8255,88.3338,140.165,119.0736,142.3253,130.6799,126.2895,190.8444,69.405,
2013-09-18,116.0918,142.2427,90.9158,145.8194,119.06,142.232,130.6614,125.9478,189.3904,70.7247,
2013-09-19,114.1191,140.2705,89.3589,143.2735,119.1123,142.7289,130.719,126.5977,197.63,69.6055,
2013-09-20,113.2852,139.1749,88.5412,139.9622,119.0964,142.6193,130.7938,126.2627,192.662,68.5264,
2013-09-23,113.1254,138.5272,88.8364,140.4573,119.1254,142.959,130.9323,126.4436,191.4503,68.105,
2013-09-24,113.1137,138.5658,89.1455,139.6274,119.141,143.2569,130.9347,126.7651,189.7539,68.0469,
2013-09-25,113.6521,138.4432,89.1005,138.8391,119.1229,143.2448,130.9085,126.8388,192.2985,68.6237,
2013-09-26,113.2311,138.5112,90.2183,138.9413,119.1266,143.1091,130.8528,126.8522,191.5715,68.6319,
2013-09-27,113.4691,138.1895,89.7524,137.6232,119.1547,143.1521,130.8049,126.9862,192.6014,68.7703,
2013-09-30,112.7291,137.3587,88.9445,135.9607,119.1444,143.1644,130.8006,127.1269,191.2685,68.1741,
2013-10-01,113.2241,138.1414,88.3765,138.3576,119.155,143.3997,130.9028,127.3212,185.8158,67.4765,
2013-10-02,113.2601,138.0297,87.9417,138.9089,119.1557,143.64,130.9762,127.4351,188.9663,67.9969,
2013-10-03,112.1008,136.0763,86.8372,137.6876,119.1554,143.4584,130.9847,127.4351,188.9663,67.4768,
2013-10-04,111.7666,136.7737,86.7738,139.1369,119.1512,143.6465,131.0597,127.3145,187.5728,67.5301,
2013-10-07,111.678,136.1326,85.4876,138.4981,119.1689,143.79,131.0535,127.4217,189.7539,68.2728,
2013-10-08,110.5054,134.5471,85.1908,137.1712,119.143,143.5798,131.01,127.4217,190.4203,68.5093,
2013-10-09,109.9285,134.3669,87.0145,137.9145,119.1441,143.599,131.0068,127.4284,187.5122,67.7143,
2013-10-10,112.8938,138.0532,88.7812,141.9707,119.138,143.4645,131.0228,127.1068,187.1487,68.5056,
2013-10-11,113.4802,138.8769,88.8881,142.5358,119.1521,143.4764,131.0573,127.0063,181.9384,68.4002,
2013-10-14,113.4961,139.1223,88.8395,143.0498,119.1547,143.612,131.0987,126.8991,183.8165,68.6127,
2013-10-15,113.0689,138.0944,88.0847,141.6359,119.1486,143.5866,131.1562,126.5708,183.3318,68.3849,
2013-10-16,114.1615,140.4047,89.144,143.1538,119.1116,143.3944,131.1512,126.4704,183.8771,68.6625,
2013-10-17,116.0545,141.3353,89.8839,144.0449,119.1493,143.6725,131.2021,126.6579,188.0575,68.6771,
2013-10-18,115.5422,140.7853,89.0071,142.6535,119.171,143.9663,131.2426,126.8522,187.0276,68.258,
2013-10-21,115.7219,140.6394,88.9833,142.2671,119.1656,143.9715,131.2464,126.9326,187.3305,67.8044,
2013-10-22,117.0585,141.5158,89.4641,143.7119,119.1884,144.3867,131.3334,127.4753,189.8751,67.9604,
2013-10-23,115.6608,139.7903,86.9714,139.3103,119.1958,144.6036,131.3318,127.7298,188.7239,66.7918,
2013-10-24,116.3896,140.2297,87.8327,138.9914,119.1839,144.6169,131.2944,127.8571,190.2992,66.8156,
2013-10-25,116.2157,140.6353,86.3731,139.4118,119.1635,144.3121,131.253,128.0313,189.8145,66.9725,
2013-10-28,115.6585,140.8455,86.6565,140.2135,119.1674,144.6342,131.2529,128.0313,191.3897,66.5368,
2013-10-29,115.9951,141.7609,87.4142,140.8332,119.1708,144.8821,131.2917,128.1653,190.4203,66.4349,
2013-10-30,115.9385,141.5314,87.7084,140.5208,119.2002,144.9708,131.3112,128.2524,191.3897,66.5865,
2013-10-31,115.4892,141.3259,87.3899,139.2727,119.2414,145.2889,131.3896,128.2993,189.6933,65.8873,
2013-11-01,115.976,143.1683,87.3542,140.8184,119.2511,145.4677,131.5028,127.837,189.8145,65.9144,
2013-11-04,117.4164,144.5852,87.9839,142.5807,119.2571,145.5557,131.4836,127.9978,189.6933,65.8575,
2013-11-05,116.1429,143.8822,87.0893,139.4742,119.2133,145.0835,131.4351,127.6696,189.3904,65.5812,
2013-11-06,117.6401,145.088,88.5689,140.3629,119.224,145.0866,131.4486,127.5691,189.451,65.8131,
2013-11-07,115.3901,142.7769,86.6353,137.365,119.2915,145.6251,131.6385,127.8102,190.4809,65.4115,
2013-11-08,116.9521,145.8787,88.0151,138.1788,119.2626,145.2632,131.6099,127.0398,187.6334,66.2559,
2013-11-11,117.8439,146.5725,88.2678,138.1043,119.2643,145.3906,131.6309,127.0063,186.4217,66.7448,
2013-11-12,116.6175,145.6052,88.9902,136.7334,119.2749,145.1855,131.6303,126.5441,185.0282,66.2366,
2013-11-13,116.8501,146.439,89.4616,136.6562,119.2969,145.4729,131.7014,127.147,184.8465,65.8835,
2013-11-14,116.7302,146.6277,89.8787,138.3554,119.2886,145.7034,131.6805,127.415,186.4217,65.9338,
2013-11-15,117.7056,147.7107,91.4232,141.4177,119.2802,145.6301,131.6488,127.2207,185.9976,65.9678,
2013-11-18,117.5657,146.8118,91.0365,142.3193,119.2833,145.6618,131.6557,127.3011,183.7559,65.4486,
2013-11-19,117.14,146.2714,90.377,141.2377,119.2798,145.6625,131.6716,127.0465,183.5136,65.0572,
2013-11-20,115.526,145.1365,89.9572,138.6571,119.2726,145.5338,131.6046,127.1068,182.6654,64.846,
2013-11-21,117.6931,147.7626,91.2266,139.9021,119.2693,145.3683,131.6148,127.1403,179.5149,66.1342,
2013-11-22,118.0034,148.0828,90.8945,140.5098,119.2472,145.5466,131.7019,127.2341,179.212,66.3509,
2013-11-25,117.0758,147.0565,89.6858,137.8813,119.2575,145.711,131.7304,127.3681,179.0303,65.9931,
2013-11-26,117.3106,147.3663,89.4776,138.5994,119.2664,145.7952,131.7491,127.348,178.6667,66.0043,
2013-11-27,117.5597,147.2875,89.5837,139.0847,119.2571,145.7706,131.7275,127.3078,178.2427,65.7542,
2013-11-28,117.5597,147.2875,89.5837,139.0847,119.261,145.7759,131.7143,127.5289,178.4244,65.7542,
2013-11-29,117.6985,146.7986,89.2714,140.1377,119.2604,145.775,131.7059,127.6361,179.212,65.9061,
2013-12-02,116.7933,146.6205,89.1729,137.383,119.2514,145.6282,131.6682,127.6963,176.4251,65.5976,
2013-12-03,116.134,146.4511,89.0845,137.3544,119.2486,145.7297,131.6771,127.9509,175.274,66.1891,
2013-12-04,115.0821,145.9113,88.0992,136.6977,119.2247,145.4203,131.6346,127.6227,176.001,66.3522,
2013-12-05,114.6249,145.3154,87.3855,135.9452,119.1815,144.9372,131.5213,127.0666,175.3345,66.591,
2013-12-06,115.4556,146.0412,87.9563,138.1108,119.1634,144.9615,131.5493,126.879,175.5163,66.3464,
2013-12-09,115.2701,146.0221,87.7218,137.9396,119.1596,145.1926,131.5795,126.7919,175.3951,66.5839,
2013-12-10,114.6012,145.1419,87.6532,137.6668,119.1627,145.4375,131.6619,126.7785,178.5456,66.744,
2013-12-11,113.5479,143.2594,86.6943,134.3831,119.1376,145.6083,131.6561,126.9728,177.5762,66.7702,
2013-12-12,112.1752,142.5624,86.8504,133.3886,119.1122,145.3093,131.5751,126.8187,174.1834,66.3609,
2013-12-13,112.3816,142.912,86.3408,134.058,119.1134,145.2987,131.5437,126.7249,175.2134,66.567,
2013-12-16,113.959,143.9233,85.9002,135.0551,119.1137,145.3322,131.54,126.6378,176.7886,66.479,
2013-12-17,113.1142,143.2191,85.8258,133.6456,119.1265,145.3681,131.5479,126.7115,174.4258,66.2752,
2013-12-18,114.8092,145.576,87.4536,136.2232,119.1298,145.0956,131.5758,126.7517,173.9411,66.1633,
2013-12-19,115.8801,146.3249,87.2638,134.5598,119.137,144.8911,131.5781,126.7182,170.6695,67.0137,
2013-12-20,116.7166,147.4902,87.7473,134.6475,119.134,144.8137,131.6176,126.8321,171.5782,67.6992,
2013-12-23,117.6304,148.0332,88.4183,135.4213,119.1537,144.5677,131.5192,126.7718,170.5483,67.4068,
2013-12-24,118.2638,148.1243,87.0942,136.004,119.1566,144.5638,131.5269,126.7718,170.5483,67.3548,
2013-12-25,118.2638,148.1243,87.0942,136.004,119.1566,144.5638,131.5298,126.7718,170.5483,67.3548,
2013-12-26,119.0281,149.2199,88.705,135.1539,119.1566,144.5638,131.5326,126.7718,170.5483,67.4737,
2013-12-27,119.4219,148.91,88.9701,136.9698,119.1382,144.3036,131.5456,126.256,171.6388,67.193,
2013-12-30,119.4621,148.3005,89.4321,137.026,119.171,144.5194,131.5896,126.323,170.0636,66.7134,
2013-12-31,119.3506,148.3569,89.1916,137.485,119.1803,144.5176,131.6064,126.323,170.0636,65.7092,
2014-01-01,119.3506,148.3569,89.1916,137.485,119.1803,144.5176,131.6092,126.323,170.0636,65.7092,
2014-01-02,117.1812,147.3977,87.9984,132.6058,119.1686,145.0869,131.82,126.323,174.8499,65.665,
2014-01-03,118.06,148.453,89.1626,133.3443,119.1791,145.4611,131.8671,126.2493,176.9098,66.0375,
2014-01-06,118.7762,148.7915,89.3272,132.7673,119.1878,145.628,131.875,126.4369,177.5156,66.4895,
2014-01-07,119.2648,149.3104,89.4637,132.9835,119.1826,145.8698,131.9008,126.5307,175.5769,66.1329,
2014-01-08,119.3396,149.514,89.7152,132.7022,119.182,145.9705,131.9166,126.6713,175.5163,65.5014,
2014-01-09,119.8329,150.1008,89.7093,132.433,119.1812,145.7981,131.9431,126.323,175.6981,65.0059,
2014-01-10,120.6981,150.1213,90.0745,134.4282,119.2091,145.8934,131.9521,126.6847,177.2733,65.5097,
2014-01-13,119.1424,147.4225,89.0543,132.1969,119.22,146.0424,131.944,126.9795,178.7273,65.651,
2014-01-14,120.5531,149.0495,88.8438,133.6438,119.1998,146.0057,131.9234,126.9527,177.0915,65.7503,
2014-01-15,121.038,149.8692,89.5216,133.6252,119.1772,145.9895,131.9133,126.7785,177.6368,65.8298,
2014-01-16,121.7565,150.4355,89.6783,133.5698,119.2021,146.4001,131.9022,126.9393,177.8186,66.2553,
2014-01-17,120.8071,149.5935,89.7787,132.7193,119.2246,146.5951,131.913,127.2073,180.1814,66.128,
2014-01-20,120.8071,149.5935,89.7787,132.7193,119.2263,146.7737,131.9352,127.2743,180.4237,66.128,
2014-01-21,122.2292,150.7975,90.3857,133.1941,119.2345,146.4722,131.9685,127.1604,178.2427,66.4284,
2014-01-22,122.1588,150.7833,90.5428,134.8703,119.2266,146.3922,131.9754,126.8254,178.1821,66.8159,
2014-01-23,122.2698,149.7344,88.8576,131.7179,119.236,146.5326,131.9496,126.8991,179.3332,67.0816,
2014-01-24,117.1087,144.968,86.5705,126.8875,119.27,146.3949,131.9661,127.2542,179.9391,66.9574,
2014-01-27,116.5654,144.2668,85.4657,126.4001,119.2534,146.4304,131.9646,127.2944,179.5755,66.1511,
2014-01-28,117.7856,145.2669,86.2907,127.3201,119.2624,146.9344,131.9707,127.3748,178.3638,66.5946,
2014-01-29,116.4972,144.0781,86.3403,125.6734,119.2802,147.0486,131.9861,127.4418,180.3631,67.4316,
2014-01-30,116.7954,145.5676,86.4665,126.8048,119.3073,147.3184,132.0226,127.3882,178.3032,66.4921,
2014-01-31,116.0013,145.7802,84.7833,127.9393,119.3551,147.7246,132.1013,127.7365,179.3332,67.0181,
2014-02-03,114.3224,143.2452,83.4969,124.9719,119.3515,147.6568,132.1593,127.8303,181.8778,67.5336,
2014-02-04,115.2337,143.8555,83.3444,127.1502,119.3506,147.7625,132.1595,127.8437,180.5449,68.4633,
2014-02-05,115.7057,143.7723,83.5509,126.7657,119.3471,147.792,132.175,127.7767,180.9084,68.5278,
2014-02-06,117.8817,145.4615,84.4069,129.2369,119.2922,147.4702,132.1168,127.2475,179.6967,68.5765,
2014-02-07,118.8926,146.6467,85.3964,129.4299,119.3286,147.876,132.168,127.4619,180.6055,68.4159,
2014-02-10,118.3051,146.6225,84.8532,127.7371,119.3214,147.8784,132.1633,127.0666,182.0595,67.9348,
2014-02-11,119.9629,147.9365,85.8765,130.2495,119.3205,147.7411,132.1492,126.8991,184.0589,68.453,
2014-02-12,120.2101,148.0863,85.7722,130.3503,119.3292,147.7008,132.144,126.6847,185.21,68.5066,
2014-02-13,121.4474,149.3868,85.3345,130.9533,119.3448,147.7735,132.1452,127.0264,184.9071,69.3165,
2014-02-14,121.2134,149.2375,84.4104,131.6984,119.3333,147.864,132.1897,127.0733,187.5728,69.1018,
2014-02-17,121.2134,149.2375,84.4104,131.6984,119.3335,148.009,132.2142,127.1537,188.9663,69.1018,
2014-02-18,121.8044,149.1359,86.1031,130.2252,119.3271,148.1438,132.2494,127.2408,187.3305,70.2516,
2014-02-19,120.4805,147.5291,84.7111,128.7897,119.3405,148.1922,132.2597,127.2676,186.6035,70.2271,
2014-02-20,121.5128,148.7408,84.3885,129.5489,119.33,147.9907,132.2505,127.147,187.0276,70.3345,
2014-02-21,121.6762,148.671,85.1108,130.5298,119.3301,148.1751,132.2808,127.3681,187.5122,70.4538,
2014-02-24,122.4663,149.3131,85.9669,130.3704,119.3175,148.0352,132.2936,127.3547,189.6327,70.5835,
2014-02-25,122.3402,149.2771,85.6833,128.9003,119.3147,148.1959,132.3257,127.6227,190.178,70.6111,
2014-02-26,121.7617,149.1766,85.2519,128.9056,119.3418,148.3505,132.3498,127.77,189.0875,70.2723,
2014-02-27,122.8857,150.6622,85.6515,131.9665,119.3644,148.8602,132.3946,128.0447,189.3298,70.5837,
2014-02-28,123.1683,150.7623,85.9362,130.8263,119.297,148.4299,132.3278,127.6829,187.0881,70.8487,
2014-03-03,119.4136,148.947,83.5143,127.8584,119.3213,148.7893,132.3552,128.0916,191.6321,71.4412,
2014-03-04,122.2094,151.4796,85.899,130.4124,119.3373,149.0796,132.4047,128.0045,189.8145,71.7567,
2014-03-05,122.1521,151.571,84.9131,130.4722,119.3324,149.1827,132.4386,128.1519,189.9357,71.5553,
2014-03-06,123.4796,151.9954,86.5816,132.3906,119.2751,148.9556,132.4018,127.8035,189.6933,72.2569,
2014-03-07,121.5025,150.6462,85.191,129.4887,119.248,148.7606,132.3648,127.9643,188.2393,71.2645,
2014-03-10,120.4975,150.3971,84.7298,128.4595,119.2579,148.8412,132.4255,127.8705,188.2999,70.7396,
2014-03-11,119.8697,149.6516,83.8514,127.0177,119.2607,148.6893,132.3969,127.6227,188.7239,70.543,
2014-03-12,119.746,149.916,83.1717,127.4703,119.2765,148.9821,132.3777,127.8035,191.7532,70.7734,
2014-03-13,116.7455,147.7398,81.5075,124.7579,119.2827,149.2452,132.4021,127.7834,192.4197,70.0753,
2014-03-14,117.2569,147.7409,80.7863,125.798,119.2969,149.3862,132.3951,127.8169,192.662,70.3978,
2014-03-17,118.4269,148.5664,81.3847,126.9016,119.2792,149.3671,132.395,127.5758,191.935,69.6598,
2014-03-18,119.2776,149.4811,81.2326,128.5392,119.2672,149.2176,132.4256,127.6361,190.6627,70.0175,
2014-03-19,117.5106,148.639,80.7707,125.761,119.26,148.8418,132.4364,127.4887,187.6334,69.9074,
2014-03-20,118.5818,150.715,80.2486,127.3359,119.2099,148.4115,132.3772,127.2944,187.9969,69.7932,
2014-03-21,118.4946,150.535,80.0968,128.4701,119.2104,148.6367,132.3904,127.4217,188.4816,69.8021,
2014-03-24,118.4803,149.7658,80.3126,129.5955,119.2341,148.6367,132.4254,127.5289,185.0282,69.7517,
2014-03-25,119.5858,150.0053,80.4276,130.6667,119.2655,148.8384,132.4588,127.6963,185.21,69.8901,
2014-03-26,119.5519,149.1408,81.1308,131.1506,119.2887,149.1196,132.4875,127.8906,183.9377,69.8478,
2014-03-27,120.2028,149.2253,82.5262,133.216,119.3152,149.3659,132.5207,128.1787,183.453,70.7517,
2014-03-28,121.3668,150.4054,83.6567,134.6685,119.3071,149.2873,132.5038,128.172,182.9683,70.9793,
2014-03-31,121.9961,151.5191,83.5912,135.4548,119.2867,149.1991,132.4861,128.2524,182.1807,70.8339,
2014-04-01,122.7847,152.27,83.6731,136.8122,119.2794,149.1747,132.5023,128.1653,180.4843,70.2859,
2014-04-02,122.5263,152.5607,84.2887,136.8796,119.265,149.08,132.4948,127.703,183.0895,69.9346,
2014-04-03,122.5975,152.653,84.0094,136.6161,119.2624,149.2241,132.5171,128.2189,182.7866,70.5001,
2014-04-04,122.4965,151.3364,83.9115,136.6941,119.2847,149.7696,132.5844,128.9357,185.6947,71.124,
2014-04-07,122.1331,149.8795,83.218,137.4877,119.3038,149.8817,132.5987,129.1367,183.7559,71.2085,
2014-04-08,122.1594,150.0706,81.2101,138.6841,119.2893,149.6448,132.5818,128.4802,184.6041,71.7431,
2014-04-09,123.2207,151.1316,82.0913,139.2328,119.2794,149.6063,132.5822,128.507,183.8771,71.8041,
2014-04-10,120.4738,147.2977,79.3822,137.1372,119.3011,149.8708,132.5818,128.7347,185.1494,71.502,
2014-04-11,119.3,145.6411,78.9106,136.8275,119.3054,149.8584,132.5532,128.728,184.6647,71.1271,
2014-04-14,120.1601,147.2146,80.2388,136.9294,119.3075,149.9707,132.5746,128.6745,187.2699,71.8151,
2014-04-15,119.898,148.5404,80.3342,135.1464,119.3163,150.1897,132.6083,129.13,183.5742,71.7875,
2014-04-16,121.3233,150.1528,81.9068,136.907,119.327,150.3599,132.6033,129.0496,183.5136,71.9752,
2014-04-17,121.9319,150.1985,82.0376,138.0059,119.3137,150.1357,132.5466,128.7548,183.0895,72.2717,
2014-04-18,121.9319,150.1985,82.0376,138.0059,119.3137,150.1357,132.5495,128.7548,183.0895,72.2717,
2014-04-21,122.3454,150.8515,82.1079,137.2694,119.3137,150.1357,132.5523,128.7548,183.0895,71.8868,
2014-04-22,123.3086,151.759,81.6398,137.1082,119.2909,150.0445,132.5531,128.2658,180.6055,72.2964,
2014-04-23,122.7826,151.2385,81.7712,135.9721,119.2779,150.1219,132.5563,128.8084,181.2113,72.1818,
2014-04-24,122.8454,151.4447,81.4234,136.0134,119.2795,150.1362,132.5335,128.5003,181.3931,72.5628,
2014-04-25,122.1967,150.0639,80.8345,134.0485,119.2901,150.3547,132.5624,129.0228,183.0289,72.3706,
2014-04-28,122.4085,150.4455,81.224,134.6214,119.2802,150.3021,132.5505,128.6008,181.999,72.2007,
2014-04-29,123.3067,151.012,81.3718,135.7809,119.3136,150.2967,132.5803,128.8754,183.0895,72.6537,
2014-04-30,124.6664,151.8926,81.3825,135.9035,119.331,150.5393,132.5934,129.5253,181.5749,72.431,
2014-05-01,124.2901,151.3002,82.0807,135.5228,119.331,150.5393,132.5962,129.5253,181.5749,71.3753,
2014-05-02,123.9874,151.0644,81.9241,136.2591,119.3411,150.6752,132.586,129.9138,182.8472,71.4554,
2014-05-05,123.8693,151.3347,81.6945,135.489,119.3512,150.9349,132.6495,129.7262,183.8771,71.5533,
2014-05-06,123.6556,149.9821,81.4559,136.079,119.3257,151.036,132.6587,129.8267,182.726,71.6609,
2014-05-07,123.5377,150.2729,80.7719,136.262,119.3204,150.8468,132.6336,129.3645,181.3325,71.1314,
2014-05-08,123.7882,150.3179,80.5904,136.1214,119.3572,151.2026,132.6653,129.666,180.8478,71.051,
2014-05-09,123.877,151.2752,81.6424,136.5546,119.3715,151.3009,132.6439,129.6526,182.3019,71.1116,
2014-05-12,125.7053,153.6763,82.2123,139.6952,119.3577,150.954,132.6186,129.264,183.6348,71.7053,
2014-05-13,125.452,153.8585,83.3424,140.2638,119.3885,151.2759,132.6168,129.7329,184.0589,71.8516,
2014-05-14,125.7174,153.6562,83.185,141.7402,119.4143,151.5385,132.6725,130.0411,185.3312,72.2248,
2014-05-15,125.0816,152.19,82.3076,140.3071,119.4398,151.3426,132.6232,130.5101,184.2406,71.6115,
2014-05-16,125.1972,152.7577,82.477,142.1981,119.4206,151.4555,132.6986,130.7044,183.9377,71.4141,
2014-05-19,125.3174,153.4654,82.7043,142.3347,119.4329,151.2468,132.6256,130.6173,184.4224,71.7349,
2014-05-20,124.5778,152.3808,81.679,141.0662,119.4269,150.6378,132.5747,130.7512,184.0589,71.6619,
2014-05-21,125.6013,153.7741,82.6998,142.2606,119.4184,150.7907,132.6056,130.6039,183.6953,71.767,
2014-05-22,125.6605,154.3995,83.6504,143.4886,119.4449,150.7974,132.5912,130.6039,184.7253,71.8119,
2014-05-23,125.9323,155.3281,84.6348,143.5091,119.4459,150.977,132.6288,130.5101,184.7253,72.0458,
2014-05-26,125.9323,155.3281,84.6348,143.5091,119.4631,151.5014,132.7723,130.3962,184.6041,72.0458,
2014-05-27,126.9831,156.3191,85.3234,142.3112,119.4653,151.6991,132.7619,130.8182,181.3931,71.3751,
2014-05-28,126.5948,156.369,85.0411,143.2936,119.4791,152.0355,132.7935,131.0393,180.0602,71.5226,
2014-05-29,127.5868,157.6816,86.2839,144.1538,119.4746,151.9895,132.7964,131.2202,179.8179,71.6973,
2014-05-30,127.5664,157.8069,86.3627,142.0663,119.4601,151.8651,132.7985,130.8919,177.8186,71.1306,
2014-06-02,127.2625,157.7142,87.2558,142.2542,119.4748,152.1237,132.8313,130.9723,178.3638,70.9896,
2014-06-03,127.158,157.9696,87.2933,143.3601,119.4566,151.8053,132.818,130.4766,178.0609,71.0144,
2014-06-04,126.8269,158.033,87.7479,142.3278,119.4811,151.6799,132.825,130.6039,177.9397,70.7544,
2014-06-05,128.1556,159.2609,88.0804,144.0067,119.4904,152.0117,132.9736,131.3073,179.4544,70.8421,
2014-06-06,128.5717,159.3456,87.7078,144.8271,119.5022,153.2625,133.1101,131.2269,178.8485,70.8858,
2014-06-09,128.4587,159.731,87.7556,145.5616,119.4968,153.2602,133.0545,131.5351,179.5755,71.0389,
2014-06-10,128.8499,160.3379,87.3336,146.8684,119.4973,152.9083,132.9638,130.4029,181.3325,70.9927,
2014-06-11,128.5014,160.3908,87.892,146.9262,119.5144,152.8208,132.9827,130.6374,181.7566,71.0086,
2014-06-12,128.4538,159.3005,88.2168,146.2633,119.5288,152.7799,133.0565,130.1349,182.7866,71.8679,
2014-06-13,128.0997,159.5807,88.5525,146.1422,119.5396,152.9608,133.1502,130.7579,183.453,71.994,
2014-06-16,128.34,159.907,88.6605,145.6495,119.5395,153.0062,133.1208,130.9723,183.0289,71.9907,
2014-06-17,127.97,159.8891,88.2554,145.2629,119.5223,152.5729,133.0861,130.7847,182.7866,71.8194,
2014-06-18,129.3386,161.4102,89.6441,147.1859,119.5298,152.5547,133.0445,131.18,182.5442,72.1567,
2014-06-19,129.0996,161.0833,90.9302,145.8877,119.5393,153.1473,133.0619,131.4212,185.6947,72.7294,
2014-06-20,128.673,161.1647,90.8663,145.3653,119.5221,152.8328,133.0352,131.0728,188.7239,72.7094,
2014-06-23,128.6161,161.3325,90.2423,145.2605,119.5405,153.0351,133.081,131.113,188.5422,72.5349,
2014-06-24,127.5413,160.2559,90.1834,145.0988,119.5352,153.3432,133.1125,131.4078,189.148,72.5965,
2014-06-25,127.186,160.9343,90.473,145.3637,119.5447,153.5997,133.1169,131.5619,188.6028,72.7935,
2014-06-26,126.906,160.5456,90.0193,145.2843,119.5485,153.7445,133.1314,131.5016,188.4816,72.4523,
2014-06-27,127.3735,161.0463,89.8997,145.7909,119.5329,153.5761,133.1586,131.8097,188.7239,72.2651,
2014-06-30,127.0805,160.5937,90.1421,145.0529,119.5298,153.5896,133.1666,132.138,187.6334,71.375,
2014-07-01,127.6593,161.0884,91.3852,145.9032,119.546,153.7424,133.2078,131.8566,188.9057,70.8664,
2014-07-02,127.9262,161.4021,91.2463,146.9091,119.5342,153.4404,133.212,131.6356,189.6327,70.9685,
2014-07-03,128.8226,162.5266,91.133,148.0804,119.5469,153.5327,133.2484,131.7361,188.6634,71.1132,
2014-07-04,128.8226,162.5266,91.133,148.0804,119.5545,153.8671,133.2929,132.1514,189.2692,71.1132,
2014-07-07,128.0724,162.7302,90.8894,148.6829,119.5496,153.8505,133.2942,132.2318,188.2393,70.597,
2014-07-08,126.0347,161.473,90.4705,147.816,119.5581,153.8272,133.2724,132.2117,188.1787,70.3778,
2014-07-09,126.3795,162.0669,90.9981,148.5378,119.5547,153.7309,133.2643,131.9638,189.2692,69.8317,
2014-07-10,124.6139,161.12,89.2534,147.4513,119.5603,153.6335,133.2436,132.0777,191.6926,69.41,
2014-07-11,124.9394,161.7906,89.652,147.6934,119.5604,153.7319,133.2605,132.0375,191.4503,69.0405,
2014-07-14,125.8231,162.6208,90.7118,148.8517,119.5492,153.753,133.2588,132.0107,186.9064,69.156,
2014-07-15,125.1262,162.1021,90.8921,148.5545,119.5634,153.9755,133.2918,131.9973,186.6035,68.5028,
2014-07-16,126.6503,163.2983,91.3757,149.4699,119.5543,154.0937,133.2882,132.3122,187.2699,68.9176,
2014-07-17,125.0985,161.944,91.0557,147.1259,119.5646,154.2482,133.3069,132.6204,189.5116,69.2778,
2014-07-18,126.1646,163.7339,91.5842,149.5502,119.551,154.3628,133.3303,132.6874,188.421,68.9696,
2014-07-21,125.4202,163.2662,91.3428,149.9101,119.5526,154.5061,133.3404,132.8146,188.8451,68.9563,
2014-07-22,126.1306,164.0399,91.6795,151.3545,119.5459,154.5709,133.324,133.0424,188.9057,68.6174,
2014-07-23,126.8767,165.1246,92.1572,152.1538,119.548,154.7608,133.3288,133.1965,189.0269,69.1381,
2014-07-24,127.4616,165.1952,91.7366,152.8914,119.5475,154.5927,133.3404,133.0156,186.664,69.1458,
2014-07-25,126.5852,164.3997,92.0278,152.2587,119.5596,154.8386,133.3725,133.0357,188.2999,69.3199,
2014-07-28,126.6858,164.9047,92.8056,153.7215,119.552,154.9998,133.3913,132.9888,189.0875,69.4863,
2014-07-29,126.2461,164.0725,92.5078,152.6862,119.5557,155.1562,133.4016,133.1362,188.7845,69.0482,
2014-07-30,126.1857,164.4393,92.7767,152.2532,119.5507,155.0429,133.394,133.0223,188.4816,69.0079,
2014-07-31,123.8449,161.3735,91.5085,149.759,119.5452,154.6692,133.3635,133.0089,187.2699,68.6064,
2014-08-01,122.8212,160.9538,91.4739,150.6478,119.5603,154.5848,133.3775,132.9486,187.7546,68.1951,
2014-08-04,123.2397,161.6449,91.3603,151.6078,119.5533,154.8896,133.4149,132.2519,187.0276,68.6589,
2014-08-05,121.7295,160.1593,89.9608,149.3657,119.5434,154.6661,133.4086,132.0241,187.2699,68.1604,
2014-08-06,121.9874,160.805,89.8369,148.894,119.5723,154.6257,133.4167,132.5467,190.8444,68.9863,
2014-08-07,120.5729,159.8081,89.4607,148.1949,119.5624,154.7465,133.4424,132.1112,190.6021,68.6366,
2014-08-08,121.8782,161.9554,89.7789,149.8052,119.5677,154.9693,133.4431,132.4261,190.3598,68.56,
2014-08-11,121.6889,161.8563,90.303,151.1935,119.5734,155.1106,133.4882,131.9303,190.4203,68.5411,
2014-08-12,121.8516,161.8756,90.2871,151.5935,119.5717,155.2432,133.4957,131.8901,191.9956,68.1469,
2014-08-13,122.499,163.2004,91.1783,152.6287,119.5722,155.2795,133.4944,132.071,191.208,67.8732,
2014-08-14,123.2182,163.9491,91.3189,152.848,119.5723,155.6374,133.534,132.1916,191.0262,67.4762,
2014-08-15,123.1679,163.9638,91.4986,152.4818,119.5736,155.9186,133.5464,132.1045,189.6933,67.496,
2014-08-18,123.8747,165.0106,91.6228,153.6504,119.5762,155.6847,133.5268,131.937,189.451,67.0491,
2014-08-19,124.3416,166.2361,91.9005,154.7074,119.582,155.7134,133.5686,132.4931,189.3904,67.1224,
2014-08-20,124.2077,167.1702,91.6338,154.8529,119.5915,155.9166,133.5684,132.3859,189.5116,67.5236,
2014-08-21,125.5469,168.4349,92.5209,154.9148,119.5853,155.9072,133.571,132.5802,187.3305,67.9297,
2014-08-22,124.6718,167.9345,91.6973,154.2813,119.5751,155.9806,133.5897,132.8146,188.4816,67.8333,
2014-08-25,126.7701,169.8171,92.567,156.3684,119.6284,156.6159,133.6561,133.2099,188.2999,68.2103,
2014-08-26,127.0392,170.053,92.1707,157.4212,119.6087,156.6861,133.6154,133.8999,189.451,68.4854,
2014-08-27,127.6814,170.2271,91.9142,158.445,119.6194,157.0525,133.5849,134.456,189.2086,68.7704,
2014-08-28,126.6261,169.867,91.5378,156.6348,119.6061,156.7463,133.5356,134.5297,190.8444,68.8872,
2014-08-29,126.7488,170.4272,91.4239,156.462,119.6111,156.8325,133.5429,134.5967,190.6627,69.068,
2014-09-01,126.7488,170.4272,91.4239,156.462,119.6265,156.7028,133.5805,134.6436,190.905,69.068,
2014-09-02,127.106,171.0295,92.7262,156.8493,119.6169,156.6171,133.5703,134.3153,187.7546,68.5757,
2014-09-03,128.2512,170.9358,92.804,158.9061,119.6056,156.507,133.5598,133.8798,187.9363,68.4817,
2014-09-04,127.3402,170.4419,92.3592,158.2588,119.679,157.2058,133.69,134.1813,190.7839,68.1574,
2014-09-05,129.8018,174.0969,93.5226,162.3097,119.6851,157.6228,133.707,134.7441,190.4203,69.4602,
2014-09-08,127.7868,173.3705,93.295,160.143,119.685,157.6279,133.7062,134.4426,188.7239,69.0447,
2014-09-09,128.3593,173.1052,92.9533,158.9279,119.6787,156.9768,133.6554,133.5449,189.2086,68.8803,
2014-09-10,128.391,173.0734,93.614,157.6309,119.6685,156.698,133.6219,133.3238,188.2999,68.037,
2014-09-11,128.0788,173.6064,93.5573,156.8715,119.671,156.6779,133.6179,133.2099,186.2399,67.6903,
2014-09-12,128.059,172.5055,93.1939,155.1275,119.6495,156.1184,133.585,132.7477,185.21,67.2359,
2014-09-15,127.6313,171.8899,93.0102,153.9133,119.6654,156.2335,133.6175,132.9151,185.5735,67.1417,
2014-09-16,128.3009,173.4572,93.3139,156.1714,119.6505,156.116,133.5929,132.6807,185.6947,67.7813,
2014-09-17,127.5519,173.4324,92.3868,154.4906,119.6685,156.5181,133.6264,132.7209,185.8158,67.2613,100.0
2014-09-18,129.805,175.8367,93.7275,156.0157,119.6412,156.2766,133.6067,132.4462,184.9677,67.0828,93.5952
2014-09-19,128.5863,174.7257,93.3774,154.0003,119.6599,156.8811,133.629,132.5869,184.7859,66.1457,86.5862
2014-09-22,128.9008,174.438,93.8697,152.5904,119.6645,156.8811,133.6506,133.0826,184.483,66.07,88.7396
2014-09-23,127.1119,173.3036,93.6372,151.6158,119.636,156.7282,133.6185,133.096,185.2706,66.0375,96.0872
2014-09-24,127.6255,174.6266,94.1754,153.7593,119.6483,157.0931,133.6116,133.23,185.3917,66.505,93.2941
2014-09-25,126.2455,172.8291,94.4948,151.3045,119.6636,157.0921,133.6419,133.0156,186.5429,66.6487,91.2689
2014-09-26,126.9548,174.4895,95.3713,152.2358,119.6684,157.0069,133.6474,133.4846,186.5429,66.8554,89.8314
2014-09-29,126.8322,175.3253,95.4385,150.1369,119.6645,156.8988,133.6317,133.5315,186.8458,67.941,83.9514
2014-09-30,126.4494,174.6199,94.742,149.9276,119.669,157.1537,133.6517,133.6186,186.9064,66.8734,86.3969
2014-10-01,125.6944,173.1061,93.6739,147.5881,119.6788,157.4882,133.6816,133.8196,187.9969,67.1262,86.0776
2014-10-02,124.2624,173.1896,91.9245,148.4344,119.6678,157.2717,133.6691,133.5181,187.0276,67.07,84.1883
2014-10-03,123.3029,174.4553,92.7167,149.1556,119.6453,157.2093,133.6548,133.5181,187.0276,66.5321,80.4003
2014-10-06,125.9179,176.437,93.6348,153.0023,119.6546,157.2815,133.6633,132.7209,186.1188,68.452,74.7439
2014-10-07,122.0023,171.894,92.0886,150.0602,119.6555,157.201,133.6394,132.8146,186.7852,67.735,75.3297
2014-10-08,124.0161,174.5972,92.4935,152.041,119.6535,157.3401,133.628,132.3792,185.5129,67.3448,78.9465
2014-10-09,119.5683,170.1264,89.6239,148.7741,119.6682,157.4924,133.6231,132.473,187.8758,66.5024,81.169
2014-10-10,118.4512,168.9003,88.7173,146.1601,119.6511,157.4246,133.6237,132.1514,188.421,66.5909,80.7409
2014-10-13,118.8896,166.7729,88.2547,148.2145,119.6332,157.2507,133.5982,132.0509,189.0269,67.3191,87.5235
2014-10-14,118.2864,165.9268,88.2333,148.0984,119.6475,157.5573,133.609,131.9035,189.5722,66.4666,89.2735
2014-10-15,117.7934,165.9114,88.3411,147.2097,119.6575,157.5263,133.5632,132.4127,189.6327,66.034,88.5063
2014-10-16,114.8916,163.4078,86.764,143.7917,119.6308,157.0307,133.4307,131.5083,188.9057,65.6133,84.5456
2014-10-17,117.6563,165.5603,87.2798,145.5943,119.6214,156.8142,133.5121,131.7696,188.3604,65.5667,84.9255
2014-10-20,118.664,167.887,89.418,146.6515,119.6326,156.661,133.5074,131.8231,189.6327,65.3259,85.0879
2014-10-21,120.1255,170.6018,88.9391,146.7363,119.6239,156.7398,133.5212,132.2318,191.5715,65.5751,85.5881
2014-10-22,119.5607,170.4616,89.5828,146.6935,119.6211,156.8205,133.5279,132.3591,191.5109,65.4467,85.3909
2014-10-23,121.8861,173.4429,90.6678,147.5078,119.6231,156.6481,133.5018,132.2653,189.2692,66.3145,80.3402
2014-10-24,122.2696,174.603,90.9002,148.4097,119.6231,156.7636,133.5179,132.5333,189.2086,65.8189,80.2439
2014-10-27,121.4095,174.052,90.8991,146.9892,119.6151,156.6824,133.4979,132.6807,188.3604,65.7599,78.9035
2014-10-28,123.0716,175.7046,91.2043,149.6579,119.6208,156.9419,133.4859,132.607,187.9363,66.2537,79.7821
2014-10-29,121.4148,174.9309,91.4213,149.4402,119.6164,157.0337,133.4843,132.8883,186.7852,66.7209,74.6513
2014-10-30,123.2345,177.5235,92.913,152.1023,119.6364,157.1812,133.4873,132.9017,185.0888,66.692,77.454
2014-10-31,124.8069,179.8303,97.6726,152.99,119.6414,157.5724,133.5404,133.297,181.3325,66.6773,76.0044
2014-11-03,124.2105,181.5148,99.1874,153.0573,119.6354,157.4423,133.5392,132.895,182.4836,67.1862,74.2343
2014-11-04,124.0726,180.989,96.6284,153.2919,119.6329,157.5536,133.5651,133.2568,181.3931,66.5728,74.9433
2014-11-05,124.3695,181.3106,95.7042,151.251,119.6385,157.3193,133.5572,132.7008,179.3332,66.1347,76.6355
2014-11-06,124.5801,183.0944,95.0327,150.2591,119.6444,157.4949,133.6098,133.1295,179.8179,66.9544,79.3069
2014-11-07,125.6799,184.7455,95.47,152.4338,119.6458,157.4761,133.5975,133.4176,182.726,67.854,78.3737
2014-11-10,125.4196,184.1178,95.5849,151.8434,119.638,157.5996,133.6062,133.498,181.9384,66.6187,83.4355
2014-11-11,126.5785,184.7645,96.402,152.0803,119.6347,157.7036,133.631,133.4779,182.0595,67.4825,83.8223
2014-11-12,124.622,183.8864,95.556,151.2271,119.6379,157.7872,133.6371,133.3975,181.999,67.0957,96.2027
2014-11-13,125.62,184.7735,96.7307,151.3804,119.6346,157.7056,133.6286,133.1429,181.9384,66.6085,95.9137
2014-11-14,125.1795,184.1366,96.3736,152.0693,119.6365,157.7889,133.638,133.0424,183.2713,67.0157,90.3546
2014-11-17,125.103,183.6285,94.4961,149.944,119.6233,157.7471,133.6287,132.6539,185.2706,66.9658,87.6916
2014-11-18,127.5756,185.7199,96.3366,151.5903,119.6254,157.9107,133.6269,132.6606,185.5129,66.9232,85.402
2014-11-19,126.67,184.1729,95.1173,150.4963,119.5904,157.6359,133.5975,132.2787,183.0289,66.5118,86.038
2014-11-20,126.0624,184.3873,94.0838,150.1521,119.6015,157.8696,133.6226,132.5065,184.9677,67.0831,80.8548
2014-11-21,126.9927,185.3112,94.7848,154.882,119.6152,158.2198,133.6643,132.7142,189.2086,67.3359,79.2481
2014-11-24,129.8409,188.3839,96.2519,155.7147,119.6177,158.4339,133.6936,132.9084,187.5728,67.6224,86.3023
2014-11-25,129.7244,187.367,96.0481,153.9922,119.6192,158.6081,133.6976,133.7057,187.2699,67.6635,85.5446
2014-11-26,129.7431,187.1318,95.4372,155.3504,119.6166,158.6197,133.687,133.8396,186.5429,67.1489,83.6349
2014-11-27,129.7431,187.1318,95.4372,155.3504,119.6199,158.9219,133.7007,133.7526,185.8764,67.1489,83.7603
2014-11-28,128.9347,187.015,95.2522,152.4604,119.6092,159.0852,133.6814,133.6722,184.9677,64.634,85.5967
2014-12-01,129.1104,186.0692,95.9266,150.1378,119.5987,159.1704,133.6768,133.7727,187.8152,65.8491,86.3973
2014-12-02,128.8278,186.7945,96.5012,149.7182,119.5914,158.9923,133.6849,133.1027,188.421,64.2555,86.6474
2014-12-03,129.418,188.7508,97.0541,151.1105,119.6042,159.0585,133.7094,133.096,191.5109,64.4194,85.7758
2014-12-04,129.7013,189.642,97.3716,152.2525,119.6029,159.0024,133.6855,133.0558,189.5722,64.7352,85.0325
2014-12-05,129.6015,188.8787,96.9036,151.096,119.5975,159.1364,133.6908,133.2635,189.0875,64.3493,86.2103
2014-12-08,129.5611,189.0294,96.0547,149.9996,119.6046,159.2391,133.6927,133.5382,189.0875,64.0305,83.415
2014-12-09,128.1361,188.5785,96.3882,148.3306,119.6012,159.1543,133.6518,133.364,193.0861,64.663,81.0428
2014-12-10,125.8807,184.3603,94.2839,145.196,119.5991,158.9738,133.6123,132.9419,192.6014,63.5492,79.1826
2014-12-11,124.5242,184.1213,93.9324,143.0652,119.6005,159.0266,133.6279,132.2452,193.0255,62.9884,79.6217
2014-12-12,122.5279,182.3003,93.6246,141.6132,119.6056,159.1018,133.6215,132.0174,191.0868,63.5492,80.5947
2014-12-15,119.8017,180.0516,91.3062,138.8135,119.6028,159.1356,133.6028,132.0509,190.178,62.3476,78.5149
2014-12-16,121.3255,178.8949,91.5351,138.816,119.607,159.1528,133.5898,131.8298,186.7852,61.9319,74.4778
2014-12-17,122.0084,181.4034,92.5615,141.2294,119.6133,159.3059,133.6172,131.8031,187.5728,61.5731,72.4199
2014-12-18,126.334,188.4965,95.3589,145.1674,119.6204,159.4652,133.6975,131.8767,189.7539,62.6368,71.5113
2014-12-19,126.3599,190.046,96.2371,146.7609,119.6286,159.5251,133.7121,132.0509,190.7839,62.9444,73.28
2014-12-22,127.865,191.9269,96.4923,149.5859,119.6308,159.6588,133.7448,132.8682,188.1181,62.0847,76.9211
2014-12-23,127.4104,192.2211,96.6782,148.2456,119.6342,159.7323,133.779,133.1295,188.421,62.3587,77.5579
2014-12-24,128.8332,193.0104,96.897,149.1832,119.637,159.7429,133.7868,133.1295,188.421,61.696,75.0671
2014-12-25,128.8332,193.0104,96.897,149.1832,119.637,159.7429,133.7897,133.1295,188.421,61.696,74.1027
2014-12-26,128.5588,193.0765,97.2918,149.9337,119.637,159.7429,133.7926,133.1295,188.421,61.7614,76.1023
2014-12-29,127.8828,193.9803,96.6028,149.5176,119.6436,159.8252,133.7678,133.4243,188.7845,61.4195,72.8041
2014-12-30,126.9449,193.193,95.5461,150.0198,119.6551,160.1164,133.835,133.0424,189.6933,61.7034,72.4491
2014-12-31,125.9184,191.141,94.9717,150.0286,119.658,160.1319,133.8469,133.0424,189.6933,60.7259,74.6012
2015-01-01,125.9184,191.141,94.9717,150.0286,119.658,160.1319,133.8498,133.0424,189.6933,60.7259,73.6001
2015-01-02,126.0223,192.1865,95.7123,148.9324,119.6558,160.6487,133.9294,133.0491,192.7226,60.5597,73.8397
2015-01-05,123.8129,190.9744,95.7396,148.0327,119.6513,160.5744,133.9158,132.2318,195.3884,61.3672,65.1034
2015-01-06,122.4947,189.2931,94.2498,147.5022,119.6422,160.7307,133.9253,131.9973,197.9329,61.5088,67.9243
2015-01-07,124.4308,192.6793,96.1396,151.4997,119.6564,160.2347,133.9295,131.9906,200.114,61.4434,70.2326
2015-01-08,126.6468,196.7504,97.6748,154.5931,119.6593,160.1164,133.9371,132.2251,200.417,61.8563,67.8355
2015-01-09,126.3324,195.8344,96.96,154.6046,119.6696,160.0233,133.9452,132.3993,200.4775,61.9401,69.7609
2015-01-12,125.5135,193.0788,96.0041,152.3806,119.6684,160.4388,133.9464,132.2385,202.2345,60.3026,63.9246
2015-01-13,126.4972,193.1733,97.1037,154.2198,119.6716,160.6571,133.9778,132.3256,204.9003,60.0641,54.093
2015-01-14,126.9201,192.8749,97.3681,154.0494,119.6744,160.9702,133.9938,133.0759,204.4762,61.0903,42.8479
2015-01-15,127.5568,190.9843,98.0026,154.3042,119.7062,160.9963,134.0357,133.2501,212.2917,60.5269,50.4514
2015-01-16,130.9928,195.9586,100.1365,157.5907,119.7091,161.3866,134.0752,133.8129,216.5933,62.2543,50.67
2015-01-19,130.9928,195.9586,100.1365,157.5907,119.7113,161.4823,134.0727,134.2282,213.7458,62.2543,52.6397
2015-01-20,132.345,197.0438,101.2743,157.886,119.69,161.3371,134.0584,134.3019,218.1079,61.5291,51.6284
2015-01-21,134.0179,198.9136,101.8998,162.0827,119.7094,161.1006,134.0535,134.456,216.7145,62.2286,55.6804
2015-01-22,133.606,200.6828,101.7421,164.2069,119.7471,161.1992,134.1511,136.1777,222.2883,61.4795,56.9404
2015-01-23,135.9962,204.3071,103.7882,166.8251,119.7354,161.9889,134.1643,136.64,223.0154,62.3473,58.1567
2015-01-26,140.9337,208.8589,107.0534,170.2269,119.7082,161.9287,134.1131,136.0705,221.0766,63.3877,69.6526
2015-01-27,139.4538,203.8636,106.0725,167.4683,119.7017,161.7822,134.1014,135.7624,221.8037,63.0061,66.3767
2015-01-28,135.3123,199.1305,104.775,163.9076,119.7158,161.7226,134.0828,135.5212,221.1978,61.6911,58.3093
2015-01-29,138.8034,202.5018,106.4839,165.156,119.7328,161.8013,134.1351,135.1862,217.2597,61.3511,58.6525
2015-01-30,135.7953,199.0011,104.1626,159.8612,119.7296,161.9155,134.1234,136.1174,220.2284,62.2346,56.6007
2015-02-02,137.6901,201.9383,105.4975,163.1109,119.7434,162.0835,134.1461,136.3988,219.0167,62.861,59.6912
2015-02-03,140.3846,204.2678,105.012,165.7116,119.7496,161.9798,134.1745,136.4524,213.7458,64.269,56.7806
2015-02-04,137.1058,201.4359,104.4902,163.2281,119.766,161.9967,134.2026,136.238,215.321,62.3487,56.1048
2015-02-05,140.7212,205.9615,106.6779,166.2121,119.7633,161.9885,134.2163,136.5194,214.9575,63.6796,54.3531
2015-02-06,136.7531,202.6488,104.3573,161.1989,119.7703,161.9872,134.2246,136.238,212.1706,62.9152,54.9004
2015-02-09,138.1153,204.5514,104.8116,163.1976,119.7592,161.6946,134.1939,135.97,213.564,64.3152,55.1251
2015-02-10,139.3294,206.5014,106.0562,162.6066,119.7701,161.5936,134.2122,135.5346,212.9582,63.4808,54.9961
2015-02-11,138.4103,206.7124,106.2846,161.4889,119.7668,161.5717,134.2058,135.4207,211.08,63.0945,54.8568
2015-02-12,141.5031,208.8846,107.1052,165.0802,119.7753,161.6673,134.2214,135.7959,209.5654,63.9579,55.5512
2015-02-13,140.823,208.0528,107.5029,165.622,119.7654,161.8439,134.2255,136.171,209.9289,64.3948,58.4981
2015-02-16,140.823,208.0528,107.5029,165.622,119.7694,161.6001,134.2363,136.1643,210.7771,64.3948,58.1244
2015-02-17,142.1043,209.6657,108.0755,166.2751,119.763,161.5761,134.2461,135.8428,206.4755,64.5742,60.9049
2015-02-18,141.7101,208.3857,109.2977,165.2035,119.7673,161.3673,134.2424,135.8361,205.9908,63.5676,58.7175
2015-02-19,141.5633,208.3224,110.1538,164.5787,119.7664,161.4334,134.2319,135.9633,207.4449,63.5937,59.7251
2015-02-20,143.8032,210.1864,111.471,166.1641,119.7694,161.8014,134.267,136.3184,207.0814,63.4759,60.7717
2015-02-23,142.9237,209.8843,110.6946,164.2758,119.7623,162.0907,134.2824,136.3586,206.5361,62.656,59.4762
2015-02-24,144.515,211.3812,111.7123,167.3555,119.7665,162.0716,134.2955,136.3519,205.5061,63.0984,59.6915
2015-02-25,144.5669,211.0891,111.3809,166.9387,119.7736,162.3315,134.3036,136.7472,206.839,63.7399,59.3436
2015-02-26,143.5082,210.3831,112.1344,166.6181,119.7994,162.8431,134.3613,136.8477,210.5347,63.2325,58.9547
2015-02-27,145.7438,212.628,113.2598,168.8472,119.8042,162.8072,134.3629,137.2965,211.5647,64.7206,64.1881
2015-03-02,146.5199,214.8024,113.9764,169.2541,119.7754,162.8202,134.3585,137.1089,210.5347,64.1759,69.9825
2015-03-03,145.0674,213.5938,113.2506,167.7075,119.7749,162.5233,134.3478,137.2831,209.626,64.1219,71.4045
2015-03-04,144.5042,212.6339,112.6675,165.8332,119.7565,162.4039,134.341,137.866,211.6859,64.0377,69.2027
2015-03-05,146.2581,214.7899,114.3346,167.0801,119.7587,162.8158,134.3988,138.7503,212.7764,64.4381,70.617
2015-03-06,144.1399,212.7288,114.6665,165.2695,119.7751,162.9059,134.4079,138.5024,210.4136,63.9915,70.0497
2015-03-09,147.2053,217.2749,116.2546,167.4624,119.7707,163.1239,134.3576,138.9379,209.9289,64.7478,75.6625
2015-03-10,143.7888,213.9984,114.6821,163.9273,119.7886,163.8762,134.3719,139.6681,211.2012,64.0936,76.3134
2015-03-11,145.5452,215.9836,117.0733,167.094,119.7914,163.8462,134.438,140.0566,211.9282,65.0245,78.4244
2015-03-12,148.9988,222.0463,121.4788,170.6844,119.7978,163.8075,134.4416,140.3715,211.3224,65.6593,79.0696
2015-03-13,146.8661,219.0738,120.6887,167.3843,119.8042,163.5679,134.4442,140.4452,213.564,64.2273,76.088
2015-03-16,150.8727,225.0652,122.8449,171.7329,119.7887,163.5947,134.4449,139.6882,212.1706,64.8548,78.5592
2015-03-17,149.1552,222.458,122.0755,172.2263,119.7494,163.2083,134.4066,139.2326,211.2618,63.8742,76.517
2015-03-18,152.2483,224.5991,123.7256,176.0251,119.783,163.1637,134.3945,139.7686,211.2012,65.4704,68.527
2015-03-19,146.6663,218.3832,119.4319,169.0272,119.8063,163.3045,134.3663,139.983,214.2305,63.0171,68.1447
2015-03-20,153.0168,224.0493,123.385,174.4637,119.7954,163.4753,134.4472,140.7199,213.0793,64.989,69.5191
2015-03-23,151.4631,220.3562,122.1577,172.4377,119.779,163.1711,134.4302,140.4586,211.6859,65.0461,69.813
2015-03-24,149.638,216.748,120.5547,171.2516,119.7802,163.0649,134.4263,139.7686,212.7158,63.9139,63.5835
2015-03-25,149.3004,214.4134,120.747,169.2,119.7869,162.9957,134.4324,139.6279,212.5947,64.2337,63.9905
2015-03-26,147.0299,212.7625,118.8844,166.7303,119.8087,163.0065,134.4712,139.6279,215.6239,64.432,64.2531
2015-03-27,148.4625,214.7012,120.1656,168.3344,119.8139,163.0137,134.4834,139.3398,214.5334,63.7138,64.2992
2015-03-30,148.8059,217.3488,120.6533,171.5989,119.7979,163.1419,134.45,138.8374,213.2611,63.6767,64.437
2015-03-31,147.1155,216.5376,118.8906,172.0797,119.8051,163.4407,134.5201,139.4068,215.5028,63.2231,63.8985
2015-04-01,149.8277,217.6225,120.3889,175.7181,119.8119,163.5378,134.5299,139.5609,217.6232,64.8462,65.2509
2015-04-02,150.7496,217.7605,121.083,177.8296,119.8111,163.4313,134.5265,139.6949,214.7757,64.8152,66.5666
2015-04-03,150.7496,217.7605,121.083,177.8296,119.8111,163.4313,134.5293,139.6949,214.7757,64.8152,66.2926
2015-04-06,148.8876,214.6155,119.9372,176.3265,119.8111,163.4313,134.5322,139.6949,214.7757,64.0355,65.807
2015-04-07,149.3903,215.3498,121.2308,176.5073,119.8107,163.588,134.541,139.8155,217.5627,64.8767,65.6082
2015-04-08,151.3249,218.2862,122.6601,182.0446,119.8531,163.6875,134.5573,139.7619,217.078,64.194,64.1434
2015-04-09,151.8431,220.0421,123.1022,184.5093,119.8289,163.6629,134.5628,139.648,217.9868,63.9904,64.0209
2015-04-10,153.9378,223.6529,124.6358,186.6498,119.833,163.6391,134.5678,139.9026,221.9854,65.3124,62.6988
2015-04-13,154.0213,223.8837,124.4596,186.597,119.8182,163.6178,134.5523,139.9562,220.7131,65.2113,59.9813
2015-04-14,155.8652,225.095,125.7688,188.0828,119.8234,163.5947,134.5574,140.0566,218.532,65.9294,58.7359
2015-04-15,155.5796,224.5297,125.4716,188.081,119.8293,163.6939,134.5284,140.6931,219.6831,66.6528,59.5706
2015-04-16,155.3674,223.8418,125.4117,189.0372,119.8409,163.6454,134.5577,140.4184,217.7444,67.1383,60.6631
2015-04-17,152.0164,219.6462,123.5377,184.3711,119.8347,163.3372,134.5404,140.2375,217.7444,66.5088,58.7194
2015-04-20,151.547,220.5326,123.2934,183.2672,119.8148,163.4521,134.5295,140.3313,216.1692,65.533,58.8797
2015-04-21,153.662,221.5557,125.9255,185.4173,119.8237,163.3173,134.541,140.0968,217.078,65.8237,62.0295
2015-04-22,153.7172,222.7641,126.9498,187.5057,119.8108,163.4041,134.5429,139.8088,216.1692,65.7441,61.7745
2015-04-23,154.7944,223.6557,127.0422,189.1692,119.8324,163.44,134.535,139.6815,215.321,66.5322,62.47
2015-04-24,154.1155,222.3257,126.4694,188.2959,119.8222,163.3748,134.5362,139.4537,211.2618,65.9606,60.5939
2015-04-27,154.6752,220.3022,125.558,188.0876,119.8228,163.4702,134.5337,139.5609,214.8969,65.6786,59.7764
2015-04-28,154.3313,220.82,125.8321,188.2311,119.8383,163.5514,134.5524,139.6547,215.3816,65.8287,58.8332
2015-04-29,151.7896,218.0838,123.6622,184.3382,119.8066,162.7692,134.536,138.6431,211.6253,65.6643,58.3322
2015-04-30,149.4364,213.0778,118.903,179.1721,119.7787,162.327,134.518,138.6163,205.5061,65.5396,60.2055
2015-05-01,149.2786,213.4608,119.3053,178.6458,119.7787,162.327,134.5209,138.6163,205.5061,64.8431,58.6395
2015-05-04,149.6619,214.6185,120.1629,180.1425,119.7772,162.0615,134.5367,137.9396,208.0507,65.0317,60.5479
2015-05-05,147.7045,212.8608,118.2551,178.7792,119.7841,161.177,134.5356,136.2313,208.1719,65.9107,60.0114
2015-05-06,148.2121,211.2802,117.7704,175.9849,119.784,160.6033,134.5343,135.4207,204.8397,65.6255,58.2063
2015-05-07,145.6403,209.221,116.3404,173.3316,119.783,160.7025,134.5579,135.5815,204.355,63.7479,59.2968
2015-05-08,150.3915,213.7571,120.0592,177.0181,119.7838,161.0582,134.5689,135.9834,205.8091,64.9862,61.4401
2015-05-11,150.5244,213.7418,118.6985,176.1532,119.7749,160.8789,134.5707,135.6083,206.4149,64.8079,61.2987
2015-05-12,150.6413,214.0519,119.2273,176.3547,119.7592,160.1874,134.5597,135.1058,206.839,65.85,61.3058
2015-05-13,150.6546,212.623,119.1414,175.4751,119.7515,160.4526,134.5676,135.0321,208.5354,65.552,59.6893
2015-05-14,151.4275,212.3979,118.4209,175.1988,119.7449,160.2183,134.5738,135.1326,209.8683,65.3072,59.1486
2015-05-15,150.5234,211.612,118.3956,175.7054,119.7451,160.5758,134.5955,135.7289,208.2931,64.9735,59.0339
2015-05-18,149.0979,211.5262,118.9687,173.3048,119.7476,160.3148,134.5899,135.1996,210.6559,64.5949,57.7188
2015-05-19,150.1437,213.676,120.308,175.4106,119.7567,160.6109,134.6192,135.816,211.1406,63.7904,58.0291
2015-05-20,153.0892,216.9647,122.2457,178.1108,119.7678,160.6844,134.6312,135.4274,212.6552,64.7513,59.4902
2015-05-21,154.5958,218.4963,123.2141,178.2198,119.7774,160.5605,134.6358,135.1527,211.2012,65.6642,60.0747
2015-05-22,152.8546,217.7566,122.8136,178.6269,119.7689,160.6034,134.6354,135.1728,213.0793,64.7541,61.2907
2015-05-25,152.8546,217.7566,122.8136,178.6269,119.7672,160.6463,134.632,135.1728,213.0793,64.7541,61.1187
2015-05-26,151.547,218.1776,122.7961,178.039,119.7738,160.5043,134.6275,134.5029,212.5947,64.3466,61.2419
2015-05-27,154.7436,221.9135,124.5737,179.4275,119.7568,160.7024,134.6268,134.4091,212.4735,64.1981,61.7483
2015-05-28,154.4773,221.4363,124.1634,176.9005,119.7804,160.7821,134.6253,134.7709,212.2917,64.2456,61.7176
2015-05-29,151.9648,218.8492,122.3548,174.2318,119.7679,160.819,134.6246,135.4944,211.08,64.3651,61.2972
2015-06-01,151.0595,219.3429,122.9443,173.592,119.7727,160.7731,134.6262,135.1259,213.3823,64.5144,57.6464
2015-06-02,152.888,219.8264,123.0554,174.8276,119.7454,159.6622,134.5861,134.2483,208.9595,65.4442,58.5772
2015-06-03,150.961,215.9212,121.0108,170.3934,119.7094,158.9543,134.5626,132.8012,205.6879,63.3367,57.4026
2015-06-04,147.6619,212.0468,119.0302,166.2038,119.7464,159.0118,134.6038,133.1563,203.1433,62.1378,56.4627
2015-06-05,146.2751,212.6272,118.8274,166.1989,119.7316,158.5383,134.5917,132.8481,205.0215,62.525,56.8731
2015-06-08,147.5089,213.2168,119.2466,167.6491,119.7211,158.3628,134.586,132.6338,203.628,63.3531,58.286
2015-06-09,144.7024,209.9204,116.2357,164.0931,119.6993,157.9788,134.5739,132.5132,203.6886,63.2363,57.5336
2015-06-10,148.0335,212.0978,117.9595,166.2141,119.7117,157.8804,134.5627,132.4998,204.8397,63.6595,57.38
2015-06-11,148.1504,212.5386,118.3699,165.2033,119.7271,158.4455,134.5812,133.1965,204.5974,62.7137,57.5404
2015-06-12,147.5742,212.2501,118.4811,166.2517,119.7334,157.9652,134.4931,132.9218,204.2944,62.5185,57.9754
2015-06-15,146.301,211.7301,119.0659,164.6956,119.7275,157.5777,134.4065,132.2318,206.0514,62.4797,59.81
2015-06-16,145.665,211.8072,117.9166,163.9033,119.7292,157.6695,134.4029,132.2586,204.355,62.295,63.0433
2015-06-17,145.9616,212.81,117.2782,165.405,119.7205,157.8666,134.476,132.3926,203.8703,62.5987,62.8334
2015-06-18,146.1281,212.6035,116.0488,165.0548,119.7461,158.118,134.4899,132.8682,205.3244,61.8291,62.0573
2015-06-19,145.4721,211.6452,116.1312,163.6141,119.7393,158.2239,134.4962,132.7946,206.4755,61.3471,60.9563
2015-06-22,148.8287,212.6883,117.9159,165.9509,119.7208,158.356,134.5308,133.1094,202.901,61.4655,61.5385
2015-06-23,148.9348,213.2867,119.5222,167.9369,119.7325,158.6775,134.5712,133.565,205.2032,62.0735,60.9954
2015-06-24,150.0564,215.0898,120.1268,169.3902,119.7402,158.7542,134.5563,133.4645,204.4156,62.8352,61.0021
2015-06-25,149.538,213.7699,119.9933,168.2838,119.7385,158.7392,134.5981,133.4913,204.2338,62.8824,61.3901
2015-06-26,149.9086,213.8058,120.5895,166.7572,119.7407,158.4828,134.5972,133.1831,205.0215,63.1254,61.6132
2015-06-29,147.665,213.6699,119.9886,166.4267,119.7464,158.1001,134.4986,132.3055,205.082,64.0765,66.3707
2015-06-30,143.5517,209.3867,117.8899,165.1678,119.7618,158.336,134.5214,132.8012,205.3244,63.937,66.4213
2015-07-01,145.3828,212.7327,119.6561,166.3467,119.7635,158.4023,134.5615,132.6539,205.6273,63.8878,65.8134
2015-07-02,146.7995,214.4904,120.7553,168.6805,119.7899,158.0835,134.5675,132.2653,204.2944,64.5642,65.5939
2015-07-03,146.7995,214.4904,120.7553,168.6805,119.7983,158.2548,134.5824,132.7075,204.7791,64.5642,65.5145
2015-07-06,143.8943,214.6303,120.3336,164.5491,119.8055,158.3268,134.5606,132.2519,205.5667,62.8818,69.3336
2015-07-07,143.0568,214.9258,120.0266,161.2898,119.7952,158.8195,134.5773,132.6807,205.4456,61.8821,68.2712
2015-07-08,141.5039,212.0694,115.4803,156.2951,119.8015,159.021,134.6002,132.895,204.355,61.8548,69.6915
2015-07-09,143.2036,211.2811,116.2427,158.4334,119.7866,159.0913,134.6225,132.7879,205.2032,62.3166,68.9086
2015-07-10,149.2688,214.0955,118.1936,162.5649,119.7709,158.6033,134.6403,132.3926,202.9616,62.6516,72.9708
2015-07-13,148.4373,215.1749,119.0704,162.6941,119.7663,158.7553,134.67,132.6807,204.5974,62.4132,74.3611
2015-07-14,151.5853,218.8333,121.3236,165.0435,119.7751,159.0564,134.6811,132.5266,204.355,62.998,74.1153
2015-07-15,150.6388,218.412,121.0365,162.9104,119.7882,159.6821,134.7203,133.1965,203.6886,62.2919,73.5764
2015-07-16,152.8623,221.4612,122.2212,165.9219,119.7701,159.6378,134.7202,133.3171,204.5974,62.3655,72.0055
2015-07-17,153.2316,222.8205,123.1518,166.584,119.7813,160.1646,134.7516,133.7325,203.0221,62.3549,72.7461
2015-07-20,154.434,224.0838,123.786,166.3618,119.766,160.4645,134.7726,133.9133,199.0841,61.6044,72.9923
2015-07-21,153.837,223.0921,123.3457,166.3257,119.7645,160.1906,134.7638,133.3774,197.2059,61.7573,72.1342
2015-07-22,151.2756,220.5635,121.6004,162.384,119.7663,160.2661,134.766,133.699,195.6307,60.4223,71.8046
2015-07-23,150.9627,219.5808,121.6496,160.9917,119.7624,160.4453,134.7745,134.0272,194.2372,59.8383,71.5853
2015-07-24,148.4276,216.0781,119.8358,157.7849,119.7727,160.6913,134.7872,134.0071,192.9044,58.9617,74.335
2015-07-27,147.5102,215.1469,119.5469,155.0393,119.7663,160.6848,134.7647,133.7794,192.3591,57.8583,75.8283
2015-07-28,147.8828,215.4787,118.8373,154.9553,119.7733,160.6227,134.792,133.9401,192.8438,57.8679,75.229
2015-07-29,148.6088,217.4325,119.5622,156.8141,119.7746,160.5824,134.7992,134.1076,193.692,58.2838,74.1539
2015-07-30,149.6629,219.1063,120.642,156.4077,119.7857,160.8369,134.8235,134.7039,194.9037,58.3813,74.2251
2015-07-31,151.2036,219.67,122.0805,158.7593,119.7813,160.9885,134.8241,134.9718,193.1467,57.8756,73.7334
2015-08-03,150.8207,218.3352,121.2785,155.6841,119.7758,161.1142,134.8145,134.4359,193.9343,56.8856,72.6491
2015-08-04,150.7269,218.1666,121.2336,156.4237,119.7758,161.0845,134.8414,134.4158,194.1161,57.4038,73.7674
2015-08-05,152.6692,220.2333,122.7389,157.4298,119.7648,160.4921,134.8228,133.5181,194.2978,57.5305,73.3535
2015-08-06,152.1976,218.147,122.201,155.8526,119.7708,160.6536,134.8472,133.699,194.6613,57.2747,72.3995
2015-08-07,151.3451,217.2511,122.3112,155.4254,119.7957,160.8971,134.8631,133.9535,194.9643,57.1718,72.5022
2015-08-10,152.454,219.2263,123.6773,157.4899,119.7907,160.9347,134.862,133.6387,196.5395,58.3249,68.345
2015-08-11,149.7846,216.2239,120.9379,153.3074,119.789,161.2428,134.8688,133.7995,195.4489,57.3103,69.5444
2015-08-12,148.5257,215.9916,119.9151,150.5868,119.7966,161.2453,134.8735,133.1496,195.5095,56.8448,68.3575
2015-08-13,146.5152,213.4242,119.5627,148.7307,119.788,161.1275,134.8723,133.0357,195.2672,55.9736,67.0462
2015-08-14,146.8361,214.2014,119.5627,148.9403,119.7817,161.0314,134.8718,133.2099,195.3278,55.7745,67.4524
2015-08-17,147.1439,216.718,120.5747,148.208,119.7757,161.2855,134.8689,133.6119,196.903,55.8046,65.8978
2015-08-18,146.5617,216.3827,119.8987,146.8036,119.7547,161.0431,134.8506,133.0223,197.4483,55.4121,53.9914
2015-08-19,145.7815,215.5901,119.1006,145.6076,119.7492,160.9176,134.8447,133.0424,198.5994,55.2013,58.2309
2015-08-20,141.4168,209.4327,114.6364,142.1932,119.7666,161.3089,134.8593,132.8883,199.9928,55.1237,59.9828
2015-08-21,136.8655,200.9783,109.5626,136.358,119.7577,160.9809,134.8417,132.3725,199.2658,53.5954,58.6467
2015-08-24,131.64,190.1469,104.4015,128.7995,119.753,161.018,134.8272,131.7026,195.0248,51.7639,52.4272
2015-08-25,130.1479,184.5657,103.168,128.1234,119.7337,160.2204,134.8151,131.1532,194.0555,50.8428,54.2132
2015-08-26,132.7318,192.1846,107.568,132.7326,119.7206,160.095,134.7991,130.8919,192.2379,50.5566,55.3996
2015-08-27,136.6215,200.6008,111.5722,141.1834,119.7238,160.3111,134.8021,131.2872,195.146,53.1081,56.1645
2015-08-28,137.2359,202.2534,113.0367,140.5091,119.7244,160.5142,134.8145,132.0241,197.4483,54.7943,58.2938
2015-08-31,137.1455,201.2264,111.6287,141.1845,119.7102,160.3686,134.8064,131.9303,196.9636,55.7087,58.1316
2015-09-01,133.199,195.0146,106.4507,135.576,119.707,159.9676,134.8073,131.8566,197.3271,54.1763,57.5819
2015-09-02,134.3048,197.527,107.7343,136.7119,119.7151,159.9262,134.8164,131.783,196.5395,54.0926,57.5292
2015-09-03,135.3114,199.0326,109.3065,138.1976,119.7419,160.3527,134.8672,132.4529,196.9636,54.9282,57.3953
2015-09-04,133.7514,197.6072,106.6641,135.1535,119.748,160.712,134.8899,132.6673,196.4183,54.6628,58.6535
2015-09-07,133.7514,197.6072,106.6641,135.1535,119.734,160.7486,134.8815,132.0107,195.2672,54.6628,60.9427
2015-09-08,137.1992,201.8836,108.7988,138.9681,119.7244,160.9105,134.8899,131.9638,196.176,55.096,61.8318
2015-09-09,135.8688,198.4125,108.1931,137.7201,119.7273,160.7864,134.8968,132.0844,193.8737,54.0674,60.2172
2015-09-10,137.0906,199.2552,107.9725,138.9741,119.732,160.9027,134.8942,131.9571,192.2985,54.6193,60.2237
2015-09-11,136.0269,198.9164,107.3928,138.6489,119.7345,160.9099,134.8876,131.9638,189.7539,54.2142,60.2584
2015-09-14,133.9425,197.2497,106.6164,137.793,119.7308,161.0415,134.895,131.9236,190.8444,53.6989,57.6122
2015-09-15,135.3506,200.3587,107.782,139.561,119.7296,160.7234,134.8872,131.5217,191.0868,53.8938,57.7127
2015-09-16,137.8195,202.7372,109.0408,143.408,119.7226,160.5032,134.8758,131.4815,193.3284,54.7003,57.5911
2015-09-17,138.0747,201.919,108.7539,142.8196,119.6997,160.425,134.8521,131.5351,192.7226,54.4055,57.6683
2015-09-18,133.2739,196.7219,104.2724,138.8288,119.7395,161.341,134.8967,132.4931,194.7825,52.9111,57.904
2015-09-21,134.2951,199.6457,105.9184,139.9192,119.7253,161.1418,134.8837,132.4194,197.2059,53.8807,56.9845
2015-09-22,131.4545,198.8345,105.3062,138.5493,119.7561,161.4883,134.9101,132.9754,196.903,53.7275,58.3939
2015-09-23,131.7474,199.7695,105.9709,137.1941,119.7465,161.5202,134.9112,133.2032,197.7512,53.7336,58.6771
2015-09-24,130.6127,197.8164,104.5773,135.7604,119.7327,161.6699,134.9174,133.096,199.8111,53.9309,59.3895
2015-09-25,131.613,197.96,107.2672,135.6011,119.7341,161.2166,134.9037,132.6003,199.2658,54.3154,59.6038
2015-09-28,128.7756,192.5991,104.4673,132.4433,119.7463,161.5017,134.9185,132.7812,196.7818,53.4774,60.4939
2015-09-29,128.8667,192.2088,102.9071,132.7225,119.7682,161.5551,134.9264,132.5534,196.1154,53.4698,59.7166
2015-09-30,131.0056,195.3619,104.8817,136.2529,119.709,161.618,134.9252,132.741,194.6007,53.6367,59.4267
2015-10-01,131.9623,197.3421,106.4087,138.0297,119.74,161.9808,134.9581,133.3573,194.419,53.5531,60.2505
2015-10-02,134.2014,199.9074,107.4972,141.4442,119.751,162.4166,134.9867,133.699,196.903,54.0464,60.0706
2015-10-05,136.1505,202.8566,109.8438,144.0636,119.7298,162.1816,134.9837,133.5583,197.5088,54.4127,60.6709
2015-10-06,137.1264,202.7358,109.2333,144.222,119.7058,161.7852,134.9686,133.297,198.5994,55.5598,62.2809
2015-10-07,137.4115,203.076,110.2692,147.1104,119.714,161.8082,134.9728,133.699,198.2965,55.2009,61.1005
2015-10-08,139.0341,205.4193,110.9114,149.0585,119.7261,161.989,134.9914,133.7593,197.7512,55.4043,61.0851
2015-10-09,138.4825,204.6871,110.7247,148.9774,119.7215,161.8443,134.9883,133.6856,198.5388,55.5895,61.2395
2015-10-12,136.9437,203.3841,110.0978,146.7785,119.7264,162.0315,134.9899,133.8731,199.1447,54.5972,61.1354
2015-10-13,135.5603,202.3597,109.0555,144.5757,119.7198,161.9921,134.9868,133.9669,199.5688,54.471,62.2613
2015-10-14,136.0257,200.8681,107.5031,145.3109,119.7182,162.1914,134.9956,134.0138,200.7805,54.5686,62.7176
2015-10-15,136.7815,202.3433,109.3551,147.6707,119.7399,162.205,135.0132,133.8597,202.7798,53.9874,62.7984
2015-10-16,137.6777,205.1829,110.933,149.1889,119.7406,162.2641,135.0152,134.1679,202.7192,54.2584,65.5224
2015-10-19,137.4471,205.4122,110.4569,147.7585,119.7295,162.3459,135.0181,134.1947,201.5075,53.5316,65.705
2015-10-20,137.6242,205.7299,110.1311,148.1351,119.6963,161.9075,134.9902,133.6186,201.9922,53.8792,67.3981
2015-10-21,136.6086,204.0043,111.3446,145.6668,119.7167,162.1858,134.9822,134.1746,200.2352,53.3476,66.4536
2015-10-22,138.0011,207.5591,112.768,148.7526,119.8212,162.9026,135.0634,135.4006,204.0521,53.3972,68.4238
2015-10-23,142.545,214.8919,116.6045,153.2247,119.7916,163.0294,135.0861,135.7155,205.5667,54.1494,70.7054
2015-10-26,142.7027,215.542,117.1517,152.6658,119.8033,163.2516,135.0884,135.7624,205.6879,54.0885,73.3577
2015-10-27,140.7326,214.2388,115.7355,150.3031,119.8213,163.5799,135.1087,136.0437,205.7485,53.6871,75.2289
2015-10-28,142.1341,217.244,117.162,148.9593,119.8137,163.5434,135.112,136.3452,207.566,54.3425,78.2066
2015-10-29,142.9087,219.2664,116.9975,149.0197,119.7988,163.2726,135.0975,135.682,204.2338,54.4054,81.3749
2015-10-30,142.038,217.0329,115.7434,148.3956,119.7827,163.0811,135.0845,135.7222,201.7498,54.4886,84.5444
2015-11-02,143.283,218.9608,116.2492,150.8911,119.7627,162.7463,135.0812,134.9919,200.6593,53.9939,92.8236
2015-11-03,142.9498,219.7942,116.2606,153.0237,119.7732,162.8273,135.0876,135.1929,199.8111,54.6704,103.7697
2015-11-04,142.6441,220.1679,116.2474,152.5127,119.7882,162.9321,135.1098,135.0455,199.6899,54.0516,106.3677
2015-11-05,143.4892,221.8894,118.1287,154.1171,119.7784,162.6627,135.1003,134.7508,198.1753,54.0515,100.7338
2015-11-06,142.4798,221.4479,117.6707,151.7417,119.7577,162.1069,135.0564,134.2148,197.2059,53.4958,97.492
2015-11-09,143.082,222.4592,118.8404,150.0346,119.7715,162.0478,135.0669,134.2818,197.5694,53.5792,100.3876
2015-11-10,142.2333,222.4314,119.8,149.0184,119.797,162.5167,135.112,135.1527,199.1447,53.3345,88.7043
2015-11-11,143.2221,222.0099,120.5259,149.6281,119.8067,162.7589,135.1312,135.0991,197.2059,53.1445,82.0942
2015-11-12,140.683,218.3936,119.0896,147.8401,119.8063,162.9064,135.1538,135.1326,195.3278,52.4225,89.0266
2015-11-13,138.8418,214.9025,117.9437,145.0956,119.8328,163.2093,135.1568,135.2867,196.6606,51.8963,88.2317
2015-11-16,142.2398,220.5159,120.3699,149.4976,119.8253,163.2174,135.1556,135.2331,197.5088,52.5234,87.5907
2015-11-17,142.624,220.6025,120.7951,149.2278,119.8332,163.2835,135.1676,135.2666,196.903,52.0049,88.8406
2015-11-18,144.8212,225.0319,121.8782,151.473,119.8266,163.43,135.1772,135.5145,195.8125,52.0813,89.0748
2015-11-19,145.2254,224.2875,121.5798,152.4615,119.8196,163.6477,135.192,135.8093,196.4789,52.0233,86.6151
2015-11-20,143.4302,223.9255,121.5206,153.1894,119.8427,163.8089,135.2063,135.8896,197.1453,51.4515,85.071
2015-11-23,143.5073,225.4586,121.9106,152.9642,119.844,163.5068,135.2118,135.7758,196.3577,51.9328,86.0244
2015-11-24,143.0427,225.7389,122.4813,153.7409,119.826,163.6355,135.1935,136.0169,196.7818,52.4383,85.2174
2015-11-25,143.9479,225.6681,121.6842,152.5279,119.8768,164.0978,135.2528,136.4591,196.7212,52.5685,87.3752
2015-11-26,143.9479,225.6681,121.6842,152.5279,119.875,164.0814,135.2659,136.64,196.7212,52.5685,94.0587
2015-11-27,145.2743,226.7661,121.5518,149.7415,119.8773,164.3169,135.269,137.0017,194.5402,51.9721,95.6723
2015-11-30,145.7103,226.2819,120.822,150.2658,119.87,164.1599,135.259,137.196,195.9942,51.9141,101.0281
2015-12-01,147.0117,228.6574,122.7932,151.5594,119.8925,164.1812,135.2785,137.397,195.4489,52.5707,97.149
2015-12-02,144.5019,225.1969,121.2097,148.9994,119.8942,164.3481,135.3017,137.3635,194.5402,51.2864,95.7849
2015-12-03,144.2532,222.3124,120.1887,148.3424,119.739,163.185,135.1493,135.1393,189.7539,51.9768,96.3972
2015-12-04,141.7879,220.358,117.5154,145.2112,119.7147,162.6171,135.1082,134.3823,194.3584,50.8509,94.2767
2015-12-07,141.1575,219.6662,117.5758,143.2303,119.7218,163.1963,135.1292,134.8512,193.4496,49.3895,102.9765
2015-12-08,139.5118,219.197,116.593,142.2935,119.7376,163.3625,135.1499,135.2331,192.4803,49.4579,108.6897
2015-12-09,138.6064,216.2947,114.624,140.3508,119.7524,163.362,135.1485,135.146,190.3598,49.2083,108.6118
2015-12-10,136.5567,214.4126,114.3653,137.8372,119.7654,163.3827,135.1427,135.3738,191.0868,48.4304,106.8535
2015-12-11,134.963,211.5984,113.3024,134.8276,119.7859,163.6025,135.1536,135.0924,190.7233,48.3785,116.9716
2015-12-14,134.6046,211.9736,113.9671,136.5601,119.7651,163.1694,135.1196,134.5364,188.8451,47.8161,114.5891
2015-12-15,135.5029,214.0225,113.4034,138.533,119.7643,162.634,135.1053,134.3823,189.148,47.4173,119.9436
2015-12-16,138.7558,218.2808,116.8251,141.9898,119.7711,162.6206,135.122,134.0138,191.5109,47.573,117.8747
2015-12-17,137.6408,216.1746,116.3485,140.9457,119.792,162.9099,135.1566,134.3622,189.451,47.3208,118.8418
2015-12-18,136.3957,212.9192,115.2462,140.8666,119.8024,163.2799,135.1593,134.456,191.6321,48.1366,121.1449
2015-12-21,136.7974,214.1657,115.3362,141.6292,119.8039,163.2064,135.1602,134.255,192.2379,48.1132,114.3461
2015-12-22,137.2508,215.2564,115.7392,142.2025,119.7865,163.0082,135.1745,133.7325,191.0262,47.6744,113.3582
2015-12-23,139.3435,217.1848,116.5828,143.7174,119.7825,162.7417,135.1885,133.6387,191.3897,48.3024,114.4831
2015-12-24,139.893,217.6383,115.5889,143.733,119.7825,162.7417,135.1914,133.6387,191.3897,48.5512,118.1805
2015-12-25,139.893,217.6383,115.5889,143.733,119.7825,162.7417,135.1943,133.6387,191.3897,48.5512,117.6981
2015-12-28,138.7562,216.0158,115.0848,141.9916,119.7751,162.9183,135.2119,134.0339,189.6327,47.9168,109.1169
2015-12-29,139.9009,218.1367,116.6939,142.0016,119.775,162.7516,135.2125,133.8463,190.8444,48.5963,111.7883
2015-12-30,139.4038,217.5273,116.5321,140.3982,119.7914,162.8647,135.2296,133.8597,190.5415,48.3771,110.6218
2015-12-31,137.3451,215.2336,115.3266,139.8869,119.7914,162.8647,135.2325,133.8597,190.5415,48.4862,111.5843
2016-01-01,137.3451,215.2336,115.3266,139.8869,119.7914,162.8647,135.2354,133.8597,190.5415,48.4862,113.3371
2016-01-04,136.3325,213.7887,114.3552,137.0654,119.8115,163.3415,135.2783,134.1344,193.692,48.434,113.0655
2016-01-05,135.859,214.6733,116.0758,137.7073,119.8199,163.4964,135.2939,133.9736,195.9336,48.3471,113.0457
2016-01-06,134.5456,213.4549,114.8595,136.0235,119.8344,163.7042,135.313,133.7995,197.7512,48.0667,113.0876
2016-01-07,131.7227,207.8118,112.8343,131.4949,119.8324,163.3655,135.313,133.4779,198.66,47.8318,120.4129
2016-01-08,128.8209,202.7659,108.9359,128.3344,119.8452,163.5618,135.3639,134.0406,197.6906,47.2109,117.5436
2016-01-11,129.0289,202.6872,109.5466,128.1143,119.8297,163.2841,135.3387,133.5114,196.7818,45.9272,116.1381
2016-01-12,131.097,205.8851,109.8095,129.3567,119.8215,163.0277,135.5692,133.1697,195.6307,45.9828,113.7021
2016-01-13,128.7677,201.0097,108.9919,128.1655,119.8212,163.3765,135.5963,133.5181,195.3278,46.1333,112.9817
2016-01-14,129.93,203.5209,109.9092,129.3294,119.827,163.5656,135.4607,133.3439,194.2978,45.9552,112.008
2016-01-15,125.4851,199.6486,107.1172,124.5322,119.826,163.671,135.4607,133.23,193.692,45.2284,95.0712
2016-01-18,125.4851,199.6486,107.1172,124.5322,119.8162,163.5985,135.2167,133.096,194.9037,45.2284,100.4655
2016-01-19,125.8985,199.2523,107.6219,125.9515,119.7965,163.5938,135.2167,133.3104,194.1161,45.1013,98.8704
2016-01-20,123.0981,196.3752,103.3454,123.0012,119.8182,163.6398,135.3523,132.6673,197.2665,44.7556,109.1149
2016-01-21,124.7784,198.1282,103.3045,123.8884,119.8699,164.1669,135.4065,133.297,197.0242,45.403,106.8789
2016-01-22,128.2492,202.4722,108.1406,128.3028,119.856,163.9443,135.4336,133.3372,198.1753,46.4205,99.7821
2016-01-25,127.3245,200.5747,106.4592,126.8512,119.8494,164.0242,135.5149,133.4243,199.3264,45.9367,102.7871
2016-01-26,129.4369,202.299,107.3671,128.0585,119.8582,164.3145,135.4065,133.7124,200.7805,46.5498,102.3869
2016-01-27,128.1312,199.878,107.3452,127.4808,119.8382,164.2595,135.3523,133.699,200.2958,46.9079,103.0098
2016-01-28,127.9847,200.1267,107.1126,128.9818,119.8462,164.5596,135.3794,134.054,198.4782,47.0625,98.7893
2016-01-29,129.6825,204.4619,109.3971,132.8106,119.8843,165.0195,135.4607,134.7709,201.2652,47.4344,98.3163
2016-02-01,130.9016,206.4848,109.8467,132.9003,119.8626,165.0135,135.4607,134.2014,201.6287,46.9859,97.645
2016-02-02,126.4802,201.4356,107.9815,127.7567,119.8703,165.0845,135.4336,134.0071,201.2046,45.953,97.3675
2016-02-03,128.2059,202.1837,106.4032,131.078,119.8794,165.0654,135.4065,134.3488,201.0834,46.9793,95.9795
2016-02-04,126.1981,199.4155,104.5006,130.0662,119.8845,164.9497,135.4065,134.3421,201.0228,46.1299,99.5362
2016-02-05,123.1696,193.7138,101.7191,127.3162,119.884,164.8931,135.4065,134.389,202.2345,45.3285,97.7977
2016-02-08,120.4269,192.0481,102.0337,126.1956,119.9089,164.7632,135.2709,133.9133,208.4748,45.3746,94.9484
2016-02-09,118.8958,191.2899,99.6729,123.9497,119.9123,164.4665,135.298,133.6454,205.6879,44.2221,95.2224
2016-02-10,118.5074,189.429,97.0375,123.3549,119.9078,164.7205,135.2709,133.5985,207.0814,43.7203,95.788
2016-02-11,117.0278,187.1147,95.1785,121.3899,119.9336,164.663,135.2438,133.096,215.6845,44.1494,95.3636
2016-02-12,118.7198,190.3477,95.6945,123.0919,119.9114,164.6713,135.2167,133.0491,214.5334,44.4631,96.2056
2016-02-15,118.7198,190.3477,95.6945,123.0919,119.8964,164.7961,135.3251,133.6923,210.8983,44.4631,101.0129
2016-02-16,122.2966,196.0535,100.4652,127.4412,119.8841,164.5476,135.2709,133.2166,212.2917,44.7043,103.3343
2016-02-17,125.159,199.7391,101.5488,130.2652,119.8844,164.7292,135.3251,133.3171,211.9282,45.6545,105.8305
2016-02-18,124.6988,199.3512,101.7684,129.778,119.8928,165.0996,135.3794,133.8932,214.2305,45.5756,107.6008
2016-02-19,124.8063,199.4727,101.41,129.3193,119.9078,165.1076,135.4065,133.6119,215.6239,45.3581,107.312
2016-02-22,125.3103,202.1249,102.9752,132.372,119.9022,165.2886,135.4336,134.121,213.9275,45.8157,111.5077
2016-02-23,124.189,201.3082,102.1728,130.6798,119.884,165.1048,135.4065,134.0607,216.7145,45.6545,108.1066
2016-02-24,123.6539,202.2471,103.2197,130.3897,119.8915,165.5023,135.3523,133.7258,220.4708,46.1288,109.2003
2016-02-25,125.4959,204.9404,104.5707,130.9764,119.8976,165.4336,135.4607,133.5851,218.8956,46.0716,109.2246
2016-02-26,124.9606,204.2639,104.3715,129.5522,119.9193,165.599,135.4879,133.7124,217.1991,45.9135,111.0705
2016-02-29,125.6479,204.5366,103.7178,131.8815,119.9307,165.9006,135.5421,133.5717,221.4401,46.6998,113.5362
2016-03-01,129.5628,210.0169,106.6307,137.0178,119.9319,165.9487,135.5692,133.4176,221.1978,46.9632,113.231
2016-03-02,129.8564,211.2132,108.289,139.0168,119.9136,165.6337,135.5692,133.1898,222.7124,47.2465,110.4658
2016-03-03,131.2971,212.1771,109.1243,140.6798,119.9396,165.7311,135.5963,134.2014,223.9241,47.5721,109.9272
2016-03-04,130.943,211.3126,109.4675,142.4297,119.9185,165.5754,135.5963,134.121,225.0753,48.1719,106.352
2016-03-07,130.489,210.6153,107.8836,141.6304,119.8974,165.6387,135.6234,134.5297,224.3482,48.7158,106.7882
2016-03-08,128.7521,207.899,106.6289,138.9315,119.9238,165.8746,135.7048,134.7307,223.6818,47.8562,106.4847
2016-03-09,129.467,209.1539,106.6506,139.9466,119.8912,165.6077,135.5963,134.5833,221.7431,48.7162,106.8295
2016-03-10,129.7259,209.6073,106.3228,140.3538,119.8788,166.014,135.5692,134.1813,220.5919,48.895,107.5609
2016-03-11,130.9751,209.3806,107.3133,140.8659,119.8091,165.6763,136.1114,134.8915,219.6831,48.3095,106.8939
2016-03-14,130.7476,209.3085,107.8799,140.1472,119.8115,165.8284,135.8403,134.7307,218.1079,47.9569,105.6617
2016-03-15,130.3572,210.2089,107.1151,138.9684,119.8015,165.4536,135.8403,134.0272,215.8663,47.9082,106.3895
2016-03-16,131.8554,211.2917,107.2346,141.6606,119.8037,165.6251,135.9216,134.121,216.1692,48.7892,106.3684
2016-03-17,131.724,210.5487,106.5549,143.3644,119.8146,165.9129,135.8403,134.9919,217.5627,48.9714,106.238
2016-03-18,130.4376,209.5264,105.2547,142.8655,119.8368,166.0913,135.9216,135.2465,216.4115,48.3465,102.536
2016-03-21,130.2972,210.548,106.0793,143.6536,119.823,165.9747,135.9216,135.1058,215.8057,48.5134,103.8344
2016-03-22,130.0963,211.2418,107.1343,143.8661,119.8274,166.0683,135.9216,135.1795,217.3203,49.0071,105.4385
2016-03-23,129.1678,210.0906,105.8677,141.577,119.8298,165.8905,135.9216,134.8446,213.2611,47.9198,105.5484
2016-03-24,128.7583,210.7847,105.6132,141.7678,119.828,166.0919,135.9216,134.9115,213.0793,47.9006,105.5267
2016-03-25,128.7583,210.7847,105.6132,141.7678,119.828,166.0919,135.9216,134.9115,213.0793,47.9006,105.8492
2016-03-28,129.6799,211.3077,107.3976,142.504,119.828,166.0919,135.9216,134.9115,213.0793,48.1018,107.7159
2016-03-29,130.8876,212.4484,108.1022,143.9112,119.838,166.4325,135.9216,135.1393,213.5034,47.9182,105.3534
2016-03-30,131.1394,211.693,106.8786,144.2457,119.8278,166.3715,135.9759,135.3805,210.8983,47.1237,104.0936
2016-03-31,129.6045,210.3851,104.7327,143.5775,119.8279,166.4172,136.0572,135.4006,211.5647,46.8376,104.1804
2016-04-01,128.1872,210.9803,101.7585,142.592,119.8254,166.5812,136.0572,135.4676,207.869,46.0881,104.0748
2016-04-04,128.044,210.1057,101.6658,140.7518,119.8107,166.4666,136.0572,135.7959,208.596,45.5476,104.8468
2016-04-05,125.6896,208.0262,99.4826,138.0111,119.8201,166.5956,136.0572,135.8294,210.353,45.5084,105.4997
2016-04-06,127.762,210.4274,101.1892,139.7658,119.816,166.4435,136.0572,135.8964,209.0201,45.8835,105.411
2016-04-07,125.1684,207.4906,100.438,136.6929,119.8353,166.3326,136.0572,135.7356,212.2311,45.7694,105.0327
2016-04-08,127.719,208.6172,103.6389,139.4467,119.8447,166.4617,136.0572,136.0839,211.9282,46.7842,104.7221
2016-04-11,127.5795,207.5973,102.7361,140.8832,119.8314,166.297,136.0572,135.7289,214.6546,46.8816,104.9856
2016-04-12,128.928,209.349,105.0173,142.9261,119.8394,166.2602,136.0572,135.1728,214.9575,47.9444,105.5667
2016-04-13,130.7601,211.9826,108.1993,145.8226,119.8415,166.3297,135.9759,135.5078,215.0787,48.2572,105.4633
2016-04-14,132.0152,213.9839,109.6768,146.476,119.8326,166.2544,136.0572,135.2733,213.1399,48.3383,106.5916
2016-04-15,131.7716,213.9185,108.7491,145.7501,119.8463,166.3368,136.1114,135.5011,212.5341,48.2455,108.0425
2016-04-18,132.682,214.8511,109.2897,146.0369,119.8365,166.2815,135.9759,135.3135,212.7158,48.3581,107.4749
2016-04-19,135.0118,215.3559,110.858,148.1465,119.8413,166.1067,135.9759,135.2733,215.0787,49.5857,109.1221
2016-04-20,134.1437,214.6006,111.0052,146.8172,119.835,166.2322,136.0572,135.3805,215.6239,50.256,110.1026
2016-04-21,133.7468,214.4768,111.5411,146.055,119.8181,165.9087,135.9759,134.9316,215.8057,50.3239,112.6484
2016-04-22,133.6329,214.7242,112.499,145.3398,119.821,165.7436,135.9759,134.8781,214.9575,49.9227,111.8528
2016-04-25,133.8644,215.4604,112.3386,145.1592,119.8182,165.4557,135.8403,134.5833,214.6546,50.1584,116.3874
2016-04-26,134.2553,215.1115,111.5287,146.2693,119.8104,165.42,135.8403,134.5096,214.0487,50.5945,117.199
2016-04-27,134.6218,214.981,111.14,146.7634,119.8139,165.4372,135.9216,134.5498,214.9575,50.8096,111.5201
2016-04-28,133.5977,212.4667,105.7951,144.8654,119.8246,165.6783,135.9216,135.0656,217.5021,50.8714,112.3067
2016-04-29,132.9348,210.8193,104.6285,143.8948,119.8143,165.4637,135.9216,135.2398,220.3496,51.3815,113.5594
2016-05-02,132.7753,210.5089,105.5566,142.1769,119.7951,165.6237,135.9216,135.2934,219.2591,50.3628,109.9204
2016-05-03,129.4082,207.5549,103.9961,137.4135,119.8158,166.0125,135.9216,135.6217,217.6838,49.3421,110.7149
2016-05-04,128.1437,206.773,103.2811,135.4333,119.8166,165.844,135.8403,135.5815,216.9568,49.4105,110.0342
2016-05-05,127.6338,206.9301,103.9229,135.5212,119.8261,165.956,135.8403,135.7557,217.8656,48.9206,110.4484
2016-05-06,129.1121,209.2722,105.2633,136.7637,119.8302,166.0597,135.8403,135.9901,220.5919,49.7269,114.1798
2016-05-09,129.0244,209.7771,105.3388,135.2281,119.8234,166.1838,135.9759,136.1174,216.1086,48.6349,114.5798
2016-05-10,130.3006,212.3855,107.9882,137.815,119.8198,166.3443,135.9216,136.0303,215.5634,49.8274,112.194
2016-05-11,129.7643,210.6503,106.105,137.6457,119.8222,166.2667,135.8403,136.1978,217.1991,50.6468,112.7849
2016-05-12,128.7691,209.7408,106.4357,136.6374,119.8278,166.0668,135.9353,136.037,217.1386,50.4783,112.7707
2016-05-13,128.0049,208.8279,105.4407,134.7744,119.8246,166.2644,135.9353,136.2581,219.3197,50.5485,113.492
2016-05-16,130.2621,212.006,107.4707,137.1263,119.8171,166.1898,135.9353,136.2581,219.3197,51.3183,113.7163
2016-05-17,129.2289,210.0438,106.7437,136.5074,119.8147,166.3607,135.9353,136.4792,220.1678,51.8242,113.6302
2016-05-18,129.657,210.1054,106.8356,135.1637,119.8148,166.0892,135.9353,136.104,219.8043,51.1696,113.8395
2016-05-19,129.9232,211.1141,106.9802,135.0147,119.8128,166.1933,135.881,136.037,217.7444,51.352,110.7683
2016-05-20,131.3088,212.7697,107.885,136.5761,119.8096,166.1426,135.881,136.0906,217.3809,51.6282,111.9377
2016-05-23,130.8011,212.1821,107.2703,136.1308,119.806,166.1748,135.881,136.0236,217.1386,51.1598,112.1544
2016-05-24,133.2966,215.041,108.1594,137.5975,119.8095,166.322,135.9353,136.2514,215.321,51.1195,112.6723
2016-05-25,135.7261,218.0173,109.6648,140.2258,119.8201,166.571,135.9353,136.6668,213.6852,52.1208,114.3826
2016-05-26,135.9319,217.6694,109.3651,140.8987,119.8243,166.6106,135.9353,136.6668,212.9582,52.067,115.1284
2016-05-27,135.1782,217.9587,108.7629,140.4396,119.821,166.7371,135.9353,136.6132,212.1706,52.0895,119.8718
2016-05-30,135.1782,217.9587,108.7629,140.4396,119.8,166.4837,135.9353,136.3385,211.3829,52.0895,136.1624
2016-05-31,134.7301,218.3962,110.0289,141.1601,119.7925,166.4939,136.0167,136.3988,212.5341,52.0278,135.0636
2016-06-01,134.69,219.0878,110.0581,141.2322,119.8107,166.6578,136.0167,136.3653,211.2618,52.751,136.6223
2016-06-02,134.4298,218.7121,108.6061,141.7088,119.8052,166.6089,136.0167,136.3318,211.7465,52.8317,136.2406
2016-06-03,135.7725,218.7834,109.4335,144.3527,119.8164,166.8998,136.0709,136.6199,213.3823,53.4944,144.6265
2016-06-06,133.739,216.0416,108.6149,143.329,119.8215,166.8813,136.0709,136.372,213.9275,53.231,146.1709
2016-06-07,134.5181,216.1309,109.2228,144.4608,119.8125,166.9707,136.0709,136.7204,213.3217,53.2786,143.7741
2016-06-08,134.7782,216.9537,109.9236,145.5855,119.8109,167.0288,136.0709,136.8477,215.7451,54.4164,145.112
2016-06-09,132.2588,215.7223,108.1723,143.291,119.8234,167.3008,136.2066,136.8477,218.5926,54.0517,142.7431
2016-06-10,128.8125,215.4157,107.1211,140.803,119.8211,167.1427,136.1524,136.7673,219.4408,53.9239,144.6153
2016-06-13,127.5713,215.1815,105.8924,139.7562,119.8088,166.9293,136.0709,136.3184,221.5007,54.2619,177.5738
2016-06-14,124.6266,213.7879,104.9532,138.6618,119.8374,166.8313,136.2066,136.0705,223.0759,53.8637,172.0491
2016-06-15,126.292,214.9748,106.7038,141.1093,119.8444,166.891,136.2066,136.2983,222.8336,53.93,175.4974
2016-06-16,126.3387,214.6661,105.7718,139.9812,119.8563,166.6061,136.288,135.9901,229.0133,52.8592,192.7982
2016-06-17,128.6262,214.069,105.6869,140.4937,119.8558,166.8376,136.3423,136.104,223.3183,54.1382,188.599
2016-06-20,130.9817,213.6053,107.1666,141.7624,119.8291,167.0529,136.288,136.4457,221.4401,53.958,184.0692
2016-06-21,132.5379,214.7051,108.1486,143.1801,119.8305,167.0519,136.2066,136.3921,219.9861,53.5808,166.8319
2016-06-22,133.4452,215.7335,107.8375,144.467,119.8231,167.1144,136.2066,136.4323,219.1985,53.4645,150.1395
2016-06-23,136.6742,217.0454,109.5054,146.9436,119.8115,167.0619,136.288,136.4256,217.078,53.3815,156.0798
2016-06-24,121.2912,209.3298,105.0089,138.0755,119.9227,167.1758,136.0167,137.0017,230.6491,52.442,166.4782
2016-06-27,121.2114,210.9468,107.1797,139.857,119.9024,167.5664,136.0167,136.3921,233.6784,53.8332,168.2498
2016-06-28,125.4223,215.1591,109.0015,144.2526,119.9005,167.9276,136.0709,137.1893,231.8609,54.9218,166.4407
2016-06-29,127.2925,217.6585,109.842,147.1177,119.9131,168.2272,136.2066,137.8325,232.1638,55.0978,163.7356
2016-06-30,129.4763,219.556,108.3657,147.8657,119.9186,168.3644,136.0709,138.1406,231.7397,54.8744,171.4565
2016-07-01,129.8995,220.453,108.3915,149.5815,119.92,168.7917,136.2066,138.3751,233.9208,55.5611,172.5511
2016-07-04,129.8995,220.453,108.3915,149.5815,119.9228,168.7678,136.288,138.1138,236.4048,55.5611,174.0391
2016-07-05,125.3611,218.0821,108.0027,145.8655,119.923,168.8649,136.288,138.0133,237.1924,53.656,170.4909
2016-07-06,125.8884,220.9966,108.7936,146.5441,119.9512,168.9991,136.2066,137.866,240.6458,54.0935,173.4562
2016-07-07,124.9739,220.1827,108.5546,145.7067,119.9457,168.8093,136.2066,137.8124,238.7676,52.5039,163.5373
2016-07-08,127.4148,224.1334,109.6392,149.3041,119.9479,169.1103,136.288,138.0468,238.5253,53.3089,170.6771
2016-07-11,129.5671,225.3669,112.5137,151.0292,119.9385,169.059,136.3423,137.9196,239.737,53.1456,166.1732
2016-07-12,131.3014,226.7156,113.0346,152.9594,119.9132,168.8485,136.3423,137.7923,235.7989,54.016,170.2907
2016-07-13,131.2433,226.5837,112.7951,152.6319,119.9231,169.003,136.478,138.2545,235.4354,53.7689,167.6328
2016-07-14,132.2281,227.1909,112.6584,154.3926,119.9021,168.6994,136.478,138.3617,233.5572,53.5691,168.0707
2016-07-15,131.2898,226.6594,112.1682,153.8935,119.8963,168.6033,136.478,138.3081,234.1631,53.3378,169.2238
2016-07-18,132.1696,228.3565,112.9897,156.0165,119.8905,168.6633,136.478,138.2612,233.8602,53.5037,172.5592
2016-07-19,130.9421,227.7386,112.041,154.1523,119.8771,168.7017,136.478,138.355,235.7989,52.8557,172.2055
2016-07-20,132.8968,229.8969,113.5861,155.7508,119.8595,168.6139,136.478,138.0602,233.4967,52.5077,171.2698
2016-07-21,132.4328,228.9049,112.6683,155.1887,119.8479,168.4977,136.478,138.1205,234.8295,52.5018,171.0043
2016-07-22,132.3562,229.6529,112.7218,156.1291,119.8424,168.5532,136.478,138.1808,235.1325,52.2143,167.1005
2016-07-25,133.2504,230.3331,112.9812,155.4465,119.8336,168.7191,136.3423,138.4086,234.2843,51.9489,168.9501
2016-07-26,133.4485,230.0046,112.8634,156.3732,119.8263,168.6988,136.3423,138.5828,234.1631,51.6936,168.035
2016-07-27,134.417,229.8312,113.0891,156.9443,119.8469,168.8446,136.3423,139.1924,235.2537,51.5297,168.7489
2016-07-28,133.4051,228.3167,112.2143,155.7735,119.8431,168.8463,136.478,139.3934,234.8295,51.1534,167.6184
2016-07-29,134.4993,228.4599,114.0903,156.4409,119.8415,169.0546,136.478,139.6614,235.2537,51.5931,167.9535
2016-08-01,132.0537,226.56,113.611,154.9685,119.8301,169.1473,136.478,139.4202,235.6172,50.3442,153.8261
2016-08-02,131.9708,225.1084,112.2026,153.8536,119.8173,168.7402,136.3423,138.7034,237.253,50.2115,138.9053
2016-08-03,130.7104,224.7402,111.1318,153.6665,119.8153,168.7718,136.3423,138.8039,236.8289,50.6876,143.045
2016-08-04,132.1115,226.3423,113.4036,155.4563,119.8263,169.1106,136.288,139.2728,238.5859,51.0611,146.9441
2016-08-05,132.8095,228.5371,113.9511,157.4967,119.8288,169.1078,136.3423,139.2862,235.6172,51.138,146.3392
2016-08-08,133.4622,229.3317,114.8882,159.2613,119.8215,169.0531,136.3423,139.5743,235.1325,51.5691,151.0267
2016-08-09,134.8705,229.5906,115.99,160.4263,119.8213,169.2525,136.3965,139.7619,235.1931,51.3069,150.2755
2016-08-10,135.0637,228.3598,116.0319,160.0052,119.8279,169.4963,136.3423,140.1437,235.0113,50.7142,150.9374
2016-08-11,135.2599,227.971,116.1429,161.0498,119.8201,169.5931,136.3423,140.1303,235.5566,50.8796,149.2288
2016-08-12,135.6685,228.7412,116.0718,161.1326,119.8219,169.5404,136.3151,140.4452,235.9201,51.2954,149.4661
2016-08-15,135.7448,228.8284,116.4395,162.403,119.7941,169.3306,136.3694,140.2643,233.6784,51.9634,143.9372
2016-08-16,135.4819,227.2999,115.23,161.4266,119.7892,169.2304,136.4236,139.8155,233.1331,52.171,146.301
2016-08-17,134.1582,225.8708,115.2205,159.0912,119.7962,169.1772,136.3151,139.9696,232.709,51.8989,144.047
2016-08-18,134.9518,225.9182,114.4298,160.2518,119.7932,169.4895,136.3151,140.1035,232.285,52.3617,144.031
2016-08-19,133.1811,224.5835,113.6432,158.6523,119.7806,169.2551,136.3423,139.5676,231.0732,51.737,143.7173
2016-08-22,133.895,225.5928,114.8088,157.2532,119.7883,169.3361,136.3423,139.7954,230.528,51.6004,147.1595
2016-08-23,134.2728,225.6255,114.6874,156.3254,119.7904,169.3658,136.3423,139.6748,230.528,51.7223,146.0495
2016-08-24,134.1091,224.8375,114.7815,157.004,119.7835,169.3092,136.288,139.6279,229.9827,51.1511,145.4769
2016-08-25,133.9745,225.4215,114.6004,157.6479,119.773,169.1822,136.2609,139.514,228.6498,51.3413,145.3463
2016-08-26,132.9191,224.4648,113.4935,155.9177,119.7656,169.2448,136.288,139.8959,230.4068,51.0667,145.4768
2016-08-29,134.6338,227.4038,114.7906,158.3824,119.7676,169.2344,136.3151,139.8758,230.8915,51.2614,145.2567
2016-08-30,134.3827,227.1636,114.8587,158.0486,119.7703,169.3366,136.3151,139.8423,230.225,50.7403,146.2027
2016-08-31,134.5826,227.3213,115.4543,156.849,119.7742,169.2517,136.3151,139.3197,228.7104,50.3447,146.2054
2016-09-01,135.5716,227.1797,116.2227,157.9455,119.7655,168.8941,136.288,139.1254,228.5892,49.9128,145.303
2016-09-02,136.9345,227.3888,116.6501,159.9466,119.7743,168.9452,136.3694,138.9379,230.528,50.1974,145.6022
2016-09-05,136.9345,227.3888,116.6501,159.9466,119.7668,169.0748,136.3965,139.1857,232.1638,50.1974,153.991
2016-09-06,138.2925,229.0468,117.8048,164.0624,119.7861,169.4096,136.4236,139.7217,232.5879,50.6989,155.0884
2016-09-07,136.9763,226.9823,117.3128,162.0879,119.8003,169.6991,136.4236,140.2442,233.3149,50.6196,154.739
2016-09-08,137.158,226.719,116.8851,161.8442,119.7683,169.4423,136.3423,139.5877,231.9214,51.4234,157.8806
2016-09-09,133.8565,220.6955,114.7091,155.9693,119.7487,168.7587,136.3694,138.8307,231.7397,50.6055,156.5861
2016-09-12,135.4258,224.465,115.9509,157.4545,119.7307,168.5473,136.3151,138.6833,229.6192,50.8297,153.3231
2016-09-13,132.6771,221.1909,113.8743,153.4598,119.7312,168.5318,136.3694,138.4488,229.8615,50.0282,153.5419
2016-09-14,132.9986,221.5976,113.3788,154.2693,119.7492,168.5533,136.4236,138.6431,229.0739,49.963,154.2464
2016-09-15,133.7641,223.2421,113.6495,156.5162,119.7449,168.3836,136.478,138.3617,228.7104,50.0553,152.9645
2016-09-16,131.434,222.4067,112.7311,155.471,119.752,168.5549,136.3965,138.3952,228.8316,50.303,152.9376
2016-09-19,133.5493,224.192,113.9906,157.9342,119.74,168.6196,136.3694,138.5493,229.1345,50.8522,154.7088
2016-09-20,133.5617,223.7572,115.3586,157.7062,119.7461,168.9144,136.4236,139.1053,229.6798,51.2371,154.1696
2016-09-21,135.5514,226.8149,119.019,162.5058,119.7479,168.783,136.4236,138.9781,231.9214,51.9131,151.7026
2016-09-22,136.5744,227.4447,120.1011,163.0918,119.7623,169.3651,136.4236,140.07,232.5273,51.8857,150.9558
2016-09-23,135.3157,225.8567,118.2359,160.7521,119.7744,169.2376,136.4236,139.916,232.5273,51.1245,152.3818
2016-09-26,133.5841,223.4466,116.9035,157.9924,119.7805,169.4233,136.4236,139.7619,231.9214,51.2337,153.2985
2016-09-27,133.4856,224.6215,118.098,160.0993,119.8142,169.5497,136.3694,139.5743,230.7097,50.8122,152.681
2016-09-28,135.3678,226.3459,118.2299,161.9828,119.8256,169.6573,136.4236,139.7485,229.8009,51.6097,152.7301
2016-09-29,133.2282,224.1899,117.3322,159.0889,119.8226,169.434,136.3965,139.8892,228.7104,51.6508,152.9
2016-09-30,134.8422,225.9907,117.2019,159.8486,119.8168,169.5857,136.4508,140.07,229.0133,51.6537,153.9946
2016-10-03,134.3843,225.1438,116.6707,160.7417,119.809,169.4308,136.4508,140.07,229.0133,51.8699,154.3921
2016-10-04,134.8141,224.4818,116.2689,159.2961,119.8086,169.2754,136.4236,139.8557,224.0453,51.7401,154.2393
2016-10-05,135.3081,225.4676,117.0133,161.5975,119.8029,168.8695,136.478,139.0383,220.4708,51.9806,154.8172
2016-10-06,134.3135,225.675,116.4782,161.7619,119.799,168.6417,136.478,139.0182,218.7138,51.9482,154.9809
2016-10-07,133.9112,226.1867,117.144,161.956,119.8032,168.6793,136.478,138.8106,217.4415,52.2895,156.9092
2016-10-10,133.5617,226.3004,116.9703,162.9515,119.7813,168.4325,136.4508,138.7704,219.9255,52.7724,156.6488
2016-10-11,132.2004,224.5683,116.5243,159.9899,119.7705,168.5348,136.478,138.9915,221.9248,52.6837,163.0535
2016-10-12,132.722,226.4662,117.1656,160.8276,119.7732,168.2735,136.4236,138.3952,221.9248,52.7245,162.9661
2016-10-13,132.8461,226.7507,117.5078,160.1236,119.7826,168.5291,136.478,138.5359,221.9248,53.3903,163.8598
2016-10-14,132.5598,226.0907,117.1054,159.8353,119.7761,168.4241,136.478,138.4086,222.1066,53.2745,164.2198
2016-10-17,133.0404,226.9886,118.0757,160.8546,119.763,168.4119,136.4508,138.757,222.6519,53.7175,165.1403
2016-10-18,134.1536,227.4182,118.2292,162.9817,119.7842,168.4637,136.4508,139.2058,223.6818,53.6186,164.1059
2016-10-19,134.7962,228.8284,119.0281,164.5597,119.7733,168.6416,136.4508,139.5877,226.2264,54.0326,162.7638
2016-10-20,134.8184,228.4389,120.0987,164.1068,119.7855,168.6063,136.3965,139.7753,225.7417,53.4115,162.8776
2016-10-21,134.9727,229.4813,120.5903,164.7348,119.7688,168.6967,136.4236,139.8021,227.1352,53.7206,164.0553
2016-10-24,135.3946,231.4699,121.313,166.1627,119.7559,168.6897,136.5051,139.7284,226.1658,54.07,170.2267
2016-10-25,134.9691,230.845,121.4886,166.4473,119.7561,168.5528,136.5051,139.6748,228.1046,53.8556,171.335
2016-10-26,134.1665,230.131,121.1638,164.5069,119.7392,168.0927,136.478,138.7168,226.4687,53.5249,176.5404
2016-10-27,134.0049,228.9975,121.0816,162.73,119.7289,167.6341,136.4236,137.9263,226.6505,53.7657,178.7397
2016-10-28,134.0344,228.5649,121.4035,162.245,119.727,167.3032,136.4236,137.6784,225.9841,53.7553,179.2787
2016-10-31,132.8645,226.8216,120.5673,161.9154,119.72,167.4256,136.4236,137.4506,226.4081,52.6009,180.8233
2016-11-01,132.4641,225.4107,120.214,160.7735,119.6773,167.1017,136.3694,136.9548,227.6199,52.3852,188.4524
2016-11-02,130.5907,222.3576,118.5451,157.6505,119.6881,167.4141,136.3423,137.1491,228.8922,51.4303,189.8537
2016-11-03,130.0582,220.5322,118.396,156.6437,119.7175,167.3025,136.3965,136.9816,228.2863,51.1091,175.8505
2016-11-04,128.7142,220.1914,116.9267,154.9782,119.7348,167.4678,136.4236,137.0218,228.4681,50.9308,179.4821
2016-11-07,130.7701,225.0732,117.7662,160.6034,119.719,167.3712,136.3694,137.2697,226.1658,51.3368,179.4755
2016-11-08,131.744,227.0908,118.1469,162.3565,119.7177,167.3869,136.3694,137.1156,225.257,51.3413,181.9946
2016-11-09,132.8162,230.1883,117.5028,157.5424,119.7397,167.1953,136.288,137.0084,228.8316,51.8094,185.994
2016-11-10,133.3311,232.8429,118.658,154.4457,119.7125,166.1074,136.4836,135.9365,226.3476,51.9372,185.6624
2016-11-11,132.3982,232.9657,119.1634,151.9378,119.6949,165.6885,136.3206,135.1728,220.8343,51.155,186.4178
2016-11-14,132.0439,234.5451,120.0224,151.7418,119.6858,165.1033,136.2663,134.9584,221.2584,51.5526,184.5528
2016-11-15,133.8828,238.0128,121.049,155.8668,119.6933,165.6107,136.3477,135.6485,222.1066,52.5759,187.5705
2016-11-16,132.6947,238.0766,120.7228,154.9073,119.6898,165.4395,136.3477,135.1259,223.9241,52.2055,196.5795
2016-11-17,133.5889,239.7625,122.7678,155.4301,119.6853,165.3289,136.3477,134.9986,224.1059,52.191,196.1066
2016-11-18,133.2666,241.1086,121.883,155.9319,119.7167,165.6061,136.2663,135.2063,222.1672,53.0201,200.4794
2016-11-21,134.8989,243.8196,123.3204,158.0417,119.7196,165.4384,136.2935,135.6552,222.5307,54.6609,197.9113
2016-11-22,134.3232,243.0419,122.9831,159.6162,119.766,165.8894,136.402,136.1777,221.9248,54.3571,200.1178
2016-11-23,133.424,243.2905,123.042,157.9812,119.729,165.2308,136.3206,135.4676,219.3197,54.6385,198.4142
2016-11-24,133.424,243.2905,123.042,157.9812,119.7746,165.5704,136.3749,135.4475,218.4715,54.6385,198.9242
2016-11-25,135.4491,245.8562,122.8369,159.8272,119.7918,165.4181,136.3749,135.3269,216.775,55.0104,198.9744
2016-11-28,133.2255,243.539,123.3153,159.6993,119.7944,165.6264,136.402,135.548,218.8956,55.0747,196.4704
2016-11-29,134.2816,243.8068,123.334,159.7892,119.7903,165.8259,136.3749,135.8562,217.6232,53.8888,196.2479
2016-11-30,133.8519,242.6018,122.8226,159.6517,119.7822,165.9863,136.3477,135.8964,215.8663,54.8413,198.4318
2016-12-01,134.3593,242.997,122.4371,158.6028,119.7762,165.6543,136.3749,135.615,214.4122,55.9958,202.4532
2016-12-02,133.9009,241.499,121.9901,157.7258,119.7613,165.6044,136.3206,136.6065,214.4728,55.7385,206.7301
2016-12-05,136.9519,244.8128,122.7768,160.2474,119.7236,165.4981,136.3206,136.2648,211.807,56.7492,203.162
2016-12-06,135.9611,241.5861,121.3121,158.4818,119.7172,165.7347,136.3206,136.573,212.5341,55.8703,201.3063
2016-12-07,138.2825,245.5887,123.5393,161.7076,119.6962,165.867,136.2663,136.7472,213.2611,55.6711,203.0322
2016-12-08,136.9411,245.24,124.4753,161.7955,119.7038,165.6213,136.2935,136.3184,214.8969,55.6168,202.9538
2016-12-09,139.5138,249.9872,126.4932,163.0805,119.7636,165.8625,136.3206,136.2447,214.8363,56.632,206.1696
2016-12-12,140.2857,251.4507,126.1372,163.1341,119.7414,165.6191,136.3206,136.1643,213.4428,57.029,209.5741
2016-12-13,140.5307,250.8862,126.4977,163.4888,119.7125,166.1494,136.3206,137.0687,212.0494,56.4309,207.8423
2016-12-14,138.5046,249.1067,124.6974,158.8143,119.6957,166.6491,136.3749,137.531,212.8976,56.1253,208.3322
2016-12-15,139.9324,252.8706,126.0626,160.8263,119.7298,166.3422,136.2935,136.9682,210.9588,56.3875,209.6986
2016-12-16,141.9275,254.6847,126.1087,161.562,119.7635,166.5115,136.3477,137.0754,212.4735,56.9507,213.4713
2016-12-19,140.9996,254.4787,126.8116,159.9808,119.7448,166.7813,136.3749,137.8325,212.7158,56.4029,214.9521
2016-12-20,141.9755,256.5442,127.4756,161.2118,119.7546,166.7786,136.3749,138.087,211.6859,56.4761,218.0867
2016-12-21,142.5455,256.2083,126.9825,160.7788,119.7499,166.9665,136.3749,138.355,211.4435,56.7972,227.5189
2016-12-22,141.755,254.8303,126.3146,158.2865,119.7712,166.7862,136.5107,138.0669,210.8983,56.3764,234.9086
2016-12-23,142.2001,254.9825,126.4339,159.0775,119.7839,166.9774,136.4564,138.5091,211.5041,56.3986,250.3002
2016-12-26,142.2001,254.9825,126.4339,159.0775,119.7839,166.9774,136.4564,138.5091,211.5041,56.3986,245.9941
2016-12-27,142.1462,255.1429,125.4141,159.4784,119.7809,167.0759,136.5379,138.556,211.9282,57.2153,252.8765
2016-12-28,141.1789,252.9046,125.1724,160.6004,119.7928,167.1551,136.4836,138.7771,213.6246,57.2568,264.318
2016-12-29,142.7816,253.9488,124.4443,163.9497,119.7603,167.007,136.4292,139.0986,214.9575,57.506,264.8091
2016-12-30,141.4112,249.233,122.5313,160.3505,119.7465,167.069,136.3477,138.8106,214.1699,56.5751,257.5603
2017-01-02,141.4112,249.233,122.5313,160.3505,119.7264,167.4619,136.402,139.2259,214.6546,56.5751,275.0308
2017-01-03,143.4466,253.9072,124.8957,164.0623,119.7003,166.781,136.4292,138.556,216.8356,56.1598,282.7753
2017-01-04,145.1963,256.4008,127.8961,165.949,119.706,166.6228,136.3749,138.3751,216.5327,56.9448,314.0194
2017-01-05,145.3838,254.2216,127.6424,166.4683,119.6642,166.2295,136.2391,138.0669,217.7444,56.9524,273.4555
2017-01-06,143.2383,252.6048,126.1784,164.1348,119.6263,166.0745,136.2663,137.6985,216.4721,56.1091,241.0436
2017-01-09,143.742,253.5414,127.1916,165.151,119.6302,166.3597,136.2935,137.9062,217.9868,55.8237,242.9073
2017-01-10,142.942,252.1823,126.0339,165.2262,119.6489,166.3689,136.2935,137.9129,218.835,55.8043,242.9033
2017-01-11,144.1714,253.7625,127.2956,167.7668,119.6259,166.6363,136.3477,138.2411,220.1073,56.3702,208.849
2017-01-12,143.7024,252.0438,126.5514,167.7811,119.6291,166.6122,136.2663,138.087,219.6831,57.0845,215.1963
2017-01-13,144.0605,252.1672,127.1228,167.342,119.6362,166.4832,136.2663,137.5578,219.0773,57.0282,219.9197
2017-01-16,144.0605,252.1672,127.1228,167.342,119.6178,166.4335,136.2663,137.5243,221.1978,57.0282,221.6874
2017-01-17,144.2487,251.6069,125.863,167.4692,119.6181,166.799,136.2663,137.5913,221.1978,57.3589,242.6433
2017-01-18,142.4006,249.9518,124.7346,165.095,119.5877,166.5018,136.3206,137.3434,221.4401,56.4404,234.8679
2017-01-19,143.0316,250.6427,125.1951,165.6656,119.5872,165.9933,136.2663,137.1357,220.1073,56.5513,239.7137
2017-01-20,143.3931,250.8096,125.616,165.4872,119.5509,165.8919,136.2391,136.8008,219.6226,56.6366,237.9195
2017-01-23,143.136,248.8957,125.0569,167.0941,119.4724,165.8092,136.2663,137.5042,220.7131,56.6045,243.5927
2017-01-24,142.8291,249.3966,124.8307,167.399,119.4771,165.9739,136.2391,137.2697,219.6831,56.3801,235.0692
2017-01-25,144.9719,252.3078,126.5143,169.7508,119.4485,165.4662,136.1848,136.6199,217.5627,56.4106,238.1111
2017-01-26,143.7293,251.4978,126.4127,168.6621,119.4621,165.1312,136.2391,136.1777,216.6539,56.0358,241.8234
2017-01-27,144.6288,252.7256,126.1869,169.888,119.4599,164.9222,136.212,136.2581,216.5327,56.3054,243.96
2017-01-30,143.0164,250.4311,125.4751,168.492,119.4769,164.5207,136.2935,135.8896,218.1079,55.4279,243.4209
2017-01-31,143.7876,250.5353,125.2411,168.8935,119.4972,164.615,136.3206,136.3452,218.835,55.894,256.7796
2017-02-01,142.9534,248.4254,124.8001,167.4947,119.5266,164.432,136.2935,135.7155,218.2897,55.9956,259.4002
2017-02-02,143.3209,249.4299,125.1728,168.7808,119.5773,164.9747,136.2935,136.1576,219.5014,56.0932,266.2715
2017-02-03,143.9183,251.2816,125.8057,169.905,119.5882,164.9373,136.2935,135.7892,220.3496,55.8016,271.1805
2017-02-06,142.2753,250.3384,125.3612,169.1661,119.5951,164.793,136.3477,135.0321,223.0759,55.6688,272.8117
2017-02-07,142.8595,251.2753,125.7508,168.9352,119.5918,164.7436,136.4292,135.3068,225.0147,55.8517,279.9399
2017-02-08,143.9942,253.1399,126.8906,171.0093,119.6358,165.1083,136.4564,136.0638,226.0446,56.5856,282.1046
2017-02-09,144.2995,254.3045,126.549,171.553,119.622,165.606,136.4292,136.4859,225.4994,56.5107,263.5279
2017-02-10,144.7839,256.1133,127.8439,173.6846,119.6027,165.1215,136.4292,136.037,226.1052,57.4071,262.8414
2017-02-13,145.8451,258.4541,128.8135,174.8707,119.6141,165.1836,136.4292,136.2849,224.7723,57.0369,264.333
2017-02-14,146.1641,260.002,128.1434,175.4007,119.6157,165.3372,136.4564,135.9901,225.8023,57.1968,268.5764
2017-02-15,147.1212,261.8579,128.2626,177.1548,119.6046,165.0633,136.4292,136.1241,226.3476,57.586,269.8736
2017-02-16,147.3063,260.9182,128.0612,176.0302,119.6008,165.2851,136.402,136.6668,226.7111,57.0092,274.4662
2017-02-17,145.8848,259.7411,127.2082,174.234,119.6297,165.4589,136.4836,136.5328,227.1352,56.4082,277.7817
2017-02-20,145.8848,259.7411,127.2082,174.234,119.6536,165.156,136.5651,136.3318,227.0746,56.4082,287.9783
2017-02-21,146.7783,262.8356,129.0366,177.1836,119.6628,165.1446,136.5651,135.9097,228.5287,56.5329,297.88
2017-02-22,147.6862,264.2794,130.0117,178.8666,119.7206,165.3876,136.5379,136.0571,227.9228,56.7534,300.3577
2017-02-23,147.8727,264.1572,129.7381,178.7088,119.7177,165.6476,136.6194,136.4189,229.7403,56.4782,313.2466
2017-02-24,146.122,263.7332,129.09,176.0907,119.7631,165.7967,136.6194,136.8343,231.5579,56.4327,314.2107
2017-02-27,146.916,264.9394,129.0759,176.0693,119.7436,165.9512,136.5922,136.908,231.7397,56.2514,316.8442
2017-02-28,146.3314,263.4379,128.366,173.8521,119.7077,166.128,136.5651,136.9347,230.5886,56.5972,315.9013
2017-03-01,148.0752,267.5071,130.0551,176.8044,119.6606,165.8811,136.4836,136.4524,229.4374,57.0753,327.7551
2017-03-02,147.9806,266.6625,129.2326,174.2369,119.6676,165.7037,136.5107,136.5395,228.9528,56.2479,336.4586
2017-03-03,149.5358,267.4939,129.6296,176.0067,119.6384,165.6216,136.4564,136.4591,226.0446,56.6462,343.7606
2017-03-06,147.2719,263.9167,127.9785,174.2629,119.6317,165.6904,136.4292,136.1107,225.9235,55.8928,339.6004
2017-03-07,147.1087,264.1541,128.1765,175.1253,119.6845,165.6228,136.4836,135.8696,224.2271,55.5972,327.7219
2017-03-08,146.6446,263.8896,127.8849,173.6257,119.6641,165.1094,136.5651,135.4609,223.1971,54.8039,308.2883
2017-03-09,148.0846,264.7941,128.1606,172.6224,119.6652,165.1969,136.4564,134.9651,221.6825,54.5475,319.2936
2017-03-10,148.9774,264.9428,128.7125,174.0394,119.6622,164.5944,136.4564,134.6503,219.1985,54.2008,299.1325
2017-03-13,147.9473,262.3089,128.0136,174.6237,119.6219,164.3262,136.4836,134.7776,220.289,53.5425,326.5455
2017-03-14,147.2826,262.2521,127.5812,174.256,119.5964,164.1669,136.4292,134.7173,220.5919,53.4351,329.8783
2017-03-15,149.999,265.4936,129.3495,179.4605,119.6115,164.613,136.4564,135.1527,219.9255,54.2365,333.6565
2017-03-16,149.7861,261.8754,127.5912,178.4462,119.5719,164.4002,136.4292,134.6302,223.0154,53.6717,313.4497
2017-03-17,149.4773,260.5229,127.574,177.5222,119.5619,164.3335,136.3749,134.4828,222.8336,53.6489,289.3469
2017-03-20,149.5702,261.0053,127.9753,180.1202,119.5166,164.3302,136.402,134.1746,223.6212,53.8532,278.0679
2017-03-21,149.2083,257.7815,127.0505,178.2245,119.4769,164.3888,136.3477,134.2684,224.2271,53.6269,295.7042
2017-03-22,148.2548,256.6013,126.3437,177.8432,119.5168,164.9235,136.4292,134.4225,225.3176,53.1647,274.9476
2017-03-23,149.0551,256.8568,126.7029,178.2553,119.4959,165.063,136.3749,134.188,224.7723,53.2058,272.7449
2017-03-24,149.4037,256.8198,127.5637,178.8084,119.4662,165.0062,136.3206,134.8044,225.1359,53.2826,246.3463
2017-03-27,149.1359,255.0041,126.8653,177.2355,119.4309,165.2352,136.2935,134.8111,224.53,52.7782,273.128
2017-03-28,149.1233,256.5894,127.8062,177.5396,119.4294,165.3582,136.2935,134.9919,225.4388,52.9728,273.2007
2017-03-29,149.5453,257.8558,128.1454,178.5626,119.4758,165.6199,136.402,135.2733,226.8928,53.6182,272.4118
2017-03-30,149.9445,260.0732,128.1224,178.5812,119.434,165.5503,136.3477,135.2063,226.8322,53.9076,270.3165
2017-03-31,151.344,261.2294,127.8011,178.5246,119.4025,165.5445,136.3477,134.9785,227.014,54.3429,284.1787
2017-04-03,150.9855,261.221,128.6659,179.8286,119.466,165.6494,136.402,135.1527,229.1951,53.9961,303.7929
2017-04-04,151.0853,261.3569,128.2034,179.8984,119.4934,166.0408,136.4292,135.347,229.4374,54.3369,300.9529
2017-04-05,150.1474,260.3297,127.1864,179.1813,119.4988,165.9805,136.5107,135.5011,228.1046,54.539,298.4167
2017-04-06,150.7577,261.2539,126.634,178.9957,119.4791,166.0832,136.4292,135.5547,228.9528,54.5792,314.0095
2017-04-07,150.9161,261.6701,127.2392,179.1452,119.4991,166.4117,136.4836,135.9231,232.285,54.8147,313.2919
2017-04-10,151.6018,263.3753,127.6915,179.4731,119.5091,166.2261,136.5379,135.6619,230.225,55.2325,317.8854
2017-04-11,152.4146,262.6751,128.1543,178.7978,119.5226,166.0096,136.5379,135.28,233.3149,55.291,322.1987
2017-04-12,152.3062,261.1859,127.5638,179.4339,119.5156,166.0039,136.5107,135.5011,234.1025,55.0567,320.543
2017-04-13,150.3719,258.0468,125.7857,177.6645,119.532,166.1519,136.5651,135.2063,235.4354,55.0745,310.5047
2017-04-14,150.3719,258.0468,125.7857,177.6645,119.532,166.1519,136.5651,135.2063,235.4354,55.0745,311.6274
2017-04-17,152.2585,261.808,127.8482,180.5428,119.532,166.1519,136.5651,135.2063,235.4354,55.1771,318.8416
2017-04-18,151.0651,260.1931,127.0412,177.691,119.5042,166.2933,136.5379,135.4877,235.0113,54.5601,322.5512
2017-04-19,149.4999,257.6773,125.9704,175.2135,119.4627,166.3068,136.4564,135.3872,232.709,53.6028,319.6562
2017-04-20,150.7445,260.1061,126.8985,177.607,119.4272,165.9721,136.4292,135.3403,231.9214,53.5099,325.0334
2017-04-21,150.5705,259.28,127.3702,177.6089,119.4375,165.9846,136.402,135.3001,233.739,53.1187,323.1778
2017-04-24,153.7907,258.2976,126.3853,177.5057,119.3165,166.0244,136.2391,136.2112,228.7104,52.2282,325.7735
2017-04-25,155.2186,260.0181,126.9549,179.2147,119.3233,165.9675,136.2391,135.5949,225.7417,52.5447,330.0471
2017-04-26,153.7727,258.347,126.3639,177.5099,119.3268,165.7144,136.3206,135.5413,226.4081,52.0139,332.1745
2017-04-27,154.3324,259.0215,126.6849,177.6022,119.3519,166.0115,136.3749,136.1844,226.8322,52.0833,342.2825
2017-04-28,154.6785,259.5199,126.5956,178.6002,119.3509,166.1863,136.4292,136.372,226.5899,52.4566,343.3642
2017-05-01,154.6689,259.1423,126.5799,178.9133,119.3509,166.1863,136.4292,136.372,226.5899,52.475,369.3113
2017-05-02,156.0,259.2061,126.9523,180.1775,119.3508,166.1721,136.4292,136.5596,224.0453,52.1512,377.3723
2017-05-03,155.1312,258.2586,126.9573,178.5414,119.3429,166.2693,136.4564,136.8209,222.7124,51.7529,386.1075
2017-05-04,158.0717,259.6702,127.8182,177.305,119.331,166.1211,136.4564,136.5663,218.6532,51.045,400.1443
2017-05-05,158.7672,258.4954,127.4413,177.2662,119.2861,166.2083,136.4292,136.5529,217.805,50.997,401.3597
2017-05-08,157.1737,258.8383,127.68,177.4868,119.2678,166.1212,136.2935,136.1107,219.0773,50.7354,445.3478
2017-05-09,157.5966,259.4854,127.7042,180.3545,119.246,165.8505,136.3206,135.8562,217.9262,50.7508,455.1717
2017-05-10,158.5636,260.9286,127.5997,182.2337,119.272,166.1692,136.2935,136.2916,218.8956,51.4632,465.1519
2017-05-11,158.4233,260.7811,127.447,182.9045,119.2501,165.8633,136.3913,135.9968,219.4408,51.7439,481.8558
2017-05-12,159.6912,260.484,127.8323,183.7599,119.2721,166.0074,136.3369,136.1509,219.1379,52.0669,449.6868
2017-05-15,159.6414,260.4288,127.4672,184.5734,119.2385,165.9802,136.3641,135.9566,218.7138,51.9055,450.8014
2017-05-16,160.3631,258.8995,126.9314,183.8341,119.2103,166.0482,136.2826,136.0705,217.9262,51.5355,447.538
2017-05-17,156.5925,251.7335,125.4563,178.8749,119.2368,166.3581,136.3369,136.4993,219.9861,51.3259,469.7386
2017-05-18,155.7732,251.3343,125.0876,174.9225,119.2401,166.6392,136.3097,136.6199,219.6226,50.6405,479.6999
2017-05-19,158.574,253.9429,126.5952,179.3439,119.2108,166.6169,136.3641,136.6467,218.2897,51.813,506.8034
2017-05-22,157.7301,253.153,125.4929,178.0558,119.2107,166.3955,136.2554,136.4055,218.5926,51.7215,549.6343
2017-05-23,157.1134,252.9456,125.2785,177.6895,119.185,166.4576,136.2826,136.6333,218.3503,51.1915,585.0391
2017-05-24,158.1748,254.8863,125.7561,179.3294,119.2082,166.418,136.3097,136.6199,218.4715,51.3538,619.3882
2017-05-25,157.4201,254.9278,125.5089,179.368,119.2243,166.6484,136.3369,136.8611,218.4109,50.5022,581.5578
2017-05-26,157.0036,255.3331,125.8054,180.3384,119.2324,166.8733,136.3913,136.9214,220.8949,50.8132,556.6799
2017-05-29,157.0036,255.3331,125.8054,180.3384,119.257,166.9507,136.4185,136.8544,221.016,50.8132,571.8946
2017-05-30,157.8746,256.9845,126.9913,180.7051,119.2655,166.6984,136.4185,136.8611,220.0467,50.6761,553.9057
2017-05-31,157.8054,255.94,126.5065,178.6279,119.2611,166.9979,136.4456,136.6065,219.8043,50.129,579.9304
2017-06-01,157.8849,256.3268,126.8303,178.9941,119.2588,166.2558,136.4456,136.3653,219.7437,49.589,606.8376
2017-06-02,159.3101,257.8161,129.816,180.3438,119.2766,166.4548,136.4728,136.6802,220.7737,49.6676,628.7196
2017-06-05,157.3351,256.1408,128.574,179.0895,119.2436,166.3276,136.4728,136.6802,220.7737,49.1624,674.8957
2017-06-06,157.0577,255.8664,128.9423,179.5574,119.2647,166.665,136.4456,136.9214,223.7424,49.6621,720.7362
2017-06-07,156.9378,256.0079,128.7284,179.1101,119.2724,166.5076,136.4456,136.6869,223.5606,49.2035,686.8599
2017-06-08,156.6069,256.5036,128.6077,180.4444,119.2554,166.9564,136.4728,136.9548,221.5613,49.3622,706.3453
2017-06-09,157.0314,257.7257,128.2551,180.1939,119.2638,167.4203,136.4728,137.0955,220.7131,49.8715,715.3978
2017-06-12,155.8948,257.2779,128.461,178.9665,119.2535,167.6517,136.4728,137.4305,220.289,49.1117,672.771
2017-06-13,157.2637,258.6691,129.2378,179.924,119.2065,167.5553,136.3913,137.6516,219.6226,49.2694,687.6424
2017-06-14,156.918,258.049,129.0207,179.6773,119.2008,167.7259,136.3369,137.799,220.5919,48.5087,633.6123
2017-06-15,154.724,257.3937,127.6879,177.7095,119.1191,166.9724,136.2826,137.1089,219.0167,48.743,622.6637
2017-06-16,157.706,259.0409,129.0005,179.1119,119.1572,167.3885,136.3097,137.2094,218.5926,49.2436,640.2337
2017-06-19,157.4025,259.7679,128.6967,179.9034,119.1297,167.38,136.3097,137.2965,217.9262,48.5335,654.6896
2017-06-20,156.5011,259.4909,129.4754,178.932,119.1277,167.7034,136.3369,137.3769,217.8656,48.4564,692.0426
2017-06-21,156.7418,259.6032,129.3717,179.4469,119.114,167.7669,136.3097,137.3166,217.805,48.0902,684.1956
2017-06-22,156.1182,258.7834,129.2845,179.8763,119.1189,167.8962,136.3097,137.3769,218.4109,47.8053,686.4825
2017-06-23,156.9061,259.5004,129.3923,181.1197,119.0987,167.7613,136.3097,137.5444,218.6532,48.102,697.6021
2017-06-26,156.586,258.5305,128.4664,182.0621,119.1004,167.8828,136.2554,137.8191,218.6532,48.0892,627.1159
2017-06-27,157.1981,256.7981,128.3316,180.1788,119.0469,167.1697,136.2282,136.8946,216.4721,48.5302,646.7223
2017-06-28,156.3594,255.5411,127.1356,179.0796,119.0472,167.0017,136.2282,137.0352,215.1998,48.1038,643.4306
2017-06-29,153.8897,252.3273,125.3835,176.1296,119.0365,166.4409,136.2826,136.3653,214.4122,48.2237,632.1419
2017-06-30,153.2908,251.4943,125.1569,176.0294,119.0173,166.0766,136.201,136.2648,212.1706,48.9246,614.3993
2017-07-03,153.512,252.33,124.7527,177.3378,119.0354,166.2469,136.2826,136.2916,209.6865,49.3067,636.0411
2017-07-04,153.512,252.33,124.7527,177.3378,119.0478,166.2628,136.3369,136.3921,210.05,49.3067,648.2973
2017-07-05,154.3625,254.3146,125.4674,177.9776,119.0211,166.1428,136.3641,136.4658,210.1712,49.08,649.026
2017-07-06,153.9824,252.2839,124.6968,176.0416,119.0152,165.2757,136.3369,135.4944,209.2625,49.1156,651.4261
2017-07-07,153.35,252.1883,123.7763,175.1818,119.0285,165.1333,136.2826,135.3805,207.0208,48.37,624.6864
2017-07-10,153.9667,252.9236,123.6763,177.1683,119.0293,165.407,136.2826,135.9031,207.566,48.8921,589.5326
2017-07-11,154.0784,252.7357,124.5189,178.619,119.0213,165.3306,136.3097,135.7222,207.0814,49.3251,580.893
2017-07-12,154.4394,253.0785,124.6185,180.9624,119.0359,165.6877,136.3097,136.238,208.4748,48.7439,592.4192
2017-07-13,155.8244,254.7254,125.0554,182.7294,119.05,165.585,136.3913,135.8696,208.3537,48.5463,585.1148
2017-07-14,157.2284,256.2495,125.5239,185.2735,119.0549,165.7995,136.3913,135.9432,208.8384,49.173,554.933
2017-07-17,155.9723,254.6229,124.5795,183.2718,119.0482,165.7368,136.3913,136.0906,209.8077,48.8453,550.2602
2017-07-18,155.9311,254.7811,125.2423,183.8399,119.0556,166.0412,136.4728,136.4055,209.0807,49.108,572.6525
2017-07-19,155.2435,254.488,124.9331,184.1564,119.0549,166.2591,136.4728,136.6467,210.05,49.1509,557.763
2017-07-20,156.3582,255.0718,125.6269,184.2857,119.058,166.4655,136.4185,136.995,208.5354,49.2203,692.5471
2017-07-21,154.2166,252.6472,124.7732,182.571,119.0539,166.5265,136.4456,136.9883,209.1413,48.3924,650.063
2017-07-24,152.9454,251.4402,123.956,182.2844,119.0559,166.6644,136.4456,136.9415,210.2924,47.9404,668.2426
2017-07-25,153.8634,252.9789,123.9764,182.4954,119.0494,166.2945,136.4456,136.6467,209.2019,48.4138,627.2729
2017-07-26,154.9355,252.8655,124.3284,183.9106,119.0542,166.2357,136.4728,136.7271,209.0807,48.8355,615.5219
2017-07-27,153.1823,250.8331,123.8534,181.6063,119.0628,166.4797,136.5544,137.0218,210.2924,48.7828,645.531
2017-07-28,153.8611,251.3821,124.6357,182.1343,119.0529,166.2274,136.4728,137.1893,210.353,49.1582,680.9717
2017-07-31,153.5264,249.9856,124.4226,181.4323,119.06,166.3286,136.4728,137.4305,209.626,48.9129,693.5727
2017-08-01,153.4168,248.9151,124.3367,180.7887,119.0435,166.5169,136.5272,138.1808,209.9895,47.9269,651.4233
2017-08-02,153.7183,249.3068,124.4041,181.1502,119.0619,166.8198,136.6087,138.1674,208.9595,48.2089,650.311
2017-08-03,153.3351,247.9856,124.3007,179.8013,119.0602,166.8593,136.5544,138.2679,208.0507,47.6925,670.6117
2017-08-04,153.2201,247.7309,123.8349,179.945,119.0606,166.7978,136.5272,137.9799,208.4748,47.5153,690.4387
2017-08-07,154.7139,250.4362,124.9095,182.8119,119.0488,166.8787,136.5272,138.2679,208.0507,48.2385,812.8938
2017-08-08,153.3945,249.3432,124.5355,182.5043,119.0362,166.8962,136.5,138.0669,208.0507,48.3139,821.1876
2017-08-09,153.9179,250.3158,124.2543,181.5678,119.0509,167.0686,136.4728,138.2545,211.5041,48.8404,805.7491
2017-08-10,151.4205,246.6376,122.8877,177.1583,119.0459,166.9913,136.4728,138.2344,213.0793,48.1399,814.6257
2017-08-11,151.0381,246.8188,122.6153,177.4405,119.0753,167.1122,136.4456,138.2411,212.7764,48.2511,878.864
2017-08-14,151.5427,248.1008,122.9451,178.4218,119.0747,167.0711,136.5,138.1071,212.3523,47.6497,1036.3825
2017-08-15,151.9394,249.1179,123.3055,179.3817,119.0557,166.8255,136.4728,137.6918,211.2012,47.4106,1006.2996
2017-08-16,153.3078,250.2871,124.0777,181.7748,119.0498,166.8388,136.5,137.7521,211.9282,47.7184,1056.2507
2017-08-17,151.0406,245.6935,122.8908,178.9503,119.0346,166.8338,136.4456,138.0133,213.0793,47.4586,1042.4713
2017-08-18,151.9339,246.5399,124.054,181.3847,119.0588,167.0897,136.4456,138.154,214.1093,48.2236,1006.3237
2017-08-21,151.4882,245.8773,123.3513,181.418,119.0558,167.0687,136.4456,138.2009,212.6552,47.8883,964.5392
2017-08-22,151.555,247.2771,123.0184,182.5813,119.0542,166.77,136.4185,137.8861,213.1399,47.6417,983.6888
2017-08-23,152.2499,247.4325,123.584,184.2222,119.0742,166.7894,136.4456,137.9263,212.2917,48.0531,1000.1349
2017-08-24,151.2806,245.7205,122.3831,183.9515,119.0783,167.0074,136.4456,138.0,212.6552,48.0201,1039.4571
2017-08-25,152.7044,246.5943,122.9392,185.2473,119.0667,166.755,136.4185,137.9865,211.6253,47.8903,1049.5863
2017-08-28,150.7124,243.5164,121.5337,182.2763,119.0794,167.048,136.5,138.1138,212.6552,47.4352,1039.0655
2017-08-29,149.8964,243.5504,121.1663,181.7678,119.0884,167.1998,136.5,138.3751,213.3823,47.305,1084.5296
2017-08-30,149.5747,244.5696,121.0327,181.9523,119.0693,167.0869,136.4728,138.3215,213.9881,47.0727,1080.685
2017-08-31,151.7469,247.6343,122.7815,183.4171,119.0829,167.3547,136.5,138.4756,216.1086,48.3949,1120.5836
2017-09-01,151.8242,247.6305,122.1133,184.5036,119.0617,167.1506,136.4456,138.2009,216.9568,48.5953,1163.8589
2017-09-04,151.8242,247.6305,122.1133,184.5036,119.0748,167.2364,136.4728,138.3081,218.2291,48.5953,1010.2019
2017-09-05,151.1585,246.2034,121.7492,182.3533,119.0993,167.4856,136.5544,138.7235,218.3503,48.7686,1042.709
2017-09-06,151.9439,246.4093,121.9513,183.0683,119.0787,167.3821,136.5544,138.5091,218.4109,49.0575,1092.451
2017-09-07,153.3102,246.3029,122.6296,184.3579,119.0955,167.645,136.5544,138.9379,218.1079,49.0009,1092.7679
2017-09-08,151.9398,243.9419,121.9741,181.5918,119.0981,167.5582,136.5544,138.6632,217.8656,47.9108,996.1409
2017-09-11,153.3282,246.778,122.6453,184.1938,119.085,167.4877,136.5816,138.5627,216.8962,48.0385,981.1766
2017-09-12,154.6596,248.815,123.3315,184.8869,119.0578,167.3385,136.5544,138.087,216.048,48.2723,978.7351
2017-09-13,153.4542,248.6189,122.9299,183.6772,119.0395,167.0917,136.5272,138.1272,216.5933,48.3142,918.7568
2017-09-14,155.1536,250.2953,123.8209,185.466,119.0337,166.9629,136.5272,137.9129,217.1991,48.6971,751.8462
2017-09-15,154.883,249.9796,123.6776,186.0851,119.0053,166.9525,136.4185,137.7588,215.321,48.6739,864.5887
2017-09-18,154.9215,250.1857,123.5392,186.4955,119.0019,166.6792,136.4728,137.6784,213.1399,48.5279,964.9867
2017-09-19,155.4062,249.9728,124.0248,186.5573,118.9929,166.9214,136.4185,137.799,212.837,48.3349,929.9754
2017-09-20,154.5516,249.3691,123.7252,185.1876,118.9956,166.7572,136.5,137.8325,213.1399,48.5508,922.9011
2017-09-21,156.0927,251.2241,124.4859,187.0665,118.9948,166.5623,136.4456,137.6047,211.0194,48.5234,866.6496
2017-09-22,155.5873,249.7292,123.8544,184.857,118.9913,166.5301,136.4728,137.7052,210.8377,48.3904,861.2393
2017-09-25,154.6489,249.6027,124.3138,182.0003,118.9596,166.7352,136.5,137.9196,214.1699,48.7755,932.7391
2017-09-26,155.0166,251.2604,125.064,182.6062,119.0136,166.6396,136.5,138.0,215.3816,48.6116,930.3089
2017-09-27,156.1215,253.7281,126.0516,183.0238,118.991,166.375,136.5272,137.7186,213.4428,48.9615,1009.9282
2017-09-28,157.2849,254.8199,126.5332,183.4669,119.0005,166.4376,136.5272,137.8593,212.4129,49.0292,1006.8028
2017-09-29,158.103,255.0186,126.2109,185.0731,118.9798,166.4974,136.4728,137.9731,211.7465,48.7488,1001.254
2017-10-02,157.3005,255.5698,125.9373,184.7131,118.9923,166.4756,136.5,137.8459,211.5041,48.0994,1058.1803
2017-10-03,158.9127,257.7226,127.4776,188.8157,118.985,166.3409,136.5,137.8459,211.5041,48.4852,1042.6362
2017-10-04,158.4272,257.7255,127.3507,188.5527,118.9845,166.3825,136.5,137.732,211.1406,48.5334,1020.1574
2017-10-05,158.1068,259.0394,127.1778,189.8048,118.9664,166.4933,136.4728,137.9865,211.9282,48.8925,1043.1906
2017-10-06,158.5219,259.7361,127.5969,189.5768,118.9392,166.107,136.5,138.02,211.7465,48.7215,1057.447
2017-10-09,158.0337,258.6422,127.4288,188.9661,118.9594,166.5492,136.5272,138.1607,212.7158,48.6806,1151.552
2017-10-10,159.7583,259.3428,128.347,190.8444,118.9599,166.4276,136.5,138.0669,213.1399,49.1677,1154.0392
2017-10-11,159.1193,258.1399,128.2065,190.5262,118.9482,166.486,136.4728,138.0669,211.8676,48.8838,1157.5549
2017-10-12,158.2253,256.6558,127.5022,189.6315,118.9713,166.7202,136.5,138.2947,212.7158,48.8834,1300.7833
2017-10-13,158.8378,257.7001,129.4444,191.8988,118.9894,167.0282,136.5544,138.7369,214.1093,49.4818,1352.4576
2017-10-16,158.644,258.4315,130.2264,192.0636,119.0051,167.2109,136.5544,139.0919,215.1392,49.6606,1373.2894
2017-10-17,158.2025,259.0414,130.306,191.3911,118.9976,167.3973,136.5544,139.2594,212.8976,49.4287,1346.7119
2017-10-18,159.3204,259.7935,130.4204,192.2138,118.9809,167.3476,136.6087,138.7838,211.9282,49.3769,1345.7336
2017-10-19,158.518,259.3506,129.8683,190.1422,118.991,167.1941,136.5544,138.757,212.0494,49.3211,1371.379
2017-10-20,157.4338,259.5267,129.5822,189.9927,118.9633,166.9334,136.5816,138.4555,211.807,49.0387,1437.7142
2017-10-23,158.1551,260.594,130.941,189.987,118.9712,167.2851,136.6087,138.7503,211.2618,49.6847,1429.704
2017-10-24,158.0808,260.9291,131.969,189.8977,118.9338,166.9684,136.5816,138.422,211.3224,49.9344,1331.7569
2017-10-25,157.974,259.6405,130.9037,189.4861,118.9247,166.813,136.5816,138.5091,210.6559,49.83,1385.7891
2017-10-26,156.798,258.6188,130.9202,187.2207,118.9636,167.2739,136.6631,138.9781,211.8676,49.5907,1415.4773
2017-10-27,159.051,264.8447,133.9939,192.9327,118.9863,167.3971,136.6903,139.3331,213.9275,50.4151,1407.6213
2017-10-30,160.4621,264.6013,134.3253,192.26,118.9908,167.8037,136.6903,139.7619,213.9275,50.6422,1496.9585
2017-10-31,160.594,263.9187,134.343,193.2614,118.968,167.8378,136.6903,139.7619,213.9275,50.5601,1572.9348
2017-11-01,160.4426,264.2892,135.1099,194.2795,118.9689,168.1355,136.7175,139.9562,214.1093,50.7338,1645.7558
2017-11-02,161.1723,264.9156,135.5382,194.9154,118.9604,168.0468,136.6903,139.9227,213.2005,50.9829,1724.8444
2017-11-03,160.4138,265.0459,135.474,193.3609,118.9768,168.1433,136.7175,140.1437,212.7158,50.9018,1751.3582
2017-11-06,161.3085,266.5272,135.9977,196.3197,118.95,168.2074,136.7175,140.2844,214.6546,52.0001,1713.2918
2017-11-07,159.9654,266.3945,137.1048,195.1013,118.97,168.4126,136.7447,141.0013,214.594,51.5851,1743.3066
2017-11-08,160.2077,267.1141,138.093,196.2189,118.969,168.4213,136.6359,140.9611,216.2904,51.6366,1822.0636
2017-11-09,159.1088,266.2408,136.9919,195.0726,118.9458,167.8381,136.5544,140.4117,214.9575,51.5913,1745.4799
2017-11-10,158.1519,265.0162,135.3957,193.4,118.9475,167.8088,136.4728,140.1772,213.3217,51.3063,1610.1539
2017-11-13,157.1095,264.9382,134.635,192.7462,118.9304,167.7512,136.5,140.1906,213.6852,51.1165,1593.933
2017-11-14,157.6058,264.2366,133.8817,191.3901,118.9186,167.8162,136.5272,140.338,211.9282,50.2954,1611.9374
2017-11-15,155.0836,260.0618,131.4561,188.3235,118.9353,168.0223,136.5,140.3715,211.08,49.7707,1757.7918
2017-11-16,156.2751,262.2726,133.4931,192.2435,118.9156,167.9061,136.5136,140.3246,211.807,49.5823,1891.4246
2017-11-17,155.9916,261.8442,133.0106,193.4454,118.9147,167.9648,136.568,140.4519,212.8976,50.381,1854.7554
2017-11-20,156.8428,263.3103,134.1874,195.1927,118.9098,168.0064,136.4864,140.5993,212.7158,50.1138,1980.7128
2017-11-21,157.6968,264.8217,135.3079,197.648,118.909,168.2422,136.4864,140.8606,212.5947,50.3051,1947.9083
2017-11-22,158.2675,264.6775,135.4449,198.2128,118.884,168.1853,136.4592,140.8673,213.3217,50.6799,1992.5801
2017-11-23,158.2675,264.6775,135.4449,198.2128,118.8838,168.13,136.5136,140.9477,212.2311,50.6799,1927.9946
2017-11-24,158.1368,262.6764,135.2145,195.8504,118.8728,168.0039,136.5136,140.6931,210.05,50.1808,1972.9918
2017-11-27,156.0773,260.9488,133.8104,191.8034,118.8602,168.1286,136.568,140.9678,211.807,49.7722,2332.7412
2017-11-28,157.3259,264.0738,134.4565,193.5817,118.8763,168.1987,136.568,141.0214,212.4735,49.8209,2394.2022
2017-11-29,157.5147,265.1793,134.8313,191.4301,118.8587,167.9841,136.5136,140.874,210.9588,49.8724,2364.9859
2017-11-30,157.8127,267.4122,134.9216,189.2726,118.8497,168.1804,136.5408,141.2625,208.8989,49.3558,2446.6823
2017-12-01,156.5551,265.8198,133.7915,187.4736,118.8696,168.4993,136.4864,142.0062,210.4136,49.7035,2613.8813
2017-12-04,156.8733,266.3574,132.8066,188.4496,118.8702,168.464,136.5,141.6712,209.3836,49.3022,2785.1917
2017-12-05,156.204,265.2231,133.0557,188.2014,118.8837,168.5665,136.5,141.8722,208.1719,48.895,2845.3016
2017-12-06,156.3129,266.0543,132.9511,186.2057,118.9033,168.8135,136.5816,142.0531,208.8384,48.4128,3422.366
2017-12-07,157.125,267.5406,134.1328,187.1933,118.9233,168.8196,136.5544,142.1134,206.9602,48.2165,4296.8143
2017-12-08,158.4757,269.7331,135.1334,189.8945,118.9171,168.8826,136.5816,142.1669,206.8996,48.5787,3988.3226
2017-12-11,158.6412,270.5967,135.6124,190.8811,118.8959,168.8366,136.636,142.1837,205.7485,48.6508,4077.5249
2017-12-12,158.6741,270.8988,135.7739,189.4768,118.8917,168.631,136.568,141.9794,205.6273,48.2629,4190.0336
2017-12-13,159.3645,271.6755,136.7241,192.3205,118.8929,168.3776,136.5816,141.7415,206.2938,48.4488,3959.4704
2017-12-14,157.3263,268.4335,135.0153,189.4073,118.8904,168.2738,136.6088,141.8286,207.566,48.213,3965.5729
2017-12-15,158.0316,272.0688,135.7817,190.8002,118.8867,168.4236,136.5952,141.9827,207.6872,48.6302,4261.1198
2017-12-18,160.5207,274.526,137.781,193.4649,118.866,168.4989,136.568,142.2339,208.3537,48.9494,4612.0777
2017-12-19,159.8684,272.5274,135.9123,191.7784,118.8572,168.1072,136.5136,141.1754,207.566,48.9271,4274.5421
2017-12-20,158.5556,271.0717,135.4387,191.1043,118.8307,167.6915,136.4864,140.8807,207.4449,48.9415,3978.2439
2017-12-21,158.7934,270.7873,135.109,191.759,118.7957,167.6644,136.4592,140.8204,207.8084,48.9144,3769.8802
2017-12-22,159.2351,271.1924,135.981,193.7209,118.7817,167.7847,136.5136,140.7534,209.5048,49.3336,3305.4626
2017-12-25,159.2351,271.1924,135.981,193.7209,118.7817,167.7847,136.5136,140.7534,209.5048,49.3336,3352.3726
2017-12-26,158.95,270.5212,135.8748,193.3064,118.7817,167.7847,136.5136,140.7534,209.5048,49.8527,3842.5319
2017-12-27,159.6878,270.9869,135.8613,194.045,118.7822,167.7261,136.4864,141.1084,210.7165,50.2266,3784.8354
2017-12-28,159.4898,270.5657,135.0554,194.6738,118.7117,167.5768,136.432,140.5457,211.0194,50.4813,3477.8492
2017-12-29,159.0239,268.6216,134.84,194.9166,118.7165,167.2519,136.5408,140.2643,210.5953,50.4737,3477.7223
2018-01-01,159.0239,268.6216,134.84,194.9166,118.7165,167.2519,136.5408,140.2643,210.5953,50.4737,3223.6062
2018-01-02,159.1414,268.9709,134.8611,197.4432,118.6777,167.0435,136.4755,139.8691,212.2311,50.5296,3534.3789
2018-01-03,159.016,269.5082,136.1298,198.4777,118.6694,167.1806,136.4755,140.1973,213.3096,50.3533,3570.5984
2018-01-04,161.5892,271.839,138.4087,200.3412,118.6413,167.3166,136.4701,140.3313,212.8612,50.5139,3680.3107
2018-01-05,161.8978,272.3261,138.1172,201.0906,118.6381,167.4363,136.4647,140.2978,213.6731,49.9625,4092.229
2018-01-08,161.8665,273.5353,139.2808,201.6148,118.6395,167.5882,136.4918,140.3514,214.3032,49.9697,3571.0348
2018-01-09,163.0407,275.6891,140.1502,202.4132,118.6388,167.4745,136.4647,140.0231,214.388,50.5382,3454.9823
2018-01-10,162.9837,276.2162,141.5343,201.8273,118.6296,167.2381,136.4266,140.1169,214.5819,50.7124,3556.6569
2018-01-11,163.7729,277.6075,142.1607,202.6142,118.5594,166.8653,136.3396,139.8155,213.8185,50.6194,3177.1821
2018-01-12,164.6834,277.4228,141.5922,203.096,118.5635,166.8919,136.3232,140.2509,213.8064,50.6681,3289.7594
2018-01-15,164.6834,277.4228,141.5922,203.096,118.583,166.9797,136.3232,140.1504,213.0793,50.6681,3211.8611
2018-01-16,161.6976,271.374,138.9801,198.5841,118.5734,167.2126,136.3722,140.4519,212.5947,49.4516,2653.9354
2018-01-17,162.3402,273.8967,140.0643,201.1544,118.5689,167.0884,136.3504,140.3581,212.5583,49.6413,2583.6039
2018-01-18,163.7144,275.3959,139.8773,202.8392,118.574,167.0613,136.3885,140.3313,211.8797,49.916,2668.7036
2018-01-19,163.8236,275.4591,140.154,203.622,118.5842,167.1263,136.4048,140.3715,212.425,49.6811,2687.9086
2018-01-22,164.6189,277.2707,140.5298,204.4769,118.5826,167.1589,136.4157,140.5122,212.0857,49.8665,2527.4653
2018-01-23,164.9755,277.8421,141.3762,205.4317,118.5669,167.4303,136.4157,140.539,212.0978,50.1052,2512.745
2018-01-24,164.8254,276.5156,140.7995,206.2558,118.5662,167.2759,136.4157,140.4184,212.6552,50.6475,2614.7396
2018-01-25,163.0763,274.8279,139.2087,204.7905,118.5262,166.9103,136.3939,140.0299,212.0251,50.0979,2574.8118
2018-01-26,164.4851,277.9822,140.2139,207.6003,118.5172,166.8052,136.3994,139.6681,212.1463,50.4516,2554.4344
2018-01-29,162.3847,275.3453,138.6217,203.8635,118.4771,166.3856,136.3776,139.3197,211.1164,50.2072,2575.5906
2018-01-30,161.9111,273.5541,137.3677,201.8434,118.4949,166.3927,136.3994,139.3465,210.6196,50.1582,2312.9809
2018-01-31,161.6438,273.063,136.2736,203.1325,118.5021,166.4854,136.3722,139.5743,210.05,49.7846,2333.8965
2018-02-01,161.784,272.5533,136.8445,200.2392,118.5139,166.4438,136.4157,139.8825,209.529,49.9669,2092.4773
2018-02-02,156.6248,264.6731,133.8478,193.6832,118.5036,166.2197,136.4048,139.5006,208.1356,48.8717,2000.2327
2018-02-05,150.7893,254.8887,128.158,187.8384,118.5246,166.254,136.4266,139.7083,209.3957,48.6829,1583.4041
2018-02-06,155.2585,261.5734,132.1063,195.191,118.5244,166.3953,136.4538,140.0299,209.6502,48.9544,1776.5328
2018-02-07,153.1187,259.8712,130.7907,188.8343,118.5223,166.5239,136.4918,140.1839,209.3715,48.2231,1744.229
2018-02-08,150.7889,252.4309,128.0768,183.9726,118.4852,166.0539,136.3831,139.9696,209.323,48.3861,1909.1318
2018-02-09,151.4818,256.3769,129.4467,187.0244,118.5234,166.1845,136.3504,139.6145,209.2261,47.8513,2019.2237
2018-02-12,153.5716,260.3106,132.0526,190.089,118.5335,166.1579,136.4157,139.6949,210.2076,48.2451,2064.381
2018-02-13,152.5702,259.8774,129.8898,190.7471,118.5349,166.0649,136.3939,139.3934,209.2503,48.3664,1980.2313
2018-02-14,155.0713,262.3186,131.3214,194.7333,118.5136,165.9061,136.3776,139.514,211.492,48.8902,2177.8067
2018-02-15,154.7152,263.247,130.7507,196.9225,118.4989,165.9278,136.3504,139.5743,210.9346,48.6827,2310.6611
2018-02-16,154.4198,262.5592,132.3693,195.7184,118.5153,166.2913,136.3668,140.0165,212.013,48.3636,2319.246
2018-02-19,154.4198,262.5592,132.3693,195.7184,118.5096,166.2353,136.4157,139.4738,211.7828,48.3636,2562.7195
2018-02-20,154.1992,263.1239,132.4063,194.6659,118.5134,166.3228,136.4266,139.2862,210.1349,48.6535,2606.227
2018-02-21,154.2099,263.1589,131.7573,195.5049,118.5019,166.3279,136.4266,139.2929,210.2803,48.9232,2455.7488
2018-02-22,155.535,264.6474,132.9436,196.4769,118.5122,166.2763,136.3396,139.3532,210.0379,49.5384,2308.3097
2018-02-23,156.0894,267.8883,134.4001,199.2491,118.5217,166.4628,136.4755,139.782,210.3409,49.5185,2367.9844
2018-02-26,157.5322,271.8709,136.5819,201.7395,118.5233,166.6115,136.4266,139.8959,210.7528,49.8788,2390.7314
2018-02-27,154.5615,267.8561,134.4121,195.4174,118.5207,166.5315,136.3668,139.9227,209.6502,49.4428,2467.7859
2018-02-28,153.9326,266.9908,134.1627,193.9523,118.5232,166.5658,136.3613,140.0432,210.3288,49.4442,2409.064
2018-03-01,152.7405,263.9516,130.6916,194.2091,118.5293,166.7269,136.3668,140.0968,209.323,49.8862,2545.3403
2018-03-02,151.9068,263.5916,131.311,193.7546,118.5298,166.8733,136.3613,139.9428,208.8868,49.4017,2560.0987
2018-03-05,152.3997,265.673,131.4248,193.334,118.529,166.7189,136.345,139.9294,208.6566,49.4634,2662.8606
2018-03-06,153.3098,265.8905,132.0056,194.805,118.5124,166.6726,136.3722,139.6882,209.7714,49.5989,2476.064
2018-03-07,152.7086,264.0782,130.0503,193.747,118.4979,166.8292,136.3504,139.9763,208.0871,48.7619,2274.2496
2018-03-08,152.9401,265.3988,130.8721,193.818,118.5069,167.0283,136.3831,140.3581,208.7051,48.4714,2144.3877
2018-03-09,155.1434,272.3874,132.3483,199.6937,118.5136,166.9891,136.4103,140.0098,209.1655,49.0573,2149.979
2018-03-12,155.3253,271.9987,132.4564,200.1409,118.5146,167.1421,136.3939,140.1705,208.5233,48.9085,2119.122
2018-03-13,153.6103,269.5656,131.9077,197.8393,118.5275,167.2831,136.4266,140.1973,208.4021,48.8463,2111.4686
2018-03-14,153.2673,267.0406,131.9099,197.316,118.5117,167.3114,136.3776,140.07,208.4869,48.5387,1890.9614
2018-03-15,153.5002,267.11,132.3486,196.8641,118.5174,167.4202,136.3722,140.1839,208.2931,48.3848,1900.6254
2018-03-16,154.3284,268.8425,132.4734,197.4849,118.5228,167.4581,136.3015,140.2978,208.1961,48.7061,1919.5107
2018-03-19,153.9013,265.8187,130.5265,195.81,118.5082,167.419,136.2689,140.3916,208.3779,48.3161,1991.3968
2018-03-20,152.9418,265.0609,130.6739,197.0825,118.5017,167.6113,136.2907,140.606,208.3294,48.1766,2047.3081
2018-03-21,154.2642,266.3863,131.7553,199.6182,118.5054,167.4759,136.2634,140.5189,210.3045,49.1153,2065.1594
2018-03-22,149.6357,257.7131,129.5367,191.469,118.5368,167.9627,136.2797,141.0348,209.9168,48.3544,2003.0599
2018-03-23,148.9993,252.6841,127.05,187.9336,118.5236,167.8931,136.2199,141.2156,212.7643,48.5836,2041.4959
2018-03-26,151.6427,258.9798,128.5529,193.5641,118.5101,168.0251,136.2797,141.2491,212.1463,48.528,1882.9174
2018-03-27,148.6005,252.4669,127.7908,188.4724,118.5191,168.275,136.2743,141.5171,210.8377,47.8885,1781.7238
2018-03-28,150.1568,252.7275,129.7526,188.2706,118.5156,168.2704,136.2308,141.6243,209.6987,47.9407,1816.5822
2018-03-29,152.3957,257.9861,132.4401,193.736,118.5132,168.462,136.2254,141.7717,209.5533,48.8423,1649.4216
2018-03-30,152.3957,257.9861,132.4401,193.736,118.5132,168.462,136.2254,141.7717,209.5533,48.8423,1587.0365
2018-04-02,150.3296,252.3368,129.7358,190.184,118.5132,168.462,136.2254,141.7717,209.5533,48.3855,1630.0477
2018-04-03,151.6685,256.0179,131.602,192.4053,118.4902,168.4604,136.2471,141.8454,211.5647,48.6107,1718.7197
2018-04-04,152.1328,259.056,131.8854,192.708,118.4913,168.6031,136.2199,141.966,211.5768,48.4658,1581.7151
2018-04-05,153.4479,260.9242,132.4523,193.0604,118.4691,168.3934,136.2199,141.5908,211.0073,48.6742,1570.8756
2018-04-06,153.3888,255.8427,130.7497,189.8253,118.4721,168.3117,136.2526,141.7382,211.492,48.6529,1534.8823
2018-04-09,154.3238,256.6878,131.6987,189.7196,118.4564,168.3777,136.2526,141.7047,210.7892,49.2383,1563.4368
2018-04-10,155.623,259.6909,131.8736,192.6232,118.4377,168.2713,136.2308,141.5841,211.1648,49.6558,1571.6954
2018-04-11,154.302,257.4796,131.1138,192.0693,118.4379,168.298,136.2254,141.8119,214.5213,49.6523,1597.1363
2018-04-12,155.2383,259.4182,130.8058,191.8565,118.4449,168.2166,136.2797,141.6042,211.5526,49.5181,1806.9613
2018-04-13,155.8973,259.5373,131.2508,190.5861,118.4489,168.1936,136.258,141.8253,212.7764,49.8468,1814.6509
2018-04-16,156.1224,261.6098,131.5905,190.7818,118.4414,168.2561,136.2634,141.6913,212.2796,49.6549,1851.611
2018-04-17,156.528,263.2869,131.5312,190.3713,118.4425,168.3788,136.2797,142.0196,212.0736,49.4841,1807.9317
2018-04-18,157.1747,263.7363,132.5486,192.1921,118.4276,168.4237,136.258,142.0865,212.5704,50.4699,1869.5261
2018-04-19,156.6558,262.1467,131.9854,190.982,118.4064,167.9997,136.2689,141.6913,212.0494,50.1463,1898.5849
2018-04-20,156.403,260.6317,132.0836,189.1014,118.406,167.8882,136.2471,141.698,212.3523,50.1829,2030.3435
2018-04-23,157.3483,262.124,132.6847,188.6832,118.3929,167.8081,136.2036,141.4099,211.0921,50.0553,2061.9105
2018-04-24,157.3332,259.9586,132.6847,188.7888,118.387,167.7542,136.2308,141.497,211.7828,50.2588,2250.7194
2018-04-25,156.2838,259.9107,132.1083,186.8359,118.3898,167.7749,136.2634,141.497,211.1891,50.2466,2047.5929
2018-04-26,158.0539,264.057,132.6335,190.6255,118.3948,167.8631,136.2743,141.8923,211.7343,50.6562,2160.7724
2018-04-27,159.0236,265.6593,133.7856,192.7853,118.4124,168.2014,136.3069,141.9727,212.6431,50.9158,2102.9419
2018-04-30,158.0785,263.3289,133.3679,191.1897,118.4009,168.1424,136.3015,141.8856,212.1948,50.9011,2159.9038
2018-05-01,157.7415,264.705,133.3679,190.9075,118.4009,168.1424,136.3015,141.8856,212.1948,51.0559,2138.8332
2018-05-02,159.0288,264.8932,131.3248,190.811,118.4042,168.188,136.3178,141.8387,212.6068,51.4171,2182.4539
2018-05-03,160.2163,265.2064,132.444,191.0452,118.4031,168.2837,136.3069,142.2205,214.0608,51.4171,2310.2941
2018-05-04,161.4542,267.7827,132.3584,191.3009,118.3897,168.2374,136.2961,141.9593,213.9397,51.4171,2292.7358
2018-05-07,160.5676,269.4586,132.3584,190.7334,118.3902,168.3339,136.2797,142.2607,214.8606,51.985,2221.621
2018-05-08,160.7184,269.9385,132.8347,192.1494,118.3824,168.0394,136.2743,141.6042,214.9211,51.6556,2192.7659
2018-05-09,162.6432,274.0601,131.1215,193.5902,118.3726,168.0343,136.2961,141.8588,215.7936,52.2406,2226.5085
2018-05-10,163.7712,277.1054,131.5853,197.9725,118.392,168.1136,136.3124,141.8454,215.8299,52.2406,2163.1261
2018-05-11,163.1027,276.311,133.2348,196.4729,118.3751,168.0475,136.258,142.0799,215.636,52.2406,2007.1203
2018-05-14,162.5494,275.6421,134.1864,196.1519,118.3467,167.787,136.3396,141.8253,214.703,52.2406,2066.5757
2018-05-15,161.7804,274.2247,133.0168,192.4391,118.3348,167.5639,136.2852,141.6846,212.4493,52.1838,2021.1849
2018-05-16,163.5355,277.9472,132.534,197.1598,118.3547,167.5313,136.258,141.1084,212.946,52.1838,2006.1118
2018-05-17,164.1356,277.8043,132.5918,194.2153,118.3597,167.3135,136.2471,141.075,212.8734,52.1838,1940.9505
2018-05-18,163.6997,277.6206,133.2567,192.94,118.3572,167.2305,136.2579,140.7467,213.8791,53.0187,1982.1611
2018-05-21,165.249,280.3876,132.5794,194.5842,118.3836,167.0832,136.2579,140.7467,213.8791,53.0187,2027.4397
2018-05-22,164.9147,280.3876,132.5998,194.8286,118.3783,167.0962,136.2579,140.4318,213.6004,53.5639,1932.3622
2018-05-23,162.643,280.3876,132.7988,194.8091,118.3928,167.1324,136.2362,140.3782,215.2362,53.8139,1816.6711
2018-05-24,163.3463,280.3876,132.3716,195.059,118.3988,167.388,136.2525,140.7065,216.8962,53.9558,1835.9786
2018-05-25,161.7687,280.3876,132.0008,195.6518,118.4409,167.1232,136.1546,140.3983,217.7929,53.7287,1808.1096
2018-05-28,161.7687,280.3876,132.0008,195.6518,118.4852,166.665,136.2471,139.6547,217.5748,53.5469,1729.8955
2018-05-29,158.4939,280.3876,132.1961,192.6733,118.4952,166.0622,136.2036,137.9799,219.6831,54.0297,1821.1489
2018-05-30,162.5769,280.3876,130.1442,195.6773,118.4938,165.7369,136.0021,138.1674,217.5506,53.4901,1818.7517
2018-05-31,160.2693,281.3666,131.2949,193.4475,118.4776,166.6051,136.0375,139.4738,217.7929,53.6605,1820.1013
2018-06-01,161.266,283.3247,129.8772,195.7224,118.4031,166.8555,136.0892,139.7016,216.6175,53.3197,1827.524
2018-06-04,161.9648,284.2384,112.445,198.1241,118.3925,167.4315,136.1055,140.2777,215.6239,52.7915,1824.8187
2018-06-05,161.2192,284.2384,112.445,196.0632,118.421,167.1979,136.1654,139.7619,216.3994,52.8256,1848.7253
2018-06-06,162.4072,284.2384,112.445,198.583,118.3806,166.3272,136.0538,138.5426,215.2847,52.6836,1849.5666
2018-06-07,160.55,284.2384,112.445,194.5663,118.3807,166.3457,136.0647,138.3818,213.9275,52.5984,1846.0952
2018-06-08,160.609,284.5647,112.445,194.0288,118.4297,166.098,136.0865,138.087,215.1514,52.6609,1831.7628
2018-06-11,162.3503,284.5647,112.445,194.2142,118.3813,166.528,136.0021,138.9781,214.8727,52.4791,1660.8602
2018-06-12,161.4997,284.5647,112.445,193.8732,118.3558,166.7112,136.0157,139.0651,214.6303,52.4621,1584.1398
2018-06-13,162.2398,284.5647,112.445,192.9966,118.3585,166.9742,136.032,139.4202,214.8121,52.6666,1531.5596
2018-06-14,161.2855,284.5647,112.445,190.727,118.3813,167.4306,136.1219,140.0634,218.5199,52.7802,1601.9417
2018-06-15,163.4214,288.0892,111.9476,193.1667,118.388,168.032,136.16,140.5792,214.5213,52.1668,1581.7514
2018-06-18,161.6164,288.0892,111.9476,190.3344,118.3896,168.099,136.1981,140.7601,214.4849,52.0134,1645.736
2018-06-19,159.8015,288.2523,111.9476,187.6703,118.4025,168.2947,136.1872,140.9142,214.4243,51.4,1649.3688
2018-06-20,160.411,288.2523,111.9476,189.1686,118.4026,168.258,136.1845,140.9075,214.2305,51.4,1656.9892
2018-06-21,159.1778,288.2523,111.9476,186.662,118.4241,167.8996,136.2335,140.2677,212.7158,51.3092,1646.8974
2018-06-22,160.9655,286.5554,111.9476,188.1597,118.4315,167.7463,136.2226,140.2442,212.5825,51.6136,1485.3659
2018-06-25,157.8841,286.5554,108.5169,184.7467,118.4243,167.6189,136.2607,139.8121,211.0437,50.8582,1518.4934
2018-06-26,157.1857,286.5554,108.5169,183.3716,118.4322,167.003,136.1137,139.4135,210.5711,51.0309,1475.474
2018-06-27,156.5384,283.7815,108.5169,180.6555,118.4222,167.675,136.1682,139.9863,210.7528,51.8408,1497.5566
2018-06-28,158.024,281.6277,108.5169,183.5567,118.4239,167.7861,136.1573,140.271,210.353,51.8408,1446.6095
2018-06-29,159.7119,282.9983,108.5169,186.3194,118.4031,167.9518,136.1573,141.075,208.9716,51.6954,1523.8525
2018-07-02,156.8633,282.9983,108.5169,182.6445,118.4155,168.1318,136.1682,141.3061,208.9474,51.1161,1604.8237
2018-07-03,158.0891,282.9983,108.5169,183.3443,118.394,168.1337,136.1736,141.5439,209.7593,50.781,1589.2577
2018-07-04,158.0891,282.9983,108.5169,183.3443,118.3846,168.2521,136.2008,141.4401,210.2379,50.8184,1603.4432
2018-07-05,159.9307,282.9983,108.5169,182.5573,118.3762,167.8563,136.16,141.2458,209.6138,50.6787,1613.1185
2018-07-06,160.2877,282.9983,108.5169,184.5416,118.3795,168.0263,136.1763,141.2692,207.9235,50.6787,1616.815
2018-07-09,160.5829,282.9983,108.5169,186.9567,118.3481,167.7612,136.1682,141.2525,209.0686,50.6049,1625.5177
2018-07-10,160.9665,282.9983,108.5169,186.4591,118.345,167.9909,136.1899,141.1687,208.3597,50.3925,1525.6179
2018-07-11,158.3751,282.9983,108.5169,183.2885,118.3311,167.9428,136.2144,141.1118,207.1541,49.6962,1545.158
2018-07-12,160.5783,282.9983,106.4687,186.5896,118.3438,168.103,136.2253,141.1419,207.978,49.6962,1511.5493
2018-07-13,160.9821,282.9983,107.8951,186.8918,118.3464,168.2566,136.1926,141.4099,207.3479,49.6678,1515.2055
2018-07-16,160.9408,282.9983,107.8951,185.6586,118.3283,168.2767,136.2362,141.0415,206.0878,48.9578,1635.6999
2018-07-17,160.3831,282.9983,107.8951,186.536,118.3326,168.4365,136.2144,141.296,204.767,48.9578,1771.6433
2018-07-18,161.2979,292.4621,107.8951,187.2226,118.3258,168.6915,136.2362,141.075,205.0457,48.9578,1792.2848
2018-07-19,160.9512,292.4621,107.8951,185.0392,118.331,168.5952,136.209,141.2156,204.2823,49.4406,1816.8328
2018-07-20,161.7515,290.1777,107.8951,187.5333,118.3188,168.3572,136.1708,140.74,204.3308,49.3156,1787.9447
2018-07-23,160.2481,290.1777,108.6413,184.9196,118.2964,168.3702,136.1436,140.4318,203.7976,49.469,1860.881
2018-07-24,161.8313,290.1777,109.5922,188.3963,118.2933,168.2257,136.1028,140.472,204.1975,49.77,2041.291
2018-07-25,163.1894,290.1777,109.9141,191.5987,118.2884,168.3481,136.1818,140.673,205.0942,49.77,1983.8993
2018-07-26,161.4295,290.1777,109.9141,188.632,118.2935,168.3033,136.2308,140.539,205.0699,50.4061,1919.6333
2018-07-27,163.0798,290.1777,109.9141,190.8475,118.2981,168.2012,136.1763,140.4251,204.8034,50.3948,1987.169
2018-07-30,163.3145,290.1777,109.9141,190.2624,118.2557,167.5049,136.2144,140.137,203.6401,50.3664,1987.9437
2018-07-31,163.1091,290.8304,109.9141,190.5184,118.2322,167.6417,136.2362,140.4318,203.5916,50.4799,1883.1457
2018-08-01,162.2315,291.222,109.9141,189.107,118.2254,167.2793,136.2308,139.7954,203.4462,49.9404,1848.3106
2018-08-02,161.1513,291.222,109.9141,186.9771,118.2278,167.1056,136.2144,139.4939,203.5553,50.4118,1838.0403
2018-08-03,162.6032,291.222,109.7531,189.7253,118.2612,167.469,136.2036,139.5877,204.5974,50.6787,1818.2436
2018-08-06,162.0545,291.222,109.7531,188.6523,118.2457,167.3363,136.2036,139.8557,203.9673,50.8889,1703.7021
2018-08-07,163.2816,291.222,109.7531,190.6579,118.2413,167.3315,136.2036,139.8155,203.7492,50.8889,1655.6233
2018-08-08,162.536,291.222,110.0604,189.6626,118.2333,167.3917,136.2308,139.7619,203.1433,50.6163,1539.9706
2018-08-09,161.8881,291.222,110.0604,188.9782,118.259,167.3731,136.2579,139.8959,204.4519,50.7071,1602.9804
2018-08-10,159.4536,291.222,110.0604,186.3465,118.2857,167.1387,136.2907,139.8691,207.1298,51.4,1520.7558
2018-08-13,160.7708,291.222,110.0604,185.3615,118.2853,166.8286,136.2689,139.3063,204.1127,50.5935,1566.0663
2018-08-14,160.257,291.222,110.0604,186.3686,118.2744,166.8683,136.2579,139.4939,205.3123,51.0025,1540.6766
2018-08-15,158.3333,299.2498,110.0604,181.9112,118.2805,167.0636,136.2634,139.1723,202.6586,50.1108,1575.5643
2018-08-16,159.5712,300.8163,110.0604,183.0734,118.2727,166.9072,136.2743,139.2393,201.6771,50.3664,1582.3078
2018-08-17,160.0879,299.3151,110.0604,184.5612,118.2754,166.7928,136.2525,139.2393,201.4106,50.3777,1639.8135
2018-08-20,160.3389,299.9678,110.0604,184.3168,118.2748,167.0038,136.2362,139.6547,202.1739,50.3664,1562.8928
2018-08-21,161.3372,299.9678,110.0604,185.7931,118.2484,167.5457,136.2199,139.8691,200.9986,50.3664,1600.0418
2018-08-22,160.6869,299.9678,110.0604,185.8827,118.2344,167.3638,136.1926,139.6145,200.8411,50.3664,1560.8113
2018-08-23,159.4961,297.2266,110.0604,182.7493,118.223,167.2469,136.1708,139.5542,200.1383,49.7814,1598.4152
2018-08-24,161.4655,298.3361,108.5096,186.8084,118.2081,167.0729,136.2362,139.4805,202.2103,49.7814,1649.5882
2018-08-27,162.0077,299.2498,108.5096,187.7619,118.1995,166.7728,136.1546,139.2259,201.7498,49.7814,1674.6992
2018-08-28,161.3012,299.2498,108.5096,186.5233,118.1863,166.6947,136.16,139.0852,201.0349,49.327,1721.0531
2018-08-29,162.0118,300.4899,108.5096,187.5495,118.1746,166.693,136.1382,139.1723,200.5018,49.4008,1708.0221
2018-08-30,160.1827,300.4899,108.5096,182.3705,118.2108,166.2913,136.1546,139.2862,200.5624,49.5542,1688.646
2018-08-31,159.081,301.2731,108.5096,184.0129,118.2096,166.321,136.1654,138.9981,201.5075,49.8949,1709.5888
2018-09-03,159.081,302.2521,108.5096,184.0129,118.2037,166.3803,136.16,139.1321,201.2773,49.7984,1773.3031
2018-09-04,158.4516,302.2521,108.5096,181.1964,118.1758,166.7048,136.1328,139.4738,200.7562,49.7814,1795.8873
2018-09-05,157.8535,298.0098,108.5096,179.0313,118.1424,167.2594,136.0593,139.5073,200.6835,49.7814,1661.2589
2018-09-06,156.4863,298.0098,108.5096,178.4534,118.1518,167.1541,136.0674,139.7485,200.9622,49.0714,1590.099
2018-09-07,155.5011,298.0098,108.5096,177.7873,118.1391,167.0588,136.0701,139.4805,201.459,49.3497,1577.0278
2018-09-10,157.7172,299.1846,108.5096,176.931,118.117,167.404,136.0593,139.8758,200.938,49.4406,1551.4034
2018-09-11,157.2715,299.1846,108.5096,176.785,118.1071,167.1778,136.062,139.8088,200.6351,49.469,1544.663
2018-09-12,157.979,299.1846,108.5096,177.6834,118.1196,167.2084,136.062,139.8691,201.2894,49.7814,1552.1224
2018-09-13,158.66,299.1846,108.5096,179.5708,118.1125,167.0725,136.0865,139.7954,200.6956,49.0998,1588.0232
2018-09-14,157.4455,301.3384,108.5096,178.4401,118.0989,166.8486,136.0947,139.4001,199.9444,48.9862,1578.4134
2018-09-17,158.6354,301.3384,108.5096,177.7793,118.089,167.1422,136.1001,139.7887,200.5624,48.7761,1530.5278
2018-09-18,158.9352,301.3384,108.5096,178.8717,118.0839,166.8611,136.1219,139.8222,199.908,48.8726,1547.1382
2018-09-19,159.1549,301.3384,108.5096,181.1758,118.076,166.61,136.1546,139.514,200.7805,49.327,1552.3206
2018-09-20,161.8483,300.6205,111.7721,183.26,118.0808,166.6317,136.1382,139.4604,199.6415,49.327,1582.4279
2018-09-21,160.316,300.6205,111.8159,182.5277,118.0898,166.7863,136.1546,139.7619,198.5994,49.327,1620.6148
2018-09-24,160.0119,300.6205,110.9967,180.8413,118.058,166.3003,136.1546,139.2996,198.8175,49.9233,1590.4015
2018-09-25,160.7694,300.6205,110.9967,181.5307,118.0487,166.2742,136.0974,139.3599,198.9872,50.0369,1554.2308
2018-09-26,160.4386,300.4246,110.9967,181.7532,118.041,166.3651,136.0538,139.7217,198.0299,50.0653,1564.5693
2018-09-27,159.964,300.4246,110.9967,182.8686,118.0447,166.178,136.0701,139.6145,197.4967,50.0653,1610.3562
2018-09-28,159.5619,300.4246,114.0543,183.3762,118.0711,166.0848,136.0947,138.8776,200.005,50.8889,1617.795
2018-10-01,160.1158,300.4246,114.0543,183.9249,118.0694,165.9789,136.1219,138.4019,200.0898,51.5136,1608.9475
2018-10-02,159.4735,300.4246,114.0543,182.0476,118.0909,165.841,136.1273,138.2947,203.3735,52.2236,1604.6088
2018-10-03,160.3445,300.4246,114.0543,180.9479,118.0763,166.0122,136.1273,138.2947,203.3735,52.2236,1595.0682
2018-10-04,159.355,300.4246,111.9184,177.5882,118.0517,165.5814,136.0729,138.1741,203.3735,52.5075,1623.8486
2018-10-05,157.5441,300.4246,111.9184,176.2967,118.0513,165.2261,136.0674,137.6985,203.3735,52.5075,1629.2246
2018-10-08,155.9058,300.4246,111.9184,176.4865,118.0704,165.0368,136.0756,137.2965,200.9865,52.394,1635.9027
2018-10-09,156.1484,300.4246,111.9184,176.2749,118.0683,164.9859,136.0892,137.5645,201.7741,52.5927,1637.5913
2018-10-10,152.7882,300.4246,111.9184,170.85,118.0538,165.201,136.0565,137.5176,200.8168,52.5927,1621.702
2018-10-11,150.5769,300.4246,111.9184,168.7343,118.0795,164.9499,136.0511,137.3032,205.1669,51.3716,1537.0857
2018-10-12,150.3483,286.4575,111.9184,172.8367,118.0983,165.0384,136.0348,137.2563,205.3244,51.684,1533.9997
2018-10-15,150.7428,286.6533,106.4614,171.5708,118.117,165.1944,136.1083,137.2697,206.3422,51.684,1618.1701
2018-10-16,153.1478,289.1334,106.4614,175.3875,118.1227,165.6393,136.0511,137.799,206.524,51.684,1613.5788
2018-10-17,151.7436,289.1334,106.4614,173.3637,118.1288,166.1173,136.0565,137.7052,207.1904,51.9964,1602.0678
2018-10-18,150.227,289.5903,106.4614,169.9028,118.1428,165.2597,136.0865,137.33,207.9296,51.7976,1595.7489
2018-10-19,151.8001,289.5903,106.4614,172.1139,118.1685,164.9917,136.0456,137.3903,208.1113,51.8828,1598.6443
2018-10-22,150.0573,289.5903,106.4614,173.2319,118.1436,165.2208,136.0729,137.7387,207.4449,51.843,1597.1289
2018-10-23,149.4205,289.5903,106.4614,171.9522,118.1549,165.3233,136.0729,137.5042,209.3594,51.5704,1600.0974
2018-10-24,145.1201,289.5903,106.4614,166.3263,118.1663,165.2748,136.0021,137.1692,210.1834,51.7692,1604.3277
2018-10-25,148.0601,289.5903,106.4614,170.6321,118.1695,165.9876,135.9612,137.4305,210.6801,51.7692,1609.8679
2018-10-26,147.6128,280.2571,106.4614,168.9865,118.1844,166.0947,135.9367,137.7253,212.1827,51.7408,1612.5121
2018-10-29,147.4873,280.2571,106.4614,165.7545,118.1654,166.1502,135.9966,138.1138,210.1955,51.4568,1574.2288
2018-10-30,149.1154,280.2571,103.0234,169.3175,118.1752,165.7763,135.9395,137.8124,209.6502,51.0593,1577.7595
2018-10-31,150.7298,280.2571,103.0234,171.603,118.151,166.2768,135.9858,138.0133,209.0928,51.1161,1577.7452
2018-11-01,153.5765,287.4365,103.594,178.2037,118.141,166.0779,135.9858,138.0066,210.8134,50.8605,1596.9464
2018-11-02,152.5551,287.4365,103.594,177.9842,118.1317,166.0151,135.9504,138.154,210.8983,51.0877,1587.4689
2018-11-05,152.6027,287.4365,103.594,178.5534,118.1132,166.3094,135.9585,138.3081,210.3045,51.258,1596.0272
2018-11-06,152.7158,289.3945,103.594,178.0083,118.1176,166.0228,135.9531,138.0736,209.3594,50.8321,1604.1472
2018-11-07,154.4243,289.3945,103.594,180.9571,118.085,166.1059,135.9477,138.2545,208.5354,50.5083,1617.6841
2018-11-08,152.6068,296.7697,103.594,176.3311,118.0851,166.0343,135.9422,138.0,208.911,50.6901,1599.3748
2018-11-09,152.7907,296.7697,103.594,174.0691,118.0975,166.172,135.9395,138.1339,207.8326,50.6901,1591.6357
2018-11-12,150.1388,293.5063,103.594,172.2774,118.1022,166.1872,135.9585,138.1272,208.6081,51.4,1594.143
2018-11-13,152.4509,294.7464,103.594,175.6739,118.0912,166.0835,135.9259,137.7856,207.8084,50.8037,1604.1703
2018-11-14,151.7532,290.1777,103.594,175.5211,118.0863,165.9698,135.9095,137.4841,207.0814,51.5023,1437.5374
2018-11-15,151.4527,289.7861,103.594,179.4231,118.1091,165.9388,135.885,137.5578,208.7899,51.1161,1414.8308
2018-11-16,151.2196,289.7861,103.9743,179.5674,118.1026,165.8538,135.7815,137.4171,208.5839,51.1161,1395.0632
2018-11-19,148.7085,289.7861,103.9743,175.7704,118.0885,165.5999,135.787,137.0285,208.1356,51.1161,1209.3889
2018-11-20,145.4363,289.7861,103.9743,171.3642,118.0979,165.48,135.6618,136.8142,209.2503,50.7185,1101.2535
2018-11-21,148.6417,289.7861,103.9743,175.8003,118.0883,165.9897,135.6781,136.9013,209.7471,50.7185,1146.7008
2018-11-22,148.6417,289.7861,103.9743,175.8003,118.0754,166.0646,135.7244,136.975,209.735,50.7185,1086.3189
2018-11-23,146.9956,289.7861,104.1353,173.2771,118.0782,166.3398,135.708,136.1777,210.256,50.3096,1080.2294
2018-11-26,150.2378,289.7861,104.1353,176.4318,118.0594,166.7863,135.6073,137.1089,210.0258,49.6394,944.5406
2018-11-27,149.4454,287.9586,104.1353,177.7222,118.0723,166.7716,135.7298,137.129,209.3351,49.6394,955.2712
2018-11-28,152.0366,290.4388,104.1353,182.5346,118.0685,166.8046,135.6835,137.062,209.6623,49.6394,1067.7137
2018-11-29,150.3775,292.0705,104.1353,179.8402,118.0818,167.3342,135.659,137.6047,209.8319,50.1903,1066.5037
2018-11-30,149.1011,294.5506,106.637,179.2833,118.0729,167.2748,135.6427,137.799,210.0137,50.1903,999.1765
2018-12-03,151.5417,297.9445,106.637,183.7204,118.0648,167.5403,135.6563,138.1741,211.7707,50.7923,972.8642
2018-12-04,147.7081,297.9445,106.637,179.6191,118.0764,167.6128,135.6236,138.4488,212.5825,51.1161,987.4454
2018-12-05,147.7081,290.243,106.637,179.6191,118.0742,167.8418,135.6263,138.5895,212.4129,51.1331,937.801
2018-12-06,145.9502,282.4762,106.637,178.046,118.0917,167.7361,135.5937,138.1875,212.7279,50.0426,879.1422
2018-12-07,144.1977,283.8468,106.637,174.3218,118.0662,167.5105,135.4847,138.4354,213.0309,51.1161,851.9551
2018-12-10,142.6207,283.8468,106.637,172.0896,118.0344,167.5921,135.4357,138.4019,213.6488,51.1161,870.5566
2018-12-11,143.7019,285.8048,101.5312,174.076,118.0603,167.6669,135.3186,138.3416,213.976,50.7639,854.482
2018-12-12,146.7806,287.4365,101.5312,177.4442,118.0443,167.8623,135.4684,138.6431,213.6852,50.4856,872.6111
2018-12-13,145.7823,287.4365,101.5312,176.6149,118.0572,167.9195,135.5555,138.6833,213.2975,50.3323,825.5781
2018-12-14,143.7284,287.4365,102.2919,174.2736,118.0812,167.955,135.6154,138.7436,213.8791,50.2187,808.5394
2018-12-17,143.0887,278.1685,102.2919,173.5356,118.0905,168.0099,135.659,138.6833,213.358,49.3724,888.701
2018-12-18,142.6228,274.2525,102.2919,174.0385,118.0933,168.1299,135.6345,138.6364,213.8427,48.7193,922.7624
2018-12-19,141.315,273.7957,100.0974,170.7636,118.0806,168.1439,135.5882,138.9981,214.0245,48.5375,933.1166
2018-12-20,140.5018,265.6373,97.742,171.8812,118.0796,168.3656,135.7353,138.9781,214.6425,48.2933,1028.6128
2018-12-21,138.004,265.572,96.1181,169.6817,118.0882,168.2349,135.5827,138.1406,214.8484,48.0207,963.7286
2018-12-24,137.3605,265.572,96.1181,169.338,118.0882,168.2349,135.5827,138.1406,214.8484,48.0207,1016.2106
2018-12-25,137.3605,265.572,96.1181,169.338,118.0882,168.2349,135.5827,138.1406,214.8484,48.0207,948.0605
2018-12-26,140.2539,265.572,96.1181,172.0644,118.0882,168.2349,135.5827,138.1406,214.8484,48.0207,957.4757
2018-12-27,140.2793,261.5254,96.1181,172.6633,118.0766,168.2657,135.7162,138.3282,217.6354,47.3732,911.5482
2018-12-28,140.7614,268.1174,96.952,173.2434,118.0761,168.1931,135.7053,138.1004,217.3446,47.1631,972.6896
2018-12-31,141.2913,268.1174,96.952,172.3147,118.0761,168.1931,135.7053,138.1004,217.3446,47.1631,927.0468
2019-01-01,141.2913,268.1174,96.952,172.3147,118.0761,168.1931,135.7053,138.1004,217.3446,47.1631,947.6192
2019-01-02,140.2398,270.0754,98.2687,172.4278,118.0279,168.72,135.6808,138.0669,220.5071,47.3562,974.9064
2019-01-03,140.9617,265.7678,97.8152,171.4496,118.0039,168.2336,135.6454,137.6114,220.495,46.9245,960.5705
2019-01-04,144.2614,271.0544,99.6878,175.8451,117.9776,168.0598,135.5937,137.4439,219.2106,47.7367,959.6351
2019-01-07,144.6575,274.5136,100.156,175.9447,117.95,168.1569,135.5447,137.3501,218.7744,47.873,999.6101
2019-01-08,144.9428,274.5136,100.5802,175.5421,117.9407,167.9406,135.4983,137.263,218.7138,47.9923,994.9585
2019-01-09,147.0704,274.5136,100.7119,179.0327,117.9304,168.3713,135.4956,137.9597,218.011,48.1854,998.1147
2019-01-10,145.9845,274.5136,100.7119,178.7672,117.9383,168.7175,135.433,138.1406,218.1079,48.1229,902.1804
2019-01-11,145.9464,274.5136,100.7119,178.5864,117.9349,168.9406,135.4793,138.1808,218.9682,48.3387,907.7715
2019-01-14,145.8579,274.5136,100.7119,177.8681,117.9276,169.0396,135.5201,138.2813,219.0409,48.5091,916.3519
2019-01-15,145.8696,274.5136,100.7119,178.9021,117.9408,169.1788,135.58,138.154,220.2406,48.884,896.7165
2019-01-16,146.848,274.5136,100.7119,181.9908,117.9241,169.1758,135.6154,138.3416,221.0524,49.2418,907.1587
2019-01-17,147.7019,274.5136,100.7119,183.087,117.9101,169.248,135.6536,138.1674,221.0524,49.0203,914.5065
2019-01-18,149.5234,289.3945,100.7119,184.0606,117.911,169.2641,135.6971,138.6096,220.0467,49.7132,909.7895
2019-01-21,149.5234,289.3945,100.7119,184.0606,117.8967,169.1688,135.7108,138.2009,219.4529,49.5542,891.56
2019-01-22,147.8709,289.3945,100.7119,181.242,117.9003,169.3419,135.7407,138.1875,219.768,49.5542,898.3805
2019-01-23,149.0808,289.3945,100.7119,183.1917,117.893,169.3207,135.7434,138.3349,219.8165,49.0828,893.9484
2019-01-24,148.5596,289.3945,100.7119,184.5751,117.879,169.6482,135.6999,138.891,220.3496,49.3554,895.9658
2019-01-25,151.1571,289.3945,100.7119,188.2477,117.8804,170.0632,135.7434,139.0584,222.0097,49.3838,901.6084
2019-01-28,149.1395,289.3945,100.7119,184.6599,117.8673,169.9958,135.7815,138.6833,221.8885,48.6,861.6377
2019-01-29,149.6744,289.3945,100.7119,184.6951,117.8515,169.7132,135.7734,138.6766,223.2456,49.0033,854.8226
2019-01-30,150.9707,284.8911,100.7119,188.6247,117.8416,169.6828,135.7897,138.7771,223.7181,49.4235,863.8542
2019-01-31,150.1099,284.8911,100.7119,189.3477,117.8445,169.8937,135.9613,139.1656,224.7118,49.4974,852.9199
2019-02-01,150.7842,284.8911,103.1697,188.4798,117.8511,170.0296,135.9177,138.6431,223.7303,49.2191,863.2238
2019-02-04,151.1145,291.222,103.1697,188.6933,117.8324,169.2203,135.9504,138.623,224.0453,49.4179,855.667
2019-02-05,152.7028,293.8327,103.1697,191.6103,117.8251,169.4711,136.0484,138.5091,224.4573,49.5428,858.873
2019-02-06,152.5019,293.8327,103.1697,189.4433,117.7986,169.807,136.0538,138.3617,224.6633,49.6507,847.7967
2019-02-07,150.8103,293.8327,101.7945,188.2668,117.8137,169.6859,135.9558,137.9597,224.8935,49.1112,847.5119
2019-02-08,150.6149,293.8327,100.8289,187.6501,117.8115,169.6192,135.9477,137.5779,226.0446,49.2759,916.3461
2019-02-11,150.5437,295.0727,100.8289,187.2666,117.7943,169.8406,135.9313,137.6784,226.1537,49.1736,912.9287
2019-02-12,152.8273,295.0727,100.8289,189.5833,117.7874,169.7771,135.9558,137.8727,225.5963,49.1736,917.8692
2019-02-13,152.0188,295.0727,100.8289,187.3174,117.7794,170.042,135.9776,138.1674,226.7474,49.5826,908.0014
2019-02-14,152.9596,298.9235,103.2429,188.8351,117.7839,170.2076,135.9939,138.2076,226.493,49.3951,909.7998
2019-02-15,154.9023,298.9235,104.501,188.0586,117.7797,170.0237,136.0103,138.2612,227.4866,49.912,908.3363
2019-02-18,154.9023,298.9235,104.3255,188.0586,117.7787,170.295,136.0457,138.5694,228.5165,50.0881,982.0844
2019-02-19,155.5272,298.9235,104.3255,189.2547,117.7966,170.1809,136.0757,138.5292,230.0191,49.9688,988.7355
2019-02-20,155.8634,298.9235,104.3255,189.8045,117.7904,170.1579,136.0593,138.3282,230.5401,50.1846,999.2005
2019-02-21,155.1143,298.9235,104.3255,189.3482,117.772,169.9269,136.0457,138.154,228.8316,50.3834,987.4923
2019-02-22,155.7169,298.9235,104.3255,191.4952,117.7849,170.1921,136.0293,138.1138,228.6135,50.5481,1000.626
2019-02-25,156.0499,298.9235,104.3255,193.644,117.7588,170.251,136.0266,138.3751,227.8501,50.0029,970.0075
2019-02-26,156.8728,303.9491,104.3255,192.5475,117.7605,170.579,136.0375,138.3885,227.4623,49.9063,960.7871
2019-02-27,155.8778,303.9491,105.8177,190.4752,117.7441,169.8432,136.0566,137.866,226.2143,50.2244,957.8012
2019-02-28,156.3183,302.8395,105.8177,188.2088,117.7354,169.6635,136.043,137.9464,225.051,49.9688,959.8232
2019-03-01,157.5215,302.8395,105.8177,188.542,117.7236,169.5201,136.1546,138.1071,223.1002,49.6507,961.5867
2019-03-04,156.8445,302.8395,105.8177,188.7675,117.7158,169.6119,136.1764,138.5292,221.4401,49.8836,936.9616
2019-03-05,157.5833,302.8395,105.8177,191.2792,117.7228,169.7832,136.141,138.6498,221.3796,50.1221,973.8444
2019-03-06,157.6815,302.8395,105.8177,190.7198,117.7208,170.1519,136.1655,139.1053,221.4038,49.8495,978.3465
2019-03-07,155.0877,303.688,105.8177,187.0794,117.7515,171.0659,136.1764,139.8356,223.1971,50.1165,979.638
2019-03-08,156.7787,300.2288,105.8177,187.6598,117.7392,171.1444,136.1655,139.2058,225.2328,49.8552,987.1377
2019-03-11,157.6052,300.2288,105.8177,190.5949,117.7351,171.1888,136.1709,139.1589,224.1422,49.9347,985.1752
2019-03-12,157.1708,300.2288,105.8177,191.1271,117.7369,171.0068,136.2091,139.3465,223.9605,49.9972,983.818
2019-03-13,158.6335,300.2288,105.8177,190.873,117.7351,170.9158,136.258,139.4537,225.463,50.3096,980.7467
2019-03-14,158.6391,307.7998,104.3986,189.1139,117.7319,171.0771,136.2798,139.7083,223.2941,50.3436,981.386
2019-03-15,160.6918,307.7998,104.3986,192.2602,117.7224,171.1317,136.3125,139.6279,224.118,50.338,992.5109
2019-03-18,161.2055,308.322,105.3934,194.2067,117.7093,171.081,136.3561,139.8289,224.2634,50.4572,1009.4342
2019-03-19,161.4998,308.322,105.4958,194.0144,117.7017,170.9558,136.3234,139.6145,224.2513,50.4856,1017.6408
2019-03-20,161.41,308.322,105.4958,194.0066,117.6991,170.9732,136.3343,139.7552,223.2698,50.6503,1020.0324
2019-03-21,159.7091,308.322,105.2033,193.0313,117.7149,171.4416,136.3507,140.3916,223.912,50.6503,999.093
2019-03-22,156.7109,308.322,105.0423,188.2501,117.7417,171.4716,136.3779,140.2576,226.4687,50.5197,1002.4051
2019-03-25,157.8267,303.8838,104.384,190.016,117.7404,171.2352,136.3615,139.9562,227.7531,50.6447,994.1525
2019-03-26,158.0806,303.8838,106.3736,190.2609,117.7278,171.2095,136.3452,139.849,226.8686,50.8548,997.9123
2019-03-27,159.0402,303.8838,106.3736,188.893,117.7988,171.7329,136.4323,139.8289,226.9413,50.6503,1027.1682
2019-03-28,158.5642,303.8838,106.4614,190.5365,117.7666,171.4758,136.4215,139.5542,223.8272,50.4856,1024.7532
2019-03-29,159.6155,303.8838,106.5931,192.8826,117.776,171.4431,136.4922,139.6949,224.9299,50.6958,1034.1213
2019-04-01,161.7886,303.8838,107.6464,196.1812,117.7632,171.3573,136.416,139.6413,224.5179,51.0479,1049.7898
2019-04-02,162.7363,303.8838,107.0905,195.8678,117.77,171.2662,136.5086,139.8088,224.8814,51.0877,1233.9826
2019-04-03,164.2558,303.8838,107.5587,197.252,117.7462,171.3921,136.4922,139.4805,223.706,51.082,1257.7475
2019-04-04,163.1805,303.8838,107.427,197.7078,117.7416,171.8746,136.4868,139.648,223.706,51.258,1240.2747
2019-04-05,163.9338,317.851,107.427,199.6077,117.7303,171.5498,136.4759,139.8758,224.3846,51.3432,1271.3502
2019-04-08,164.2046,316.3498,107.2368,199.7197,117.7247,171.9566,136.4759,139.9964,224.5179,51.4398,1335.9842
2019-04-09,162.7162,314.5223,106.9588,198.6619,117.7168,171.192,136.4759,140.0767,225.463,51.3092,1310.2573
2019-04-10,163.2467,315.6972,106.7979,199.417,117.7328,171.5411,136.465,140.3045,226.3476,51.5875,1339.1105
2019-04-11,163.168,315.6972,106.7979,197.1002,117.7271,172.0828,136.5086,140.2107,223.9241,51.3205,1272.6288
2019-04-12,164.4651,315.6972,106.7979,198.81,117.7013,171.8106,136.4977,139.8691,222.5791,51.1331,1280.7121
2019-04-15,164.1163,315.6972,106.5346,197.0041,117.6922,171.235,136.5522,139.8289,222.0581,50.957,1270.0711
2019-04-16,164.2365,315.6972,107.3538,198.4795,117.6996,171.5162,136.5358,139.7351,219.877,50.798,1312.3082
2019-04-17,165.0891,315.6972,107.1636,199.4109,117.6998,171.0546,136.5249,139.7083,219.6589,50.7185,1318.7351
2019-04-18,164.4682,315.6972,107.9537,199.0631,117.6954,171.4705,136.6229,140.1839,220.7979,50.8434,1328.9716
2019-04-19,164.4682,315.6972,107.9537,199.0631,117.6954,171.4705,136.6229,140.1839,220.7979,50.8434,1337.5768
2019-04-22,165.3861,315.6972,107.9537,198.6926,117.6954,171.4705,136.6229,140.1839,220.7979,50.8434,1360.634
2019-04-23,164.9959,315.6972,107.9537,198.8861,117.6899,171.1394,136.5413,139.9361,220.5677,50.9854,1402.429
2019-04-24,164.4623,315.6972,107.9537,196.8019,117.7022,171.6173,136.5848,140.1303,222.0823,51.0195,1379.6179
2019-04-25,165.2373,315.6972,108.495,197.7807,117.7061,171.3638,136.6339,139.8557,223.597,51.1956,1323.7632
2019-04-26,165.8446,315.6972,108.495,198.8467,117.7048,171.5101,136.6012,139.7619,224.7723,50.7582,1343.2551
2019-04-29,166.3348,315.6972,108.495,199.0149,117.6872,171.9756,136.5522,140.05,223.1971,50.5424,1333.5084
2019-04-30,166.5329,323.2681,108.495,198.2131,117.6843,171.9831,136.5141,140.4854,223.2819,50.4288,1355.5334
2019-05-01,164.7332,323.2681,108.495,196.1828,117.6843,171.9831,136.5141,140.4854,223.2819,50.4288,1364.9335
2019-05-02,164.3896,323.2681,108.495,196.8996,117.687,172.1868,136.5086,140.3246,221.2463,49.929,1392.7385
2019-05-03,166.4668,323.2681,108.495,199.729,117.6881,172.1801,136.5576,140.3648,222.9306,50.1619,1462.8374
2019-05-06,164.7301,321.767,108.495,195.4047,117.6787,172.1448,136.5685,140.1638,222.6155,49.7018,1455.7936
2019-05-07,161.4497,321.767,108.495,191.2953,117.6976,172.3638,136.5957,140.2442,223.597,49.5031,1474.6275
2019-05-08,162.4119,317.2636,106.1688,191.2091,117.7133,172.303,136.5086,140.1236,222.8094,49.4576,1514.7771
2019-05-09,161.3212,317.2636,106.1688,188.0655,117.725,172.2071,136.4977,139.6681,222.8942,48.8556,1562.3954
2019-05-10,162.2312,310.4105,106.1688,188.7917,117.7077,172.0719,136.4541,139.5676,223.1244,49.1452,1610.6802
2019-05-13,158.1553,310.4105,104.2816,182.2622,117.7091,172.1481,136.4541,139.6547,224.9662,48.8556,1970.767
2019-05-14,159.7285,310.4105,104.2816,184.8866,117.7206,171.8464,136.4323,139.3934,225.0389,49.753,2016.7358
2019-05-15,160.8447,314.4571,106.1688,185.7101,117.7367,171.9365,136.4487,139.4202,225.2813,50.0483,2075.0866
2019-05-16,162.1774,320.3964,106.1688,184.7637,117.7102,172.2473,136.4269,139.6078,223.9847,50.4232,1993.6017
2019-05-17,161.619,320.3964,107.1344,181.9784,117.7041,172.4491,136.4378,139.715,222.6882,50.2357,1862.4108
2019-05-20,160.6303,315.893,106.081,181.3442,117.6925,172.2827,136.4214,139.4336,222.7851,50.2528,2024.7903
2019-05-21,161.7512,315.893,106.3736,183.5961,117.6794,172.3125,136.4378,139.5341,222.4459,50.3096,2020.4014
2019-05-22,161.1823,315.893,105.8909,182.6924,117.6732,172.3776,136.3833,139.7753,222.8821,49.7984,1948.5343
2019-05-23,159.4531,315.893,105.8909,180.554,117.6887,172.5466,136.3397,139.581,224.2877,49.1566,2002.0737
2019-05-24,160.8921,313.4128,105.9201,180.2653,117.6832,172.7568,136.3287,139.8222,223.2819,49.1566,2023.6046
2019-05-27,160.8921,313.4128,106.4468,180.2653,117.6854,172.7211,136.3451,139.9026,223.7666,49.5428,2225.958
2019-05-28,158.9668,314.7182,106.4468,180.7473,117.6865,172.2604,136.3451,139.4135,222.9548,49.7246,2207.3782
2019-05-29,157.8892,314.7182,105.4081,182.2962,117.6908,172.8873,136.3397,140.2576,224.3361,49.9972,2196.6093
2019-05-30,159.2024,314.7182,105.4081,183.8389,117.6919,172.8902,136.3342,140.2442,225.2207,49.9745,2116.6772
2019-05-31,157.8493,314.7182,105.4081,184.576,117.7227,173.1157,136.3397,140.4385,227.3412,49.4179,2182.7778
2019-06-03,158.3503,305.2544,104.4425,185.5383,117.6936,173.383,136.3233,140.6261,229.2557,48.6171,2081.7071
2019-06-04,159.3248,305.2544,104.6473,184.75,117.6844,173.7331,136.3451,140.9075,229.0254,48.6227,1942.0439
2019-06-05,159.1561,310.7369,105.1594,183.1435,117.6978,173.8157,136.3724,141.0816,230.0069,47.9696,1970.0346
2019-06-06,160.3445,310.7369,104.7936,183.6414,117.6683,173.9398,136.3996,141.008,230.6249,47.7026,1973.8674
2019-06-07,161.7744,310.7369,105.5544,184.3003,117.6902,174.5788,136.4868,141.5975,230.8067,47.8446,2021.3226
2019-06-10,161.3869,310.7369,105.5544,185.5066,117.6726,174.1536,136.4868,141.5975,230.8067,47.8446,2002.6081
2019-06-11,162.4501,310.7369,106.7394,187.6359,117.6786,174.3364,136.5196,141.3831,228.3105,47.9185,1984.7909
2019-06-12,161.224,310.7369,105.7592,185.4424,117.6813,174.1538,136.6013,140.8673,229.8252,48.0945,2037.3511
2019-06-13,161.8856,310.7369,105.7153,185.6863,117.6802,174.172,136.5522,140.9611,231.5579,48.3899,2064.8076
2019-06-14,160.7694,310.7369,106.1688,183.8779,117.6939,174.4027,136.5741,140.8874,234.3085,48.9237,2183.8643
2019-06-17,161.4959,320.2006,106.3736,185.6471,117.6799,174.3106,136.5468,140.9209,232.4303,48.7704,2354.4756
2019-06-18,163.8738,324.1819,107.6318,190.0073,117.7613,175.3042,136.7703,143.1785,234.5872,49.2872,2292.6601
2019-06-19,164.9289,324.1819,107.8805,192.0446,117.7369,175.1605,136.7539,143.1115,233.63,48.9692,2346.5871
2019-06-20,165.8522,324.3777,108.6413,194.1618,117.7654,175.3226,136.7648,144.0495,239.2523,49.3554,2402.1294
2019-06-21,164.8929,324.3777,107.7196,192.5496,117.7341,174.9499,136.8466,143.5604,240.1005,49.1964,2544.8611
2019-06-24,163.9609,322.2891,106.8711,190.7743,117.7316,175.0879,136.7975,143.5001,241.9786,48.9124,2740.62
2019-06-25,162.5128,320.0048,106.9442,188.551,117.7394,175.2748,136.7812,143.3929,244.3415,49.4747,2930.7038
2019-06-26,163.2157,320.0048,106.6223,190.843,117.7335,175.2762,136.7485,143.2388,241.7605,49.6678,3243.8934
2019-06-27,163.177,320.0048,106.9735,192.1039,117.7286,175.2269,136.7212,143.2388,240.7063,49.611,2785.7966
2019-06-28,164.3104,319.3521,107.2953,191.8662,117.7365,175.3248,136.7539,143.5671,241.6636,49.7018,3091.3354
2019-07-01,165.0252,324.6388,109.2118,194.2835,117.7384,175.7139,136.7594,144.1098,239.6158,49.1566,2638.6887
2019-07-02,166.4897,325.0956,109.6654,195.1216,117.7527,176.0697,136.8357,144.17,241.6151,48.725,2711.6652
2019-07-03,167.7031,325.0956,110.5139,194.6644,117.7438,176.5394,136.8902,145.3156,245.0079,49.168,3001.2791
2019-07-04,167.7031,325.0956,110.587,194.6644,117.7465,176.5812,136.8848,145.2285,244.3536,49.3156,2815.409
2019-07-05,166.1221,329.8601,110.2505,193.438,117.7309,176.026,136.8902,145.3022,243.0328,49.6962,2756.4492
2019-07-08,166.1982,329.8601,109.9433,193.2668,117.7238,176.1292,136.8357,145.0678,242.7178,49.5712,3100.7823
2019-07-09,165.668,329.8601,108.9924,192.8726,117.7092,175.9642,136.8084,144.9137,243.0328,49.5826,3176.6389
2019-07-10,166.2995,329.8601,109.1972,194.6401,117.6988,175.6789,136.7921,145.0611,243.881,50.2073,3073.3482
2019-07-11,165.4614,329.8601,109.5191,193.404,117.7026,175.6484,136.803,144.9472,244.3294,50.3948,2858.733
2019-07-12,165.6169,329.8601,109.402,193.6506,117.7057,175.2363,136.803,144.7931,244.0022,50.6333,2975.5393
2019-07-15,165.5696,329.8601,109.68,194.0346,117.7053,175.5947,136.8084,145.3491,244.3778,50.4913,2738.8509
2019-07-16,165.1768,332.993,109.2557,193.9409,117.7103,175.7914,136.8357,145.4429,244.9352,50.4856,2384.7026
2019-07-17,165.5112,332.993,109.3435,194.2075,117.7241,176.1037,136.8466,145.5635,246.9588,50.0483,2449.8591
2019-07-18,165.9827,332.993,107.9098,195.0844,117.7209,176.0717,136.863,146.1866,247.2738,49.4974,2691.5081
2019-07-19,164.576,331.4265,109.4313,193.5388,117.7434,176.5983,136.8957,146.5751,247.7949,49.7643,2649.734
2019-07-22,165.5739,331.4265,109.0363,194.3296,117.7448,176.612,136.9556,146.5081,247.6737,49.8609,2612.5473
2019-07-23,166.7565,331.4265,110.353,194.768,117.7501,176.6561,136.9829,146.4545,248.0857,49.9233,2503.539
2019-07-24,167.5158,331.4265,110.3237,196.0453,117.7447,176.9581,136.9992,147.1446,248.8006,50.3834,2493.2799
2019-07-25,166.0599,331.4265,109.4605,194.4663,117.7174,176.3961,137.021,146.9503,247.71,50.0824,2520.6633
2019-07-26,166.6457,339.1281,109.797,194.8119,117.7123,176.773,137.0374,147.4996,248.3886,49.9233,2509.2609
2019-07-29,167.1002,339.1281,109.2118,194.6918,117.7192,177.0048,137.021,147.4192,248.3644,49.8836,2423.0361
2019-07-30,164.3095,338.2143,108.7437,192.9951,117.707,176.8438,137.021,147.1848,249.6003,49.8438,2443.1111
2019-07-31,163.1136,337.8227,109.6068,190.3671,117.7275,177.1086,137.032,147.6872,249.9153,50.1505,2561.2864
2019-08-01,163.7383,337.8227,111.0113,188.0835,117.7244,177.3279,136.9284,147.3455,249.4185,49.6962,2661.6073
2019-08-02,162.1278,329.0117,108.3194,186.1267,117.7383,177.5202,136.9992,147.2384,253.4293,48.9465,2690.208
2019-08-05,158.2701,320.5922,105.3349,178.771,117.7592,177.3864,136.9066,147.1982,254.4229,48.5432,3011.5751
2019-08-06,157.2067,320.5922,105.2179,179.1451,117.7667,177.7221,136.9066,147.8614,256.2162,48.3387,2892.6807
2019-08-07,158.3303,318.3731,106.1396,180.5501,117.8161,178.2661,136.9883,148.4107,261.2206,47.6174,3019.4467
2019-08-08,159.7954,326.3357,107.3831,182.8165,117.8057,177.728,136.9883,147.8681,260.0937,48.5375,3026.3379
2019-08-09,159.28,324.8998,106.7833,181.2334,117.8263,177.4466,137.032,147.1245,261.2327,48.8329,3004.7751
2019-08-12,157.8231,322.9418,106.359,178.711,117.828,177.5079,137.0429,147.714,261.3902,48.5375,2877.6313
2019-08-13,158.9595,322.9418,107.0612,180.8212,117.8128,177.6922,137.0701,148.3437,261.8265,48.9237,2752.1588
2019-08-14,155.0086,322.0933,105.569,176.2564,117.8215,178.2223,137.021,148.6452,264.9648,48.5943,2548.3133
2019-08-15,155.4476,320.9838,106.4468,177.9768,117.8463,178.1132,137.1028,149.9717,266.3219,48.8329,2622.1068
2019-08-16,157.8847,320.9838,107.7635,180.9237,117.8605,178.7553,137.13,149.5898,265.0254,48.7818,2645.1297
2019-08-19,159.3314,320.9838,108.0122,181.9788,117.8456,177.8594,137.1355,149.0606,263.4744,48.6966,2788.199
2019-08-20,158.6866,320.9838,107.8366,182.5215,117.8628,178.2577,137.1246,149.4558,264.0802,48.6738,2751.8184
2019-08-21,160.3483,320.9838,108.5242,184.022,117.8352,178.1722,137.0864,149.3285,263.8743,48.867,2588.5605
2019-08-22,160.1428,330.1865,108.0122,181.7542,117.7961,177.9197,137.0374,149.2683,263.5956,48.7193,2588.4109
2019-08-23,158.3365,324.2472,107.0905,179.1582,117.8215,177.9664,137.0973,149.2348,266.9399,48.1116,2660.7814
2019-08-26,158.5362,324.2472,108.5827,179.1673,117.8179,178.0402,136.9829,149.208,268.3212,48.6284,2637.2383
2019-08-27,159.19,324.2472,108.7144,180.1228,117.8161,178.5168,137.1191,150.0789,270.7931,48.6171,2599.2906
2019-08-28,159.1099,324.2472,108.8461,180.8493,117.826,178.9256,137.0701,150.1995,270.2478,49.1509,2492.3498
2019-08-29,160.7358,332.275,108.8461,182.9358,117.8393,178.6441,137.081,150.1995,270.9022,49.5542,2430.8649
2019-08-30,161.8218,332.275,110.0896,184.7563,117.8418,178.528,137.1682,149.7372,271.0597,49.5769,2458.6548
2019-09-02,161.8218,332.275,110.6456,184.7563,117.8376,178.5327,137.1137,149.4491,271.1445,49.4917,2667.3288
2019-09-03,162.5485,332.275,110.9528,185.1709,117.8092,178.5778,137.0538,149.9449,274.9493,49.4917,2744.4906
2019-09-04,165.1577,333.6456,111.2015,188.174,117.7947,178.4044,137.021,150.1057,273.2771,50.0597,2735.4855
2019-09-05,165.0551,338.9975,112.05,189.2633,117.7787,177.8803,136.9774,149.6233,267.9335,50.1278,2715.6365
2019-09-06,165.4978,339.5849,112.211,190.0696,117.7657,178.2966,136.9829,150.0052,268.2001,49.8098,2658.2484
2019-09-09,165.7952,338.4101,112.9278,190.9401,117.7261,177.8426,136.9229,149.4089,264.3347,50.1732,2657.3205
2019-09-10,165.5634,338.4101,112.4304,190.5985,117.7079,177.7455,136.9011,148.6586,263.9227,50.4288,2594.476
2019-09-11,166.4274,338.4101,113.5715,191.8993,117.7042,177.6982,136.8848,148.9132,264.8315,50.5481,2610.0177
2019-09-12,168.0664,340.7597,113.5715,193.9271,117.6017,177.9399,136.9938,149.8511,265.7282,50.0426,2678.3842
2019-09-13,167.9085,340.4987,115.4441,194.2447,117.549,177.278,136.8084,149.0673,262.6141,50.2187,2654.8241
2019-09-16,165.9616,340.825,115.6051,192.2903,117.5435,177.2219,136.7103,149.4424,265.9826,51.9737,2627.3932
2019-09-17,167.8409,340.825,115.0784,193.6436,117.5303,177.1332,136.6449,149.0606,265.0617,51.1956,2636.7391
2019-09-18,166.7069,340.825,114.8736,191.661,117.5521,177.0455,136.7049,149.4357,265.9705,50.8094,2609.3638
2019-09-19,167.885,340.825,116.6292,191.6288,117.5167,177.2091,136.743,149.3084,264.0924,50.8832,2637.1035
2019-09-20,167.0404,342.5872,117.1412,191.5169,117.5238,177.3372,136.7158,149.1343,266.1159,51.0649,2611.2888
2019-09-23,167.0545,342.5872,116.6292,192.2136,117.5389,177.776,136.7267,149.5563,269.9449,51.2069,2501.9544
2019-09-24,166.5111,341.0861,117.0242,190.6209,117.5364,177.8732,136.6558,149.9315,270.3811,51.0536,2221.9361
2019-09-25,165.1979,340.6945,117.4631,190.0822,117.5344,177.981,136.6613,149.5295,269.5329,50.9513,2182.9146
2019-09-26,167.0066,341.6735,117.4631,191.1456,117.5529,177.754,136.6667,149.4625,269.0604,50.6958,2100.4489
2019-09-27,167.4675,341.6735,116.6292,189.2058,117.5723,177.8393,136.7703,149.275,265.4858,50.7185,2140.7182
2019-09-30,167.7566,341.6735,116.8779,189.9295,117.5751,177.9047,136.7866,148.806,262.3596,50.514,2147.695
2019-10-01,166.5658,340.5639,116.6584,189.3268,117.5561,177.6507,136.8139,148.5313,264.5043,50.4004,2169.0239
2019-10-02,161.8949,331.4265,114.9614,187.2743,117.5626,177.6032,136.863,148.2098,267.1943,50.0029,2174.9218
2019-10-03,162.6569,331.4265,114.9614,189.1947,117.5748,177.9408,136.863,148.2098,267.1943,50.0029,2134.8269
2019-10-04,163.7943,336.5826,116.278,189.8275,117.558,177.9654,136.7866,148.5514,267.0005,50.3096,2118.6011
2019-10-07,163.6271,336.5826,116.4829,188.06,117.5437,177.9098,136.7485,148.4174,265.9826,50.2357,2126.6736
2019-10-08,161.9703,336.5826,115.8684,186.9639,117.5499,177.9557,136.7921,148.6854,267.57,50.2528,2125.1285
2019-10-09,163.5539,336.5826,116.1318,188.6074,117.5299,177.7836,136.7485,148.4911,267.5094,50.4913,2222.3327
2019-10-10,164.6686,336.9743,115.9416,190.0757,117.4624,177.084,136.7158,147.8547,264.6497,50.1562,2214.3409
2019-10-11,167.8664,341.6735,117.346,192.7229,117.4489,177.0707,136.7376,147.8212,260.9056,50.4515,2141.5464
2019-10-14,166.9568,339.2586,116.556,191.5615,117.4289,177.1279,136.6177,148.1227,263.7652,50.4402,2151.4607
2019-10-15,169.1142,339.2586,117.7849,193.2848,117.4148,177.1993,136.7212,148.1897,261.6689,50.4061,2108.1537
2019-10-16,169.2437,339.2586,117.4923,193.7376,117.392,176.8497,136.743,148.1428,262.0446,50.1789,2066.5284
2019-10-17,169.4331,338.7365,116.5706,193.769,117.3857,176.8755,136.6994,148.4576,261.7537,49.8722,2073.4526
2019-10-18,168.8222,338.7365,116.0732,193.769,117.3774,176.7131,136.7049,148.1227,260.8571,49.9858,2030.4316
2019-10-21,169.1575,337.6922,117.1412,193.769,117.3646,176.4815,136.7049,147.6135,259.5969,49.7189,2093.9469
2019-10-22,168.5117,338.9975,117.7264,194.5734,117.3629,176.7098,136.7376,147.7743,259.5363,49.9574,2052.6369
2019-10-23,169.8363,338.4754,118.1214,193.9109,117.3632,176.7623,136.8084,147.6537,261.7537,50.1676,1913.3004
2019-10-24,170.2197,341.4124,118.2092,193.9109,117.3746,176.8742,136.743,148.0557,263.3653,50.5992,1907.3762
2019-10-25,170.6247,343.6968,118.5457,195.8983,117.37,176.5864,136.6776,147.8882,264.9406,50.8946,2210.1199
2019-10-28,171.7928,343.6968,118.5457,197.7674,117.3531,176.2756,136.7103,147.5867,261.9597,50.6901,2366.2687
2019-10-29,171.3465,345.1326,119.2625,196.1585,117.3437,176.342,136.7049,147.8547,260.5178,50.8094,2406.8889
2019-10-30,172.0291,345.1326,118.7798,195.638,117.3287,176.3582,136.694,147.848,261.778,50.7014,2346.9093
2019-10-31,170.8954,345.1326,118.692,195.638,117.3662,176.8428,136.7703,148.2902,264.2014,50.2641,2337.0019
2019-11-01,172.1444,344.6105,120.6816,196.6081,117.3573,176.696,136.7648,147.8212,263.5956,50.5935,2352.079
2019-11-04,172.857,347.0254,121.9691,196.6081,117.3288,176.381,136.7485,147.8949,263.1836,51.366,2388.5309
2019-11-05,173.0785,348.7223,123.0809,201.8604,117.3082,176.6242,136.7376,147.9887,260.9177,51.6727,2378.8469
2019-11-06,173.8351,348.4613,122.7591,202.2626,117.2845,176.7109,136.7158,148.1562,261.9719,51.5477,2395.2175
2019-11-07,174.266,348.4613,124.1782,203.4929,117.2832,176.2823,136.7376,147.3522,258.5185,51.4512,2372.1537
2019-11-08,174.8813,351.7246,123.1833,202.1207,117.2773,176.0229,136.6504,147.2518,259.3061,51.2808,2264.0935
2019-11-11,174.8067,351.2025,122.7591,199.8021,117.2543,175.9715,136.694,146.7828,256.9069,50.8605,2251.4231
2019-11-12,174.4764,354.1395,123.7832,200.086,117.2646,175.8988,136.6722,146.9302,256.9796,50.8321,2263.6286
2019-11-13,174.5313,354.1395,123.0517,197.72,117.2716,175.9747,136.7321,146.9704,259.1122,50.8718,2266.4708
2019-11-14,174.3935,354.1395,122.3494,197.72,117.2892,176.1481,136.6638,146.7962,260.3845,50.8378,2240.5237
2019-11-15,175.3657,354.1395,123.0517,199.5418,117.2928,176.0275,136.7458,147.0843,258.6518,50.7639,2183.4784
2019-11-18,175.0956,355.5754,122.8176,199.0686,117.2675,176.2384,136.7076,147.3857,258.8335,50.1505,2129.8137
2019-11-19,174.5443,355.5754,122.5835,199.3525,117.2663,176.0857,136.6748,147.0843,259.0395,49.9347,2100.0984
2019-11-20,173.3114,355.5754,122.6567,199.7547,117.2761,176.2936,136.6803,147.2183,258.4215,50.2187,2052.9032
2019-11-21,173.1129,355.5754,122.5689,198.3588,117.2704,175.9959,136.5929,147.0508,258.4094,50.3152,1954.7676
2019-11-22,173.5947,355.5754,122.803,199.3762,117.2542,176.1563,136.6147,147.1513,258.8578,50.6049,1868.4197
2019-11-25,175.7057,359.7525,123.9148,201.9787,117.2576,176.2799,136.6638,147.0508,257.9732,50.5197,1837.0843
2019-11-26,176.053,360.7315,124.0758,200.1806,117.2604,176.4464,136.7076,147.0441,258.2034,50.497,1857.025
2019-11-27,176.2338,362.1021,124.3684,201.7894,117.2522,176.3564,136.7512,146.9503,257.6582,50.4913,1936.194
2019-11-28,176.2338,362.2979,123.8563,202.5229,117.2488,176.26,136.7512,146.9503,257.743,50.3152,1921.6571
2019-11-29,175.3494,361.3189,122.9639,199.873,117.2317,176.0543,136.7895,147.1446,258.9789,49.8211,1997.1701
2019-12-02,174.2081,355.1185,121.34,197.8384,117.217,175.6023,136.6966,146.4612,257.4037,49.4803,1882.8935
2019-12-03,172.46,351.8552,122.1885,196.3715,117.2505,176.0849,136.7403,147.1178,260.1664,49.4974,1872.2143
2019-12-04,173.9089,356.2933,123.7978,199.0213,117.2527,176.1751,136.7512,146.9838,258.9426,49.8098,1853.7668
2019-12-05,173.9746,355.1838,123.4759,199.3525,117.2219,175.6569,136.7403,146.3808,259.5606,50.0313,1904.318
2019-12-06,175.0112,355.1838,125.4656,199.3525,117.2339,175.7701,136.7895,146.4143,257.2462,50.2812,1925.6578
2019-12-09,174.9737,355.1838,125.0413,200.8667,117.2314,175.9258,136.7512,146.9168,257.1735,50.1108,1896.3285
2019-12-10,175.0319,359.4261,125.0852,200.8667,117.2411,175.8998,136.8769,147.0173,257.016,50.23,1863.8396
2019-12-11,175.52,359.0998,124.7634,201.8131,117.2424,176.1328,136.8605,147.1848,258.5185,50.0937,1843.6729
2019-12-12,176.1935,360.862,124.8219,201.8131,117.2324,175.9954,136.8331,147.1513,257.2462,50.4004,1843.0768
2019-12-13,177.2089,361.4494,124.9536,205.1017,117.218,175.9255,136.8058,147.7542,258.4579,50.5822,1841.5311
2019-12-16,180.4987,364.4517,125.6558,207.3493,117.2198,176.1226,136.7949,147.3857,257.8763,50.9968,1765.8354
2019-12-17,179.0045,364.4517,125.2315,208.0355,117.2263,176.1025,136.855,147.6805,257.9247,51.1161,1689.5658
2019-12-18,178.4355,364.8433,125.0121,210.2358,117.2223,175.8875,136.8769,147.3857,258.47,51.1729,1849.0664
2019-12-19,179.2202,364.8433,124.5293,210.2358,117.216,175.4673,136.855,147.2183,258.8456,51.3035,1836.1106
2019-12-20,179.2435,369.9994,124.8073,212.72,117.2105,175.6587,136.8823,147.1982,259.815,51.4909,1838.5252
2019-12-23,180.6451,369.3468,124.4708,212.7673,117.2239,175.6814,136.8769,147.1178,260.5299,51.3489,1881.1646
2019-12-24,180.3238,369.3468,124.4708,212.7673,117.2239,175.6814,136.8769,147.1178,260.5299,51.3489,1870.335
2019-12-25,180.3238,369.3468,124.4708,212.7673,117.2239,175.6814,136.8769,147.1178,260.5299,51.3489,1858.8524
2019-12-26,181.198,369.3468,124.4708,212.7673,117.2239,175.6814,136.8769,147.1178,260.5299,51.3489,1848.7237
2019-12-27,181.9431,369.3468,123.6369,213.3351,117.2104,175.7775,136.8769,147.4326,264.0439,51.6499,1860.8294
2019-12-30,179.2055,366.8013,122.8761,212.9802,117.166,175.2981,136.7949,146.8163,263.5228,51.7465,1848.0561
2019-12-31,180.1461,366.8013,122.8761,212.9802,117.166,175.2981,136.7949,146.8163,263.5228,51.7465,1819.6157
2020-01-01,180.1461,366.8013,122.8761,212.9802,117.166,175.2981,136.7949,146.8163,263.5228,51.7465,1818.2715
2020-01-02,181.3524,366.4097,123.5198,214.2815,117.1438,175.5393,136.9042,147.0709,266.2007,51.3432,1764.0519
2020-01-03,179.873,366.8666,123.1541,213.2168,117.1502,175.9649,136.8441,147.7877,270.1509,51.667,1863.0154
2020-01-06,180.7045,365.7571,122.8761,210.9219,117.1585,176.1122,136.7676,147.7743,272.0412,51.7806,1972.3203
2020-01-07,179.2311,368.1719,124.1343,212.2468,117.1589,176.0414,136.784,147.5197,274.5979,51.8771,2065.7935
2020-01-08,180.3893,368.1719,124.2074,212.6963,117.1442,175.8484,136.7348,147.2183,274.7433,51.6499,2052.5093
2020-01-09,181.2493,373.4586,125.1437,214.9203,117.1112,175.644,136.724,147.0173,271.8837,51.4341,2008.9818
2020-01-10,180.4157,373.4586,124.4561,216.1979,117.1001,175.7232,136.6147,147.2853,273.3983,51.6045,2082.6768
2020-01-13,181.2239,372.8712,124.0026,217.925,117.0759,175.4627,136.6693,147.0508,271.4353,51.1785,2075.9361
2020-01-14,181.0373,374.5681,124.6463,217.2389,117.0772,175.6855,136.6529,147.2785,270.0903,51.4341,2246.3244
2020-01-15,181.1778,374.9597,124.0172,216.2452,117.0873,175.8201,136.713,147.4862,270.7446,51.0649,2242.0166
2020-01-16,181.667,376.6567,124.3098,217.1206,117.087,175.767,136.7348,147.2183,271.399,51.0138,2216.2295
2020-01-17,182.6133,380.4422,124.7926,218.7058,117.084,175.6593,136.7567,147.3723,273.5679,51.0195,2271.3102
2020-01-20,182.6133,381.3559,125.3924,218.3036,117.0646,175.8944,136.7021,147.5733,274.4404,51.1217,2211.2041
2020-01-21,181.9807,381.5517,124.6024,214.8257,117.0537,175.9213,136.7403,147.4929,273.4346,50.7696,2233.2732
2020-01-22,182.3529,382.7918,125.173,215.6537,117.0671,176.128,136.7403,147.5532,273.5922,50.5651,2218.9338
2020-01-23,181.4301,381.7475,125.451,213.2168,117.0883,176.3059,136.7895,148.0222,276.2943,50.3948,2146.7077
2020-01-24,181.4524,383.3139,125.963,214.7547,117.0844,176.6198,136.7567,148.0892,277.9786,49.9177,2164.6871
2020-01-27,178.1957,375.9387,124.2806,206.7815,117.0962,177.2086,136.855,148.8261,279.6871,49.1339,2289.9011
2020-01-28,180.1298,380.2464,124.4708,208.5796,117.0964,177.1897,136.7895,148.7926,277.6514,49.4065,2406.4588
2020-01-29,180.3029,381.2906,124.7048,209.9045,117.1111,177.2481,136.8223,149.2616,278.1603,49.0771,2395.0622
2020-01-30,180.3025,378.6147,123.0224,205.5986,117.1257,177.4657,136.7676,149.429,279.6023,48.5319,2445.7802
2020-01-31,177.3229,374.5029,121.7642,201.9787,117.1413,177.7394,136.8441,149.764,278.9722,48.2252,2402.346
2020-02-03,176.415,378.4842,122.7444,205.7642,117.145,177.7487,136.8441,149.5429,277.9665,47.5663,2374.6376
2020-02-04,179.8007,388.209,125.5095,212.6727,117.0987,177.2225,136.8987,149.4625,274.1253,47.9525,2351.5746
2020-02-05,181.8321,388.0132,126.6945,213.5481,117.0878,177.1532,136.9861,149.4424,276.1974,48.3728,2465.8303
2020-02-06,182.8884,392.2555,127.6016,214.4708,117.0692,177.0529,136.8823,149.2951,277.5302,48.4467,2505.8821
2020-02-07,181.4545,392.6471,127.0603,212.0102,117.087,177.3836,136.8605,149.2616,278.5965,48.6171,2527.358
2020-02-10,182.5786,395.1925,126.9578,212.9093,117.0746,177.4089,136.9478,149.3419,281.2138,48.4239,2550.8305
2020-02-11,184.5352,397.7379,127.4406,216.1269,117.0791,177.5092,136.7949,148.9266,279.2509,48.4637,2650.5068
2020-02-12,185.5699,398.9128,127.2504,218.8477,117.0718,177.4748,136.9042,149.1611,280.5353,48.9919,2679.6347
2020-02-13,185.0766,398.9128,127.0895,218.5875,117.0738,177.4397,136.855,149.429,282.9708,49.4065,2661.2483
2020-02-14,185.6197,402.2414,125.5826,218.1616,117.084,177.5713,136.8714,149.4893,284.3037,49.5031,2694.1345
2020-02-17,185.6197,404.1994,125.2023,219.4392,117.0724,177.5616,137.0188,149.563,284.5339,49.6848,2532.6267
2020-02-18,184.9261,402.1109,124.2806,217.0496,117.0557,177.4473,136.9533,149.362,288.7507,49.8609,2651.1259
2020-02-19,186.9041,406.4837,124.8073,219.0133,117.0549,177.4969,136.9751,149.2951,289.7685,50.3607,2528.6027
2020-02-20,185.535,401.3277,122.8176,214.731,117.0511,177.6756,136.9151,149.6702,292.9311,50.5027,2518.6358
2020-02-21,185.3086,399.2391,121.9544,214.731,117.0484,177.7934,136.8987,149.6769,294.3003,49.912,2544.2742
2020-02-24,176.4928,386.9036,117.9605,205.0544,117.0919,177.8688,136.8987,149.3285,300.0559,48.9408,2522.8095
2020-02-25,172.3282,380.3116,117.7557,205.3856,117.1065,177.8296,136.8987,149.1745,295.1121,48.6454,2439.883
2020-02-26,171.9671,378.0925,118.414,206.7106,117.1164,177.6369,136.8004,149.0606,293.1977,48.441,2296.8164
2020-02-27,166.5591,360.601,114.0689,199.6364,117.178,177.559,136.7676,148.4643,293.2946,47.0041,2286.6157
2020-02-28,163.683,343.6315,110.3091,193.7453,117.2183,177.7485,136.6584,148.2902,281.129,45.9477,2234.5977
2020-03-02,165.593,351.072,110.6748,194.5497,117.2515,177.6236,136.8058,148.0959,278.4754,46.1748,2274.2289
2020-03-03,162.8244,353.6826,110.7187,197.1995,117.1977,177.6199,137.0024,149.5295,285.6972,46.7144,2234.4829
2020-03-04,167.8967,356.2281,112.4743,198.2879,117.2465,178.3942,136.713,149.0606,287.5026,46.9302,2218.9151
2020-03-05,162.8352,356.4891,111.4502,197.4835,117.2769,178.0789,136.7731,148.3504,289.0536,46.4815,2309.4989
2020-03-06,159.3962,338.6712,108.5389,188.3273,117.3015,178.1882,136.6857,147.6135,286.9331,44.6925,2303.1105
2020-03-09,143.5759,317.1983,103.6086,175.6933,117.4323,177.685,135.9949,144.1031,283.5282,42.29,1971.9394
2020-03-10,148.5014,317.133,104.6473,180.5908,117.3715,177.3296,136.4536,144.4715,284.5339,43.5168,1966.4143
2020-03-11,140.9887,318.8953,104.4864,180.3542,117.3941,177.185,136.0659,144.304,284.8611,43.5963,1980.9941
2020-03-12,125.6226,293.6369,93.2799,161.2139,117.4447,177.9658,136.5,142.2875,276.6215,42.2332,1250.7455
2020-03-13,134.3649,298.075,95.9133,170.37,117.3486,174.9935,135.7191,141.6176,266.5764,42.2048,1409.5207
2020-03-16,118.8533,293.4411,93.4262,158.706,117.3457,173.1203,135.1512,133.4377,263.5956,40.5237,1273.7459
2020-03-17,123.7366,293.5716,96.3522,163.2722,117.3203,172.0548,133.9498,134.9986,271.7746,40.7395,1326.4479
2020-03-18,116.1417,281.4972,96.1474,154.3291,117.217,171.2894,125.895,131.9772,267.4852,39.5014,1347.5266
2020-03-19,119.5725,288.2197,101.458,155.4884,117.065,172.7352,132.1532,133.987,266.5764,40.7906,1600.4534
2020-03-20,121.3052,287.9586,102.8332,161.0483,117.055,173.7171,132.1532,136.0772,271.3263,41.3018,1648.1533
2020-03-23,120.2562,269.0312,98.298,152.1997,117.0579,173.6957,132.1505,135.414,280.0869,40.8758,1700.0838
2020-03-24,130.2918,292.9842,105.8177,152.1997,116.9733,173.225,132.4262,135.079,296.8691,42.2162,1772.8302
2020-03-25,134.7428,300.2288,104.5742,167.7202,116.9333,173.2449,132.4262,136.8678,291.7678,42.1878,1752.4933
2020-03-26,140.2248,306.7556,108.0414,171.1507,116.9676,174.364,133.5675,139.6815,288.2054,41.1939,1747.7085
2020-03-27,133.6298,299.7067,108.6266,162.7281,117.0596,175.4381,133.5266,140.0968,285.9637,40.4044,1659.3479
2020-03-30,134.7498,307.343,108.9192,164.5025,117.0592,175.1843,134.0263,141.2223,286.6181,40.092,1635.6538
2020-03-31,136.0138,313.4781,108.3048,168.4063,117.0476,174.7408,134.0645,138.0066,285.6608,40.3703,1654.0213
2020-04-01,130.0887,298.8582,103.8866,162.4915,116.9835,174.1371,132.8522,138.4622,282.9224,39.5581,1697.8117
2020-04-02,133.4552,300.8163,104.3108,166.0167,116.9726,174.1418,133.7915,138.5158,289.4413,40.4839,1757.4555
2020-04-03,131.9498,301.2731,104.384,164.6918,116.9926,174.0525,133.8106,138.6565,292.1071,40.9156,1758.9298
2020-04-06,138.9872,315.4361,108.4511,171.482,116.9535,174.0012,134.1,138.9915,296.748,41.3075,1906.6808
2020-04-07,139.862,327.38,111.9476,175.4567,116.933,173.4151,134.2938,138.0334,296.2148,41.7618,1882.2244
2020-04-08,140.7893,326.662,111.2161,174.747,116.907,172.9861,133.9553,138.2411,296.3966,41.4892,1907.4549
2020-04-09,144.7393,332.9277,110.6017,176.3321,116.9075,173.4591,134.3348,139.3599,298.9775,41.5914,1904.6336
2020-04-10,144.7393,332.9277,110.6017,176.3321,116.9075,173.4591,134.3348,139.3599,298.9775,41.5914,1780.3077
2020-04-13,141.8598,332.9277,110.6017,176.3321,116.9075,173.4591,134.3348,139.3599,298.9775,41.5914,1774.1498
2020-04-14,144.3973,335.6036,111.4209,178.6034,116.9235,173.2018,135.0011,138.6833,308.441,40.9667,1775.0438
2020-04-15,137.7079,331.1002,111.3039,174.7706,116.9651,173.0371,134.7635,138.1071,306.2902,40.501,1713.2911
2020-04-16,139.135,335.212,110.8065,178.3905,116.9399,173.1271,134.7744,138.8575,310.2283,40.819,1849.251
2020-04-17,144.4573,340.5639,111.8891,179.1002,116.9451,173.2865,134.859,138.5761,303.6547,40.8701,1851.8114
2020-04-20,142.2709,343.8273,111.9037,180.0466,116.923,172.6176,134.7962,137.6382,303.5941,40.7452,1794.5033
2020-04-21,139.3953,327.6411,109.6361,173.3747,116.916,172.4113,134.758,136.8946,300.1771,39.5298,1794.4279
2020-04-22,141.738,335.9952,112.3426,179.4078,116.9033,171.6219,134.6652,136.439,308.1986,40.0012,1857.6403
2020-04-23,141.486,341.0861,113.0595,179.4078,116.9175,172.2232,135.1075,137.4372,311.9246,40.3703,1947.6098
2020-04-24,143.9086,336.8437,112.5767,177.0182,116.9116,172.7821,135.2195,138.4086,310.3191,39.7569,1985.3657
2020-04-27,145.1778,345.2632,114.1421,180.4961,116.869,173.1612,135.5198,138.5761,307.9866,39.0981,2040.8689
2020-04-28,145.8666,346.1116,116.0732,180.4961,116.8807,173.5227,135.2004,138.5158,306.8355,39.3707,2043.6472
2020-04-29,150.1231,352.8342,118.0629,184.9204,116.9129,173.8785,135.3505,138.9446,306.3205,39.4843,2301.3465
2020-04-30,146.8211,346.699,112.9717,182.6018,116.9239,174.3842,135.4079,140.3514,303.5941,39.6945,2255.6243
2020-05-01,142.8657,346.699,112.9717,182.6018,116.9239,174.3842,135.4079,140.3514,303.5941,39.6945,2294.9512
2020-05-04,142.6179,337.3658,110.1335,175.6224,116.9188,174.1405,135.0529,139.5341,304.5635,39.6604,2304.3683
2020-05-05,142.833,349.2445,113.7325,180.0466,116.9693,173.9908,135.1294,139.3398,305.957,41.0064,2339.5572
2020-05-06,142.7714,348.2002,113.4837,179.1712,116.9313,173.5714,134.9328,138.4086,305.1088,40.4669,2423.2031
2020-05-07,145.8045,348.2002,114.5371,180.0229,116.9227,173.5408,134.9437,138.5761,307.4716,41.262,2611.3454
2020-05-08,147.748,353.0952,114.5371,183.3826,116.9563,174.0184,135.1922,138.5426,307.7745,41.0519,2573.5781
2020-05-11,146.9165,353.0952,116.2049,184.187,116.904,174.0531,135.0993,138.2076,306.0478,40.9042,2248.6382
2020-05-12,145.4657,354.27,115.9855,185.4646,116.8719,173.9673,134.8836,138.0401,306.2296,40.4158,2308.034
2020-05-13,143.1425,343.762,115.5319,184.116,116.8872,174.1802,134.9246,138.6297,308.3804,40.1261,2421.6849
2020-05-14,142.1673,341.3471,114.0836,181.3479,116.9053,174.9626,134.9355,138.2344,312.5305,40.4782,2548.264
2020-05-15,142.6439,344.8063,114.3469,180.2359,116.9043,174.9372,134.8126,138.0602,314.7722,40.7281,2445.8787
2020-05-18,148.8931,358.3819,116.6877,186.5056,116.8804,174.9152,135.0202,138.3818,311.1976,41.5346,2546.9443
2020-05-19,145.4225,356.2933,115.5027,187.0734,116.8219,175.2036,135.0038,139.2125,310.3191,41.3018,2525.6999
2020-05-20,148.6484,356.4239,116.5999,188.493,116.828,175.238,135.1322,139.5207,309.8344,41.3756,2469.3464
2020-05-21,146.5756,356.4239,114.9175,185.015,116.8399,175.365,135.1322,139.6212,306.6537,41.0519,2343.0988
2020-05-22,146.7881,356.4239,115.6636,182.5072,116.8361,175.4034,134.9683,139.5944,309.6224,41.0178,2375.614
2020-05-25,146.7881,361.9716,115.6636,185.4409,116.8195,175.3793,135.2196,139.7418,309.8344,41.2393,2313.8307
2020-05-26,151.4343,360.9273,118.2384,186.2926,116.7822,175.3527,135.4273,139.8423,304.6241,41.0519,2296.1686
2020-05-27,152.1789,357.4029,119.4527,184.0214,116.7789,175.6003,135.5611,139.9227,302.2128,40.6997,2368.9669
2020-05-28,153.2675,362.2979,121.2961,183.6901,116.7751,176.1227,135.5584,140.7132,303.4124,40.4498,2450.0905
2020-05-29,152.5628,355.7712,118.692,181.5372,116.7934,176.3706,135.5912,141.1553,303.7153,40.2397,2414.1683
2020-06-01,155.4514,355.7712,118.692,181.5372,116.7953,176.1839,135.5912,141.1553,303.7153,40.2397,2591.1807
2020-06-02,157.0613,359.0998,120.3013,191.3321,116.806,176.3281,135.8944,141.3228,301.9826,40.7679,2427.0993
2020-06-03,160.5073,363.6032,120.5939,195.5197,116.778,175.9103,136.0774,140.8874,294.6517,40.5123,2445.4672
2020-06-04,159.812,360.0135,118.2531,191.9945,116.7691,176.0916,136.214,141.6042,295.1849,40.4044,2471.6379
2020-06-05,161.2189,370.391,120.1842,196.7737,116.7444,176.0667,136.867,141.5573,289.3444,40.9042,2415.6553
2020-06-08,163.4402,370.0647,120.155,194.668,116.7477,176.3239,136.3752,141.8923,291.8769,40.7736,2446.0957
2020-06-09,160.729,367.9109,119.7307,193.8163,116.7489,176.2319,136.102,141.7114,294.7487,40.5634,2455.1819
2020-06-10,159.6475,366.6708,119.9501,195.1648,116.7474,175.6439,136.2386,141.4367,294.7487,40.7963,2468.0108
2020-06-11,149.8476,353.8784,117.112,189.7232,116.782,176.2661,136.102,141.6377,298.408,40.3419,2324.0904
2020-06-12,153.7306,353.291,118.5457,192.2784,116.7958,176.4789,136.0501,141.7516,300.274,40.6259,2379.9473
2020-06-15,155.7022,349.7014,116.7316,189.2737,116.7934,176.6244,136.2413,141.8253,297.7658,40.1147,2379.9863
2020-06-16,156.2064,362.559,119.7014,194.2895,116.7735,176.7578,136.867,142.3947,298.8321,40.4044,2383.8145
2020-06-17,157.6976,362.559,121.3253,196.1585,116.7754,176.8324,135.9599,142.187,299.753,40.6486,2384.5275
2020-06-18,156.8766,363.4727,120.9303,196.7027,116.7813,176.878,136.2386,142.79,299.3531,40.7849,2372.1201
2020-06-19,156.4881,366.9319,121.852,198.5245,116.7924,177.0659,136.367,142.9642,302.9883,41.3302,2347.5737
2020-06-22,159.1953,361.58,120.7987,198.4062,116.8076,177.4077,136.2277,143.3996,304.4423,41.1143,2446.0386
2020-06-23,158.7134,365.1697,121.5887,201.1743,116.7665,177.1992,136.3479,143.6073,303.8971,40.9326,2419.1046
2020-06-24,153.8119,355.5754,118.7798,198.0276,116.7646,177.2545,136.1949,143.9892,305.3511,40.5237,2332.9528
2020-06-25,157.0721,355.8365,119.8331,198.2406,116.8048,177.34,136.0993,143.7212,305.7449,40.1715,2333.4098
2020-06-26,154.8313,354.7269,119.6429,196.8447,116.8123,177.5665,136.143,143.9825,306.7446,40.2454,2313.6667
2020-06-29,156.5515,355.1838,119.3796,196.7737,116.8006,177.4115,136.2359,144.0897,307.0172,40.6202,2319.9393
2020-06-30,156.1924,359.4914,119.2918,196.9866,116.7968,177.5047,136.3233,144.2169,309.0771,41.0519,2302.2202
2020-07-01,157.5292,362.7548,117.902,198.4535,116.7577,177.0053,136.3479,143.8016,304.9876,41.1882,2327.3058
2020-07-02,158.8023,368.1719,119.1748,203.5875,116.7744,177.2916,136.3233,144.1969,308.2592,41.5517,2297.6931
2020-07-03,158.8023,366.1487,118.0336,205.9298,116.7808,177.3208,136.4845,143.9557,307.6837,41.5574,2291.3551
2020-07-06,161.6853,371.37,119.6429,210.0938,116.7683,177.3795,136.3916,144.3308,307.5019,41.7902,2362.0512
2020-07-07,158.2787,371.8922,119.2918,209.1711,116.7599,177.4794,136.5227,144.2973,309.3498,42.1083,2317.4848
2020-07-08,160.8501,366.2139,117.6825,212.1049,116.7561,177.5826,136.5937,144.706,311.5308,42.0742,2369.464
2020-07-09,157.6346,365.1697,117.6971,214.7074,116.7591,177.663,136.591,144.5385,310.7432,42.1026,2318.5301
2020-07-10,159.8648,367.9761,119.1748,214.3052,116.7814,177.7012,136.5801,144.1031,309.8344,42.1083,2329.2572
2020-07-13,158.6268,374.6987,119.599,216.0796,116.741,177.3574,136.4353,143.9021,311.0462,41.8754,2315.8911
2020-07-14,160.7768,365.2349,118.3555,208.8162,116.7434,177.5799,136.3233,144.572,309.2589,41.6028,2308.554
2020-07-15,161.7545,370.9784,120.4329,210.8273,116.7416,177.5965,136.5528,144.8065,308.8045,41.4608,2282.8513
2020-07-16,161.1429,368.3025,118.5164,206.7106,116.7469,177.7114,136.6703,144.9405,307.7442,41.6425,2266.5114
2020-07-17,162.478,369.8036,118.3409,208.2721,116.744,178.0461,136.703,144.7261,308.653,41.5176,2276.2675
2020-07-20,163.0678,372.4143,118.7651,210.4251,116.736,178.1722,136.7249,145.6506,309.2589,41.3018,2269.3335
2020-07-21,163.2398,375.1555,119.087,214.802,116.7241,178.1743,136.867,145.8449,311.9549,41.83,2318.3104
2020-07-22,163.1723,371.5006,117.2875,210.1884,116.7537,178.426,136.8341,146.3808,313.4393,41.5517,2340.1364
2020-07-23,161.1442,372.2185,117.4045,211.2058,116.7327,178.3611,136.7686,146.4947,318.377,41.9208,2346.764
2020-07-24,159.59,364.4517,116.4243,205.9061,116.7183,178.1029,136.867,146.2401,318.0741,41.6823,2330.4299
2020-07-27,160.6138,364.4517,117.4338,205.362,116.7259,178.0251,136.8505,146.5349,320.5884,41.4097,2672.7055
2020-07-28,158.2203,363.4727,117.7703,207.3493,116.7381,178.3409,136.8615,146.4947,324.587,41.7277,2627.4105
2020-07-29,160.9868,362.3632,116.9949,207.6096,116.7316,178.3653,136.8615,146.5818,323.9509,41.7391,2684.101
2020-07-30,157.8897,360.0135,114.7565,204.7232,116.7524,178.6749,136.7304,146.9436,321.5577,41.2961,2672.0903
2020-07-31,153.3787,356.2933,112.1524,203.3746,116.7474,178.4281,136.7741,146.7091,325.5261,41.4722,2702.631
2020-08-03,157.6009,366.0834,114.4054,207.1601,116.7387,178.0981,136.6484,146.9838,326.859,42.4718,2704.7158
2020-08-04,158.3894,364.3865,115.4149,208.6979,116.7497,178.7902,136.7904,147.5264,330.4335,42.6592,2699.3363
2020-08-05,158.6951,364.3865,114.9906,210.567,116.731,178.4765,136.9216,147.1379,334.7654,42.9602,2817.2042
2020-08-06,158.1046,364.9738,114.3469,209.2184,116.7319,178.7338,136.8615,147.7408,337.5523,43.0511,2811.4065
2020-08-07,157.2623,368.5636,114.3469,207.5859,116.7221,178.7504,136.867,147.8815,335.2198,42.7444,2767.998
2020-08-10,158.7802,368.8899,115.2832,204.9834,116.7201,178.8471,136.9106,148.4241,336.7344,43.0738,2856.5518
2020-08-11,160.0128,368.8899,117.4192,207.3967,116.6976,178.4391,136.9052,148.0691,321.6183,42.6308,2754.611
2020-08-12,163.5092,371.8269,119.1894,208.6743,116.6891,178.3752,136.9161,147.7341,320.3157,42.3411,2797.0105
2020-08-13,161.9458,371.3048,118.6627,206.6869,116.6577,177.8923,136.8287,147.1379,320.7701,42.574,2831.2911
2020-08-14,159.9798,370.9132,118.9114,206.0481,116.6623,177.9461,136.8724,147.0374,319.9522,42.8693,2822.1775
2020-08-17,160.9075,372.088,118.9553,206.261,116.661,178.1666,136.8341,147.3522,325.829,43.2044,2929.6837
2020-08-18,160.4069,370.8479,118.692,205.5512,116.6672,178.285,136.9434,147.1513,326.2228,43.2612,2860.9911
2020-08-19,158.7183,372.8712,119.2187,205.8825,116.6754,178.4597,136.9762,147.2853,321.1336,43.3578,2788.6522
2020-08-20,159.7927,372.4796,118.3994,203.28,116.6862,178.661,136.9762,147.4393,320.2855,43.2328,2841.9563
2020-08-21,158.1521,375.6777,118.3409,208.4613,116.6854,178.5812,137.0035,147.1044,320.4672,43.1192,2766.5113
2020-08-24,161.5329,377.3094,119.9648,211.7736,116.6662,178.4647,137.0363,147.3522,319.1646,43.4202,2827.9875
2020-08-25,161.7285,379.0063,119.6575,213.8556,116.6311,178.0004,136.9981,146.756,316.2262,43.477,2730.6899
2020-08-26,162.6205,383.0528,120.0526,215.6064,116.6251,177.958,136.9707,147.0106,320.346,43.6985,2750.6144
2020-08-27,160.5989,388.8616,119.4966,214.9913,116.6352,177.7781,136.927,146.6756,317.1047,43.7837,2709.3524
2020-08-28,162.1825,385.7288,118.4579,214.6127,116.6515,177.7775,136.9489,146.6488,322.5574,43.8633,2767.174
2020-08-31,159.3764,383.5097,117.7264,208.5323,116.6258,177.5879,136.8888,146.2134,320.8307,43.6815,2777.1653
2020-09-01,158.9236,384.2277,118.0044,212.5544,116.6355,177.6566,136.9106,146.2469,322.0424,43.9712,2841.0805
2020-09-02,161.5347,391.9945,119.8624,214.1632,116.6532,178.2199,136.9489,146.8833,319.9219,44.028,2712.6038
2020-09-03,158.3854,384.0319,118.5749,209.8336,116.6655,178.46,136.9216,146.8163,317.0441,43.3748,2450.437
2020-09-04,159.1648,372.8059,118.1507,207.5859,116.6577,178.2455,136.9106,146.4813,317.4076,43.5736,2515.79
2020-09-07,159.1648,377.962,118.6188,208.0355,116.6451,178.1299,136.9161,145.9454,318.0135,43.6134,2482.8621
2020-09-08,157.0459,368.8246,118.1068,205.7878,116.6542,178.3551,136.9544,145.9655,318.377,42.9943,2428.4773
2020-09-09,161.4989,373.2628,118.4286,207.4203,116.636,178.1867,136.9434,146.0057,320.649,43.2442,2465.7813
2020-09-10,158.7874,372.8712,118.4725,206.332,116.6207,178.0107,136.9653,145.8114,321.2851,43.1136,2487.2259
2020-09-11,159.9624,368.7593,119.8624,207.1837,116.6292,178.1923,136.8943,146.4478,320.9822,43.1987,2492.4906
2020-09-14,160.2452,373.6544,120.0087,209.0765,116.6336,178.459,136.8615,146.6488,321.6183,43.2101,2555.607
2020-09-15,161.0239,377.3094,120.389,211.75,116.6184,178.3867,137.0309,146.8096,321.0428,43.2271,2577.4541
2020-09-16,161.2244,378.6147,121.4863,212.9329,116.6203,178.6407,137.0254,147.3857,324.1023,43.5566,2625.5954
2020-09-17,162.1092,372.6101,121.6472,210.0228,116.6233,178.5663,137.0254,147.3455,320.6793,43.5338,2628.486
2020-09-18,160.2006,368.8246,121.3985,208.7453,116.6215,178.5059,137.0363,147.0575,320.7096,43.7667,2617.5047
2020-09-21,155.2379,362.0368,119.4966,205.433,116.633,178.6575,137.1074,147.0039,314.4692,43.159,2502.715
2020-09-22,155.9028,366.475,120.2574,206.3557,116.624,178.5795,136.927,147.0843,316.4686,43.2839,2537.5524
2020-09-23,154.4185,369.2815,122.4079,206.8762,116.6207,178.6562,136.927,147.0039,311.652,43.3691,2479.7416
2020-09-24,155.1687,364.778,121.9691,204.7468,116.6289,178.6351,136.8615,146.7359,312.1367,43.1647,2615.2376
2020-09-25,155.4244,368.2372,121.9837,204.0607,116.6219,178.6133,136.8833,146.6756,312.0458,43.5054,2595.5959
2020-09-28,158.8265,375.8735,123.6808,207.2784,116.6007,178.6382,136.9216,146.5818,313.0152,43.3351,2608.1737
2020-09-29,158.0849,372.2838,123.3882,206.3083,116.5911,178.7287,136.7795,146.7158,314.1057,42.6081,2631.2146
2020-09-30,156.7256,376.5261,122.6128,206.3083,116.5928,178.6436,136.8123,146.354,315.1357,42.7841,2602.533
2020-10-01,158.1664,377.7662,122.4079,211.5134,116.5883,178.5083,136.8341,146.3473,316.8927,42.4036,2566.1961
2020-10-02,157.8525,374.6987,121.4863,211.7027,116.6076,178.7615,136.8615,146.7158,317.0441,42.8012,2551.5842
2020-10-05,161.0275,376.7872,121.5887,211.2768,116.6007,178.6522,136.9981,146.8163,316.8624,43.2215,2609.4701
2020-10-06,157.8416,377.8315,121.8374,213.8793,116.6048,178.7478,136.9707,147.0843,315.9536,43.5054,2548.1367
2020-10-07,159.9244,378.0925,121.852,216.3635,116.5939,178.595,136.9926,147.0843,312.6214,43.4827,2575.6224
2020-10-08,161.0103,382.1391,122.013,216.7894,116.6051,178.8312,137.0254,147.5398,313.1969,43.7781,2628.5019
2020-10-09,162.5679,384.1624,121.3692,218.3509,116.6224,179.0942,137.0363,147.9887,317.5591,44.3233,2664.433
2020-10-12,162.9813,389.9059,121.8081,220.2673,116.6193,179.1986,136.9325,148.1897,317.135,44.028,2770.9126
2020-10-13,160.4066,392.1903,121.9691,220.8351,116.6379,179.2348,136.9106,148.1562,314.3784,44.0961,2740.0298
2020-10-14,160.9684,390.9502,122.642,221.9471,116.6462,179.399,137.0745,148.1696,316.4989,44.1984,2758.1569
2020-10-15,158.4632,387.491,121.3985,218.067,116.6729,179.3815,137.1729,147.9887,316.9835,44.6811,2773.6225
2020-10-16,160.1312,390.9502,121.5009,220.1726,116.6794,179.6247,137.2166,148.4442,315.8324,44.6698,2740.4243
2020-10-19,159.2679,386.0551,121.3253,219.7941,116.6789,179.4358,137.2549,148.3839,315.3477,44.5448,2840.0311
2020-10-20,159.7984,380.4422,120.4914,219.7231,116.6811,179.2956,137.2494,148.4107,314.8327,44.5107,2869.121
2020-10-21,157.2538,380.1158,120.9303,220.22,116.6679,179.0802,137.2931,148.1897,316.1353,44.6243,3071.6707
2020-10-22,156.993,380.2464,120.6377,220.4329,116.6673,178.974,137.2822,147.7207,313.2878,44.7038,3099.4132
2020-10-23,158.9661,381.878,120.2574,219.8414,116.6461,178.9478,137.233,148.3169,312.2881,44.3063,3101.3882
2020-10-26,154.755,374.2418,119.7453,218.9897,116.6373,179.0363,137.151,148.25,313.9846,44.1756,3126.9995
2020-10-27,153.2752,374.8292,120.0672,221.9944,116.6534,179.2991,137.2166,148.4241,314.136,44.3744,3276.2571
2020-10-28,147.6773,365.6918,119.7014,219.6521,116.6779,179.2304,137.2112,147.7475,312.0761,43.8917,3191.2186
2020-10-29,148.6306,368.4983,121.2083,223.272,116.6839,179.4569,137.2057,148.0222,312.2276,43.7837,3241.0265
2020-10-30,149.0403,366.8666,120.9011,220.9534,116.6766,179.4752,137.1674,147.8212,314.2875,43.8065,3286.8056
2020-11-02,151.6491,374.046,122.7152,223.8162,116.6765,179.5193,137.1838,147.7542,316.7715,44.028,3298.0968
2020-11-03,156.1322,379.5284,124.383,221.3793,116.6653,179.5336,137.1183,147.7274,316.5594,44.0052,3395.2104
2020-11-04,156.6956,390.6891,124.9389,228.0275,116.6714,179.8799,137.3423,148.0222,316.1353,44.0848,3404.9247
2020-11-05,160.9193,391.5376,127.2358,228.5717,116.6566,179.694,137.2658,148.1026,320.4672,44.3006,3762.7596
2020-11-06,160.2985,388.4047,126.8115,229.3761,116.6475,179.657,137.2767,148.1964,319.9522,43.7724,3732.392
2020-11-09,163.9443,401.8498,130.4836,234.865,116.5827,179.1024,137.5663,148.0892,305.7752,43.9371,3653.0574
2020-11-10,167.2587,391.8639,130.3812,226.0874,116.5636,178.89,137.4843,148.3504,310.5009,44.4369,3663.4247
2020-11-11,168.8345,397.6727,131.5077,226.7026,116.5647,179.1097,137.5062,148.7792,308.5318,44.7947,3764.4722
2020-11-12,167.0921,394.1483,129.8838,227.9802,116.5669,179.2499,137.4131,149.0204,309.7436,44.6925,3915.0844
2020-11-13,169.3819,393.9525,130.2496,226.9628,116.5789,179.3427,137.331,149.1544,311.6217,44.6186,3917.3781
2020-11-16,170.5613,399.6307,132.5318,228.7373,116.5624,179.5006,137.5171,149.5697,311.5005,44.505,3998.816
2020-11-17,170.3277,397.6074,132.3709,226.9392,116.5563,179.6147,137.4569,149.496,309.7739,44.2949,4216.0713
2020-11-18,169.3203,398.5864,132.2538,227.0811,116.5578,179.5623,137.5445,149.2951,308.7136,44.7947,4252.4524
2020-11-19,170.7343,395.062,132.1661,227.2468,116.5501,179.6205,137.3858,149.1946,305.9267,44.3119,4261.3332
2020-11-20,170.3745,396.4326,132.6196,229.6363,116.5718,179.7207,137.5062,149.362,307.6534,44.471,4446.61
2020-11-23,170.1971,395.8452,133.6876,230.8193,116.5688,179.7213,137.4515,149.6434,302.0431,44.6641,4385.1945
2020-11-24,173.1762,401.8498,135.1067,232.0259,116.5711,179.7559,137.5062,149.8377,295.9119,44.7833,4571.8484
2020-11-25,172.3648,400.8055,133.5266,230.4407,116.5624,179.7688,137.4241,150.0655,296.1663,44.6925,4460.2772
2020-11-26,172.3648,400.936,134.3605,232.5937,116.566,179.8268,137.5007,150.1392,296.2269,44.7265,4077.0317
2020-11-27,172.9361,401.7845,134.8141,232.0022,116.5623,179.837,137.5062,150.2665,291.1862,44.5846,4068.3621
2020-11-30,169.2323,396.3673,132.4879,225.4723,116.5439,179.7873,137.4952,150.0789,290.1926,44.5221,4645.3834
2020-12-01,173.9969,399.7612,133.2194,226.1821,116.5244,179.4255,137.4241,149.8846,292.7736,44.2722,4463.0343
2020-12-02,171.8886,396.6284,131.815,225.0938,116.5201,179.3159,137.3803,150.1593,294.5063,44.1245,4506.1087
2020-12-03,171.8394,397.02,131.9174,227.1758,116.5374,179.5644,137.4515,150.655,293.3552,43.4202,4548.2903
2020-12-04,172.9318,399.2391,131.8442,227.3414,116.5466,179.5927,137.3037,150.8024,294.1307,43.6531,4362.7058
2020-12-07,172.2649,399.5002,131.1274,227.365,116.5635,179.7724,137.446,150.9833,299.2562,43.5509,4486.4321
2020-12-08,172.9903,401.0013,130.8055,228.3351,116.5738,180.0418,137.5664,151.2044,300.577,43.443,4285.8458
2020-12-09,172.9348,401.7192,131.8442,227.7909,116.5813,180.0422,137.4405,151.0369,297.9597,43.7099,4341.086
2020-12-10,173.2212,397.4769,131.0396,228.1931,116.5728,180.0094,137.4569,151.0369,295.0879,44.3631,4284.8725
2020-12-11,171.1303,395.8452,131.376,227.507,116.5904,180.2949,137.4022,150.923,296.3844,44.1416,4213.6618
2020-12-14,171.4864,398.8475,131.5516,224.455,116.5677,180.1513,137.4679,151.1709,292.9068,44.0052,4494.8262
2020-12-15,173.6079,396.1716,131.3322,224.0764,116.5651,180.2823,137.4788,151.2245,296.0936,44.3403,4528.8459
2020-12-16,174.3682,399.1086,131.4785,226.9155,116.5268,179.8939,137.3967,151.0369,296.5662,44.4028,4968.2812
2020-12-17,175.1595,398.5864,132.0637,227.4597,116.5354,180.0643,137.4022,151.1776,300.1165,44.6357,5296.9836
2020-12-18,174.4248,398.3906,132.0637,227.2468,116.5195,179.8871,137.4569,150.8024,299.9348,45.0616,5346.6154
2020-12-21,172.6985,395.6494,129.7521,224.9991,116.5251,179.7713,137.3749,150.2665,299.8378,44.7209,5289.3281
2020-12-22,172.0858,398.5864,130.7323,224.455,116.5201,179.7271,137.4952,150.6282,298.5777,44.9026,5507.2663
2020-12-23,175.0994,399.5002,131.4785,225.6616,116.4957,179.4386,137.3858,150.4674,299.1229,45.1696,5404.026
2020-12-24,175.4684,399.5002,131.4785,225.6616,116.4957,179.4386,137.3858,150.4674,299.1229,45.1696,5516.8779
2020-12-25,175.4684,399.5002,131.4785,225.6616,116.4957,179.4386,137.3858,150.4674,299.1229,45.1696,5735.9113
2020-12-28,176.4654,402.4372,132.7951,218.3982,116.5092,179.5457,137.5117,150.9096,299.644,44.63,6288.1825
2020-12-29,177.4799,401.1318,134.697,221.9471,116.505,179.7327,137.5828,151.2044,299.6197,44.8572,6343.102
2020-12-30,176.8204,400.2834,134.1557,225.9928,116.5064,179.7893,137.5664,150.9766,297.9233,44.8288,6669.7486
2020-12-31,174.0651,400.2834,134.1557,225.9928,116.5064,179.7893,137.5664,150.9766,297.9233,44.8288,6681.3289
2021-01-01,174.0651,400.2834,134.1557,225.9928,116.5064,179.7893,137.5664,150.9766,297.9233,44.8288,6833.5914
2021-01-04,177.0271,398.5212,133.4535,226.2531,116.425,179.7531,137.5555,151.0369,308.0774,45.7432,7395.1733
2021-01-05,178.6095,398.978,133.0585,229.7546,116.4276,179.7173,137.331,151.0101,308.8651,46.5667,7861.9446
2021-01-06,180.012,405.1784,134.4776,230.4881,116.4135,179.7325,137.3037,151.258,302.5036,46.7087,8483.225
2021-01-07,179.9636,409.8776,134.4044,227.8619,116.4227,179.6601,137.4077,151.5326,303.7759,46.669,9039.8931
2021-01-08,181.8251,412.7494,137.0817,236.7814,116.4259,179.9482,137.4898,151.7068,296.239,46.5213,9420.6215
2021-01-11,180.2096,416.078,137.3158,236.0716,116.3996,179.6686,137.5062,151.3384,295.8998,46.3793,8270.1823
2021-01-12,181.4351,415.2948,137.5791,236.9234,116.3866,179.4052,137.3803,151.0034,295.5847,47.0722,7904.5227
2021-01-13,180.1658,414.838,138.0619,237.6805,116.393,179.5922,137.3912,151.7001,297.79,47.413,8660.9088
2021-01-14,182.139,414.838,139.3054,243.8319,116.4141,179.7688,137.3858,151.6398,296.3723,47.5834,9129.8503
2021-01-15,179.1484,412.4231,137.8278,242.6489,116.3987,179.7459,137.3584,151.7738,294.6153,47.4073,8587.4919
2021-01-18,179.1484,413.2063,138.0619,245.2987,116.3858,179.2919,137.342,151.5996,296.5056,47.3619,8600.8023
2021-01-19,181.8641,412.8147,137.8132,246.0085,116.3763,179.3218,137.4241,151.6934,295.8149,47.1858,8462.8115
2021-01-20,182.0835,420.9731,137.9887,252.3019,116.3778,179.3882,137.3037,151.8676,300.1286,47.2369,8298.0194
2021-01-21,183.1074,420.1246,137.1256,251.5921,116.3672,179.1394,137.4241,151.0704,299.0018,47.0892,7209.538
2021-01-22,181.0304,417.9708,137.0671,250.3145,116.3682,179.0753,137.4679,150.7354,296.7964,46.5554,7687.2675
2021-01-25,179.8153,417.057,137.0963,254.9044,116.3772,179.5788,137.4569,151.0235,297.475,46.8109,7536.4009
2021-01-26,180.8903,419.4719,137.8132,252.2545,116.3767,179.5889,137.3858,151.1039,297.1115,47.2142,7598.2647
2021-01-27,176.3458,413.9895,137.0817,248.8476,116.3882,179.6842,137.331,151.1843,297.584,47.4641,7089.8718
2021-01-28,178.7163,417.057,136.1454,248.2325,116.3888,179.5845,137.331,151.4723,298.093,47.2199,7833.9034
2021-01-29,175.0647,408.3112,133.6583,243.548,116.378,179.4443,137.3365,151.4388,298.202,47.254,8023.025
2021-02-01,177.2961,413.5979,135.6626,249.794,116.3604,179.4358,137.4241,151.7805,300.1529,47.8844,7838.3778
2021-02-02,179.9912,424.4322,137.2719,254.0053,116.3487,179.2654,137.4624,151.9078,297.6083,48.3955,8337.473
2021-02-03,180.6115,425.3459,138.8519,257.6488,116.3375,179.2105,137.342,152.2763,298.0081,48.4864,8819.7458
2021-02-04,180.709,429.7841,139.2762,257.3649,116.3286,178.9904,137.4569,151.9547,290.7985,48.5716,8688.8227
2021-02-05,183.0395,431.6769,140.3149,257.7435,116.327,179.084,137.4679,151.8408,293.0886,49.1225,9032.2248
2021-02-08,182.2946,432.3948,141.9095,257.6962,116.3215,178.9088,137.3803,151.6867,297.0145,49.4917,10864.4171
2021-02-09,183.2831,431.6116,141.5438,259.2577,116.3194,179.0541,137.3803,151.5594,296.0815,49.486,10926.9854
2021-02-10,181.458,429.262,140.783,260.5826,116.3219,179.0881,137.4624,151.3116,295.2697,49.1566,10501.7181
2021-02-11,182.8765,432.0685,141.4121,263.9895,116.3274,179.1589,137.4405,151.5795,295.1,49.1736,11199.9115
2021-02-12,183.8346,432.199,142.3046,263.8002,116.315,178.7872,137.3639,151.479,293.5975,49.469,11095.9318
2021-02-15,183.8346,435.2013,143.5481,265.7876,116.2969,178.4861,137.3201,150.9364,292.2889,49.7246,11207.4488
2021-02-16,185.5818,434.0265,143.7237,262.9958,116.2907,178.2861,137.331,150.9565,290.1078,49.8779,11491.1917
2021-02-17,184.2515,433.2433,143.1092,263.4217,116.2836,178.1372,137.342,150.6014,287.236,50.196,12219.9971
2021-02-18,184.4007,431.9379,141.7779,258.3586,116.2673,177.7943,137.3803,149.7037,286.6302,50.4232,12154.7548
2021-02-19,184.1135,433.178,142.2899,259.9201,116.2692,177.808,137.3146,149.0606,286.8119,50.2641,13096.8144
2021-02-22,183.0334,427.1734,141.8656,250.9296,116.2663,177.9321,137.2216,149.8913,290.3865,50.5708,12666.8361
2021-02-23,182.5127,423.649,140.9001,248.2798,116.2592,177.6284,137.249,149.7372,289.5262,50.8548,11371.0724
2021-02-24,184.2243,428.5441,139.8321,246.529,116.2535,177.4181,137.2873,149.63,288.6901,51.3773,11590.1906
2021-02-25,180.8673,423.8448,137.9302,244.0211,116.2224,177.0064,137.2544,149.1276,283.3222,50.9059,10963.9036
2021-02-26,178.9842,422.4742,135.5309,240.141,116.2166,177.1538,137.2271,149.2884,277.2152,50.4118,10798.0602
2021-03-01,183.1789,430.5673,137.8717,246.671,116.2516,177.8383,137.3858,150.856,280.5595,50.5538,11632.8248
2021-03-02,184.3829,426.9776,136.277,243.9265,116.2467,177.7975,137.2435,150.7354,279.1297,50.3834,11375.5074
2021-03-03,182.6234,425.0196,135.7357,246.1031,116.2399,177.6662,137.249,150.4674,277.9907,50.196,11849.4233
2021-03-04,180.9979,420.712,134.7117,243.7372,116.2479,177.7527,137.3256,150.5344,277.5545,50.5992,11418.7561
2021-03-05,183.529,416.9265,134.0387,239.4786,116.2374,177.6044,137.2544,151.0101,277.2879,51.1672,11584.5683
2021-03-08,183.9386,433.4391,135.3993,238.9107,116.2239,177.6197,137.3365,150.6885,276.0277,51.4057,12414.1372
2021-03-09,187.9646,435.0055,135.2237,242.9328,116.2309,177.82,137.249,151.2379,281.1048,51.1388,13107.8397
2021-03-10,188.4895,436.115,135.9991,241.8445,116.2175,177.9058,137.2161,151.1441,281.2865,51.0365,13339.0327
2021-03-11,189.773,439.3131,135.1944,248.2325,116.2267,178.0455,137.2654,151.9346,280.5716,51.3148,13734.4071
2021-03-12,188.7038,436.2455,136.16,242.365,116.2169,177.9936,137.3091,151.7403,279.3357,51.3319,13553.7841
2021-03-15,189.0061,438.9868,137.2573,242.223,116.2215,178.0063,137.3201,152.2361,282.3044,51.366,13256.8502
2021-03-16,189.6285,443.7513,139.2176,244.2577,116.2293,178.1297,137.2982,152.4169,283.2374,51.3944,13497.0792
2021-03-17,190.9984,440.1616,139.2176,241.6079,116.2199,177.9026,137.2654,151.4924,282.9708,51.2467,14016.3249
2021-03-18,187.3619,440.2921,141.1634,244.0685,116.2135,177.6139,137.2106,151.3317,283.3465,50.4686,13682.1023
2021-03-19,188.4959,436.0498,140.6953,244.7782,116.227,177.8069,137.2709,151.3987,284.7399,50.5197,13872.1676
2021-03-22,189.7169,437.9425,139.7151,244.2577,116.2305,177.945,137.2271,151.7001,283.9038,50.4459,13002.8589
2021-03-23,186.1714,440.6185,139.1006,243.3113,116.2345,178.2203,137.331,151.9815,283.7463,50.2925,12998.2891
2021-03-24,187.2994,441.4017,137.9887,238.3902,116.2348,178.3102,137.2982,152.9797,285.9031,50.7526,12630.0046
2021-03-25,188.6965,438.5952,139.0128,238.3902,116.2459,178.4663,137.3037,152.9395,286.5454,50.2755,12402.3295
2021-03-26,191.7962,443.1639,140.3734,239.5259,116.2418,178.3141,137.3749,153.0333,286.2424,50.8832,13266.7768
2021-03-29,190.8843,445.4482,140.4758,240.9928,116.2328,178.1684,137.3256,152.6447,283.2253,50.6106,13882.0539
2021-03-30,191.3418,448.32,140.666,243.548,116.1938,177.7534,137.4131,152.4103,279.6507,50.4175,14183.1487
2021-03-31,191.8111,450.8654,139.2762,244.2577,116.209,177.9005,137.3475,152.8457,282.8981,50.4345,14240.7716
2021-04-01,194.7993,454.1288,139.5541,247.1441,116.2185,178.1217,137.435,153.2343,286.2909,50.5424,14277.1826
2021-04-02,194.7993,454.1288,139.5541,247.1441,116.2185,178.1217,137.435,153.2343,286.2909,50.5424,14284.6248
2021-04-05,197.4845,454.1288,139.5541,247.1441,116.2185,178.1217,137.435,153.2343,286.2909,50.5424,14220.3262
2021-04-06,194.8544,459.4807,138.5739,247.2388,116.1998,177.8802,137.4679,153.0132,286.921,50.6447,13951.7335
2021-04-07,194.3679,456.87,137.3304,241.2293,116.2062,177.9788,137.446,153.241,285.1882,49.9745,13375.2686
2021-04-08,195.7299,458.2406,137.7547,243.264,116.2149,178.1479,137.3749,153.375,287.2603,50.4799,13918.8292
2021-04-09,195.2793,459.546,138.4862,240.6615,116.1875,177.7038,137.4679,152.8993,285.7699,50.5708,13850.9705
2021-04-12,194.6285,461.1776,137.5937,240.6615,116.1872,177.7184,137.4186,152.8792,283.504,50.1051,14261.1401
2021-04-13,195.5951,461.8955,137.8717,241.4659,116.1834,177.699,137.2763,152.6246,284.5703,50.4572,15102.7187
2021-04-14,195.0392,462.6135,137.9156,241.8445,116.1785,177.6064,137.3201,152.3433,282.2438,51.0365,14959.5377
2021-04-15,196.2167,465.1589,138.2521,243.3587,116.1786,177.5873,137.446,152.4438,287.8177,51.5363,14967.9603
2021-04-16,198.7774,466.399,137.9595,243.8792,116.1762,177.5511,137.3803,152.0552,289.1505,51.5591,14573.7678
2021-04-19,198.9348,462.9398,136.4965,240.5669,116.1429,177.2665,137.4515,152.082,287.2603,51.4057,13191.9969
2021-04-20,194.2153,458.7627,133.2194,238.4376,116.1451,177.364,137.3803,152.1758,287.539,51.4284,13285.0857
2021-04-21,196.2034,463.0051,133.512,239.0054,116.1536,177.6421,137.4952,152.3098,290.4471,51.7635,12694.8156
2021-04-22,195.434,466.2032,135.6333,241.8918,116.1527,177.6221,137.3967,152.0418,288.9203,52.1952,12184.5233
2021-04-23,197.7391,464.702,135.5894,242.3177,116.1506,177.5356,137.4186,151.9413,286.9331,52.1725,12050.1544
2021-04-26,197.1013,465.7463,134.9457,241.2293,116.1378,177.5018,137.3803,151.7805,286.8483,52.5984,12661.5895
2021-04-27,197.2939,463.9841,133.1755,243.0748,116.1377,177.3768,137.3803,151.7872,286.9816,53.2232,12907.3656
2021-04-28,197.773,463.462,133.0731,243.7845,116.1345,177.2555,137.3694,151.8877,285.7941,53.0869,12849.3029
2021-04-29,197.0883,460.8513,132.444,241.9864,116.114,176.8672,137.3967,151.7805,284.4491,52.9165,12504.5665
2021-04-30,194.2886,463.7883,132.7074,241.2293,116.1193,177.0386,137.4022,151.881,286.1818,53.2289,13493.8905
2021-05-03,198.4156,464.8326,133.395,240.9454,116.1106,177.0954,137.3803,151.6532,289.3687,53.8252,13475.7831
2021-05-04,194.5498,460.1333,131.8588,236.6394,116.1192,177.272,137.4624,151.9413,289.199,54.45,12529.9068
2021-05-05,198.1206,465.2242,134.1557,239.4312,116.1159,177.2409,137.4898,151.9949,289.4413,54.6771,13542.8071
2021-05-06,199.7235,462.2219,133.7315,239.2893,116.1187,177.1851,137.3694,151.9078,293.3794,54.8759,13308.3159
2021-05-07,201.7377,465.6158,133.9363,240.9928,116.1094,176.8611,137.3858,151.8073,294.0459,54.8078,13466.8917
2021-05-10,198.5133,464.3757,134.9457,235.2199,116.0999,177.0227,137.3858,152.2696,294.5911,54.5806,13005.0162
2021-05-11,196.7131,454.7814,131.0981,233.3508,116.0833,176.671,137.3146,152.0619,293.3431,54.9214,13234.4715
2021-05-12,194.451,451.4528,129.1523,230.6537,116.0675,176.4116,137.249,152.2897,293.9489,55.6654,11468.0387
2021-05-13,197.1091,453.4108,128.494,228.8792,116.0671,176.008,137.2928,151.8274,294.5911,54.4386,11663.4002
2021-05-14,200.7642,456.6089,130.3959,230.3698,116.0591,176.1712,137.2709,151.3652,295.2091,54.1546,11703.1288
2021-05-17,199.4685,453.6719,129.3132,231.3398,116.0486,176.0066,137.2654,151.5527,299.232,54.6999,10153.4706
2021-05-18,199.538,452.7582,130.8055,233.4218,116.05,175.9474,137.249,151.8274,298.1051,54.5579,10001.638
2021-05-19,196.2816,443.8166,129.167,231.3161,116.0502,175.9037,137.2435,151.2714,300.5164,53.0982,8577.4398
2021-05-20,200.1558,453.0845,131.1127,233.8713,116.0409,176.044,137.2818,151.1709,299.6803,53.2289,9493.4597
2021-05-21,199.4125,455.6299,132.0051,231.4817,116.0494,176.3348,137.2544,151.4991,300.0075,53.2743,8646.5204
2021-05-24,201.3915,455.6299,132.0051,231.4817,116.0393,176.215,137.2544,151.4991,300.0075,53.2743,9002.3513
2021-05-25,200.9614,456.8047,131.3175,234.2735,116.049,176.7252,137.2654,152.3835,301.304,53.1323,8908.7421
2021-05-26,199.8133,458.6975,132.444,236.4738,116.0581,177.0527,137.3585,152.4973,303.7759,53.5128,9090.0244
2021-05-27,201.354,459.546,132.9268,236.6394,116.0495,176.8455,137.375,152.1758,302.3703,54.0808,8932.9216
2021-05-28,201.8418,461.1776,134.4337,237.3965,116.0503,176.8955,137.3092,152.8457,302.5278,54.3818,8295.8775
2021-05-31,201.8418,457.9795,132.9853,239.1473,116.0401,176.8397,137.3092,153.0065,303.6547,54.3136,8678.1195
2021-06-01,202.7336,457.9795,132.3709,241.9391,116.041,176.9488,137.3092,153.0065,302.128,54.7339,8497.6726
2021-06-02,203.2763,459.8723,133.629,243.1694,116.0493,177.0773,137.4243,152.7921,303.8062,54.9895,8714.6444
2021-06-03,201.9754,460.9818,134.0241,241.9391,116.0482,177.0464,137.3585,153.0601,300.2983,54.6999,9099.4038
2021-06-04,204.9317,462.6788,135.1652,242.4123,116.0537,177.2074,137.3476,153.4754,303.1397,55.2451,8616.5342
2021-06-07,205.2741,461.4387,135.2822,240.8035,116.0387,177.0358,137.3037,153.308,302.5036,55.1201,7815.1581
2021-06-08,204.8203,462.2219,135.6041,240.1883,116.039,177.1782,137.353,153.4152,302.7944,55.4439,7778.5248
2021-06-09,204.818,463.7883,134.7263,239.7152,116.059,177.583,137.4955,153.6496,302.5036,55.2451,8693.2466
2021-06-10,204.9279,465.8116,135.2969,241.182,116.0504,177.4685,137.3421,153.7099,303.0792,55.7051,8537.2616
2021-06-11,205.7613,469.2055,135.6626,241.4659,116.0529,177.7567,137.3311,154.3129,302.3582,55.9266,8690.9616
2021-06-14,207.3514,467.6391,135.0481,242.5069,116.039,177.543,137.3311,154.0851,299.6561,55.5348,9410.5436
2021-06-15,207.1749,468.0307,135.8528,240.1883,116.0316,177.4585,137.3421,153.8171,298.9412,54.9384,9445.0968
2021-06-16,205.0611,468.5528,136.043,240.9454,116.0322,177.5328,137.353,153.7836,298.9412,55.2281,8960.1643
2021-06-17,205.4048,474.6227,137.0378,245.1568,116.0207,177.1167,137.4024,152.7988,289.6958,54.3136,8989.0483
2021-06-18,202.7768,472.4035,134.9604,244.0685,116.0155,177.1231,137.3969,152.2629,292.0829,54.6431,8512.019
2021-06-21,206.495,474.8837,135.3554,242.4123,115.9903,177.0216,137.2818,152.1557,291.7678,54.6544,7559.5439
2021-06-22,205.8814,477.8207,136.6721,240.9928,115.994,176.9967,137.3366,152.4504,290.7742,54.9952,7732.0449
2021-06-23,204.1947,477.2986,135.0043,243.264,115.9954,177.0921,137.2325,152.6112,291.4164,55.0463,8005.3725
2021-06-24,206.2213,481.0188,135.6626,245.0621,115.9951,177.1456,137.3311,152.7452,290.6409,54.9327,8230.8305
2021-06-25,206.694,482.3242,136.7745,247.2861,115.9883,176.8907,137.2599,152.2361,290.4955,55.0747,7514.3976
2021-06-28,204.8877,483.3032,136.2185,247.9959,115.9809,177.0049,137.3311,152.6447,290.6409,55.5916,8170.5186
2021-06-29,205.2363,485.7181,137.0963,247.3334,115.9789,177.0598,137.353,152.9328,288.3387,55.9834,8520.0954
2021-06-30,203.9429,488.0024,135.882,248.2798,115.9818,177.2847,137.353,153.3348,290.3259,55.779,8342.528
2021-07-01,205.937,489.1772,135.8528,245.9612,115.9883,177.464,137.3695,153.3683,291.0166,56.966,8023.2967
2021-07-02,206.699,492.9627,136.5843,245.1095,115.9915,177.666,137.3804,153.8841,293.1492,57.091,8108.1546
2021-07-05,206.699,494.4639,137.0817,241.4659,115.9782,177.5138,137.375,153.7836,294.1428,57.3181,8065.2361
2021-07-06,205.0849,492.3753,136.5697,241.0401,115.984,177.8827,137.4188,154.4067,297.1115,55.9494,8176.9132
2021-07-07,207.048,495.7039,137.3889,241.3713,115.9938,178.0996,137.4133,154.3531,297.4629,55.5632,8113.0458
2021-07-08,204.9322,489.373,134.858,234.6048,115.9995,178.0798,137.4571,153.9444,295.7301,55.7449,7899.4824
2021-07-09,207.2164,493.028,137.8132,238.1063,115.9865,177.958,137.3695,154.1521,297.2569,56.1993,8083.2592
2021-07-12,207.7839,495.6387,138.6178,237.5858,115.9748,178.0387,137.4133,154.1521,296.445,56.3242,7913.0098
2021-07-13,206.6118,499.7505,138.8812,241.5133,115.9722,178.1765,137.4024,154.3732,299.0502,56.9433,7809.7969
2021-07-14,208.5251,497.8577,138.9982,241.4659,115.972,178.1736,137.3585,154.4737,300.274,57.0001,7898.3341
2021-07-15,205.2774,497.5314,137.8863,243.7845,115.9824,178.281,137.4188,154.7014,300.9405,56.966,7610.2183
2021-07-16,204.2766,495.8998,136.555,241.8445,115.9862,178.5511,137.4243,154.9158,298.8685,57.0682,7537.9175
2021-07-19,200.0843,488.3287,134.58,237.2073,115.9792,178.5139,137.4243,154.8086,298.3717,55.6086,7391.7192
2021-07-20,201.6197,494.3333,135.8382,238.0117,116.0092,178.6773,137.4681,155.0565,299.3653,56.4946,7161.5744
2021-07-21,205.6449,497.4009,135.8674,238.2956,116.0063,178.5668,137.3969,155.2374,298.093,57.0114,7721.3503
2021-07-22,205.8313,499.8158,137.0963,240.2357,116.0108,178.6732,137.4517,155.3915,299.026,57.3636,7764.346
2021-07-23,207.9587,506.6688,137.9887,236.0953,116.0176,178.8446,137.5065,155.847,298.299,57.8861,8082.8363
2021-07-26,208.7435,505.3635,136.5989,229.3051,116.0105,178.7783,137.4845,156.0145,296.9297,58.0792,8986.3449
2021-07-27,207.678,500.3379,135.7943,219.5812,116.0253,178.9501,137.5722,156.5773,296.8207,57.7839,9456.826
2021-07-28,208.4766,504.8413,136.9647,228.8319,116.0277,178.9279,137.5558,156.671,297.1721,57.9883,9585.6984
2021-07-29,209.6895,503.8623,137.0232,230.0622,116.0265,178.9335,137.5229,157.3812,300.0802,58.3177,9570.2184
2021-07-30,207.889,503.0139,135.2969,228.9029,116.0287,179.0163,137.5777,157.5688,299.4016,57.852,10062.9972
2021-08-02,209.3169,504.7108,136.555,230.0622,116.0212,179.1216,137.5722,157.897,297.8264,57.4999,9360.6432
2021-08-03,210.7023,502.557,135.9991,227.4597,116.0275,179.3117,137.5503,157.8367,297.4871,57.1818,9104.3336
2021-08-04,210.6124,504.8413,135.7943,230.701,116.0294,179.4181,137.5832,157.8501,297.6446,57.1478,9488.9967
2021-08-05,212.2799,506.9952,136.5111,231.0086,116.0342,179.4981,137.5229,157.7362,296.8328,57.534,9783.2707
2021-08-06,211.1514,511.6291,137.0524,229.2578,116.0035,179.1953,137.5065,157.5822,291.7921,57.2841,10250.782
2021-08-09,212.5473,512.4123,137.0671,231.7657,115.9908,179.301,137.5284,157.4616,286.7756,56.3526,11181.8892
2021-08-10,213.3312,513.7177,137.0817,233.4455,115.9848,179.3679,137.4845,157.9171,287.2481,57.3295,11004.0208
2021-08-11,215.0842,513.2608,138.5447,233.7057,115.9797,179.1445,137.4955,157.9372,290.4349,57.2841,11020.3093
2021-08-12,214.6826,514.5661,138.3545,232.0259,115.9793,179.1747,137.4681,158.2789,290.6167,57.3863,10721.6537
2021-08-13,216.4155,514.1092,138.3984,230.0622,115.9718,179.188,137.4571,158.3124,293.5006,57.6021,11539.2598
2021-08-16,214.1809,513.2608,137.4474,227.1048,115.9624,179.3369,137.4188,158.0779,295.2576,57.4999,11052.3497
2021-08-17,212.7332,514.9578,137.1695,225.3067,115.9654,179.2644,137.4517,158.0377,296.3602,57.4658,10751.2643
2021-08-18,213.4231,515.3493,137.3158,226.3477,115.9689,179.3726,137.4681,158.299,296.6026,57.0342,10841.3371
2021-08-19,211.0428,512.2165,135.7211,220.2436,115.9646,179.3584,137.4681,158.1047,297.0388,55.7279,11311.3019
2021-08-20,212.7308,518.9391,135.9552,220.9061,115.9679,179.4551,137.4791,158.0779,297.5356,55.9834,11973.3645
2021-08-23,214.2008,522.6593,137.9302,220.7878,115.9552,179.3031,137.4626,158.0444,299.6318,56.4321,12002.0541
2021-08-24,213.4975,522.594,138.6763,228.3587,115.9477,179.2932,137.4462,158.299,299.6197,57.1818,11510.0929
2021-08-25,213.6184,523.6383,138.3984,227.1521,115.9371,178.9594,137.4571,157.542,296.1785,57.3749,11804.207
2021-08-26,211.9752,520.7012,137.7254,225.5906,115.9305,178.6781,137.4517,157.3276,297.3538,57.4658,11297.0566
2021-08-27,214.694,522.2024,137.8717,225.9928,115.9229,178.7052,137.4462,157.542,298.9048,58.011,11824.4698
2021-08-30,213.9189,525.4658,138.0034,226.4187,115.9163,178.8723,137.4298,157.897,298.8927,57.9883,11300.58
2021-08-31,213.3757,524.291,138.9397,230.7956,115.908,178.6504,137.4078,156.9993,298.4928,57.9088,11329.4243
2021-09-01,214.6313,521.7455,140.2125,233.4928,115.9031,178.5751,137.4133,156.9323,298.3353,57.6362,11719.7536
2021-09-02,215.1734,521.4192,141.1634,232.9013,115.9069,178.6941,137.4298,157.4348,297.5598,58.2269,11804.4747
2021-09-03,213.7692,520.636,144.0601,230.7483,115.892,178.4623,137.3804,157.6023,300.1529,58.2269,11935.5654
2021-09-06,213.7692,523.1814,147.7249,233.9187,115.8881,178.4286,137.3804,158.4397,299.3531,58.2155,12547.8542
2021-09-07,212.974,519.3959,145.6109,234.9833,115.8708,178.0179,137.353,157.4683,295.4393,57.7611,11170.0041
2021-09-08,211.3161,518.3516,146.0937,231.1032,115.8599,178.0751,137.3476,157.763,295.4999,58.3064,11027.5172
2021-09-09,211.1124,519.8528,146.7008,229.1158,115.8737,178.4872,137.4078,158.721,295.2212,58.2723,11122.2783
2021-09-10,210.3803,516.9157,147.6152,229.6363,115.8674,178.4521,137.3695,158.6138,295.4999,58.42,10754.6476
2021-09-13,211.8511,513.8482,148.5661,229.0922,115.864,178.3752,137.375,158.9622,295.8271,58.8516,10786.3572
2021-09-14,211.3013,514.6314,148.3833,226.6553,115.867,178.4461,137.3859,158.5737,297.6325,58.9766,11297.1911
2021-09-15,211.4566,515.2841,148.8221,223.7215,115.8583,178.2781,137.3476,158.2119,295.6817,60.1352,11564.0273
2021-09-16,211.0965,517.5032,149.4439,223.4849,115.8474,177.9956,137.3695,158.0712,290.7621,59.5445,11455.1268
2021-09-17,208.6651,517.4379,149.0782,223.9108,115.8379,178.0628,137.375,158.1583,291.2468,59.3514,11382.0395
2021-09-20,205.2545,507.7131,146.9934,218.4455,115.8548,178.3966,137.3366,157.9707,292.7009,58.7267,10349.8269
2021-09-21,207.3848,511.2375,148.6393,218.8004,115.8516,178.5713,137.3147,158.1851,296.2027,58.0792,9830.1889
2021-09-22,209.4954,513.5871,147.8346,222.16,115.8423,178.4692,137.3147,158.3794,295.2212,58.7494,10532.643
2021-09-23,212.9527,519.3306,148.3101,222.2783,115.8291,178.1126,137.2654,158.0243,290.229,59.4196,10884.5441
2021-09-24,209.4951,518.7433,148.1638,220.7405,115.8102,177.7429,137.2873,157.3678,291.4286,59.9989,10339.7441
2021-09-27,209.493,519.2654,148.1638,222.0181,115.8074,177.7222,137.2435,157.8367,291.7557,61.2938,10208.919
2021-09-28,205.0292,508.8879,145.4353,219.7231,115.7984,177.3978,137.2544,158.0511,289.9866,61.6232,9940.8439
2021-09-29,204.4982,511.9555,146.4814,220.6222,115.8073,177.7174,137.249,157.9707,290.5077,61.2484,10078.2058
2021-09-30,205.2723,511.2375,145.4792,222.9171,115.8034,177.4589,137.2161,157.5822,295.7907,61.8391,10695.6307
2021-10-01,207.0391,508.6921,143.3872,219.9834,115.8218,177.8552,137.249,158.3057,295.5968,61.8391,11779.7811
2021-10-04,205.3912,501.9043,140.0954,215.914,115.8104,177.6481,137.2544,158.4732,295.8028,62.8727,11989.6508
2021-10-05,206.193,512.2818,141.9388,218.8004,115.807,177.6171,137.2599,159.2436,295.403,63.6679,12563.9003
2021-10-06,205.2448,509.9322,139.3786,217.7594,115.7949,177.5096,137.1777,158.4397,296.9661,62.9863,13528.0938
2021-10-07,207.5074,522.4635,141.7486,225.9218,115.8029,177.5465,137.227,158.2387,296.0331,62.8387,13194.3507
2021-10-08,207.5539,519.2654,140.8416,225.9455,115.7923,177.4307,137.2216,158.1248,295.7301,63.4748,13228.9961
2021-10-11,206.2172,521.2234,142.5094,227.8855,115.7674,177.1845,137.1284,157.9707,295.8998,63.3385,14083.4393
2021-10-12,207.2535,517.3726,141.0318,226.2294,115.7552,176.9641,137.1503,158.2387,297.0388,63.3498,13744.3432
2021-10-13,210.6919,514.6314,140.0077,228.6426,115.7529,177.1464,137.09,158.3928,301.8856,63.1227,14101.9712
2021-10-14,211.8168,524.6173,142.0558,228.4534,115.7672,177.4006,137.2435,159.1431,302.1037,64.0882,14002.8329
2021-10-15,213.5612,528.6638,143.4018,232.2389,115.7568,177.2338,137.2161,159.4446,297.5719,64.4517,15056.9971
2021-10-18,212.4895,529.8387,142.3923,231.6,115.7107,176.8991,137.1174,159.746,296.8934,63.8724,15155.4281
2021-10-19,213.369,533.0367,142.7434,234.5101,115.6848,176.5845,137.1394,159.1364,296.542,63.6338,15678.9886
2021-10-20,213.9107,533.6242,142.6703,235.4802,115.7128,176.9934,137.1722,159.1163,298.408,63.9746,16076.232
2021-10-21,213.4566,534.081,140.1393,233.4455,115.7034,176.6408,137.0681,159.8398,297.7416,62.7819,15124.7847
2021-10-22,215.0318,535.7779,141.5584,233.3035,115.6864,176.5608,137.1174,160.4093,300.2983,63.2249,14793.4092
2021-10-25,213.9797,540.673,142.4509,234.3682,115.7033,176.7016,137.1394,160.9787,303.2003,64.8606,15346.1432
2021-10-26,215.3155,547.1345,143.6651,233.4928,115.7087,176.7614,137.1284,161.4075,300.5891,64.588,14730.6216
2021-10-27,214.877,549.0924,142.7581,231.3398,115.7142,177.0139,137.1394,161.6889,301.304,64.463,14288.0731
2021-10-28,217.2203,546.6123,142.4509,228.5953,115.6827,176.3516,137.112,160.349,300.7466,63.4975,14808.4394
2021-10-29,214.0836,556.5982,143.3286,228.0985,115.6405,175.5094,137.0243,157.8166,299.6803,63.6565,15092.0817
2021-11-01,218.3508,556.4677,145.1574,229.1631,115.6423,175.4787,137.0572,157.8434,301.3161,63.6679,14957.8257
2021-11-02,217.0113,560.0573,145.5377,225.9218,115.721,176.4261,137.112,158.1918,300.7587,63.9064,15445.3109
2021-11-03,219.4891,558.752,145.2598,226.8919,115.7116,176.6469,137.1174,158.031,296.6753,63.4521,15409.4519
2021-11-04,218.1154,568.8031,147.0666,228.9029,115.8005,177.215,137.1777,159.1833,302.5157,63.2817,14991.0103
2021-11-05,219.6639,571.5444,147.6152,227.8855,115.8021,177.6837,137.249,160.6036,305.442,63.4521,14989.2918
2021-11-08,219.6899,568.8031,146.4448,229.0448,115.7925,177.5849,137.249,161.039,306.5022,63.3953,16549.4599
2021-11-09,219.0099,566.3882,145.9035,228.3351,115.8156,177.7492,137.2818,161.6152,307.2596,62.4752,16371.6507
2021-11-10,216.3981,567.8894,145.5963,231.2452,115.8122,177.4161,137.2599,160.838,314.1057,63.3044,15882.9357
2021-11-11,219.2533,568.0199,146.4082,235.1489,115.7946,176.9951,137.238,160.8112,316.3171,63.9064,16023.3405
2021-11-12,220.4962,571.4138,148.237,235.7404,115.8411,177.1914,137.3257,160.7777,317.0138,64.0882,15875.9923
2021-11-15,219.9434,572.5234,148.7856,236.4738,115.811,177.042,137.2051,160.7777,317.9226,64.0427,15740.6005
2021-11-16,220.9189,581.2039,149.1513,238.5322,115.844,177.0382,137.1777,161.0524,318.7102,65.1446,14997.934
2021-11-17,222.0913,579.768,147.9444,238.1063,115.835,177.0393,137.1119,161.106,321.0731,64.9742,15109.6926
2021-11-18,222.3157,578.3321,148.2004,232.1915,115.8516,177.3317,137.1229,160.9653,319.2858,64.4062,14252.22
2021-11-19,218.4547,581.2691,148.8953,232.9013,115.8787,177.7561,137.1832,160.9452,319.7099,64.0995,14486.4863
2021-11-22,218.4797,585.8379,149.6634,231.2688,115.8606,177.7774,137.1339,159.813,313.9543,64.5766,14145.5994
2021-11-23,218.3576,575.6562,148.3101,228.9266,115.8449,177.0506,137.079,158.5871,308.4107,65.1219,14510.4403
2021-11-24,216.9156,581.5955,147.286,229.9912,115.8465,176.8016,137.0955,157.9707,311.6823,65.8602,14182.1245
2021-11-25,216.9156,584.1409,147.286,230.772,115.8199,177.0243,137.0297,159.0426,310.8341,65.7125,14486.7118
2021-11-26,212.2882,564.8218,142.407,219.4865,115.8489,177.6091,136.9256,158.7746,309.2892,62.6569,13541.5685
2021-11-29,212.1961,573.6329,143.1238,220.7168,115.8076,177.3441,136.879,159.4781,308.5924,62.5093,14504.4535
2021-11-30,210.6485,565.2134,140.0223,219.0843,115.8226,177.8111,136.805,159.9537,306.3508,60.6009,14303.1133
2021-12-01,208.7461,569.6516,143.3286,223.9581,115.7744,177.3539,136.9256,159.6054,307.1081,60.3965,14312.7129
2021-12-02,211.3498,560.6448,141.5145,222.9171,115.803,177.7797,137.0571,160.1413,304.1697,60.0216,14138.085
2021-12-03,209.9933,556.5982,142.9629,218.1616,115.7686,177.728,136.9804,160.55,306.3508,60.7486,13433.0374
2021-12-06,212.4597,559.9921,143.5188,219.8178,115.7515,178.0691,136.9311,160.7576,307.4716,60.0443,12678.8261
2021-12-07,217.1101,577.4837,146.9934,224.9045,115.718,177.9836,137.0462,161.2668,309.3498,61.3847,12728.6677
2021-12-08,218.0465,571.2833,145.962,225.1411,115.6945,177.4687,136.953,160.1681,306.3508,61.1234,12691.0874
2021-12-09,214.7032,575.4604,145.7865,224.7862,115.699,177.7485,137.0571,160.6036,306.7143,60.9985,11906.3338
2021-12-10,216.2113,571.8707,144.9233,222.9644,115.6774,177.8957,137.0845,160.7576,307.5625,60.7145,11853.8536
2021-12-13,213.579,570.6959,144.1625,220.2673,115.6538,178.0634,137.1064,161.5013,308.5621,61.1462,11707.7332
2021-12-14,212.7282,562.0806,143.0946,220.0307,115.6538,178.0634,137.09,160.9452,306.3811,60.5441,11703.8009
2021-12-15,216.0208,562.7333,144.6014,216.7421,115.6321,177.9729,137.0051,160.8581,305.5632,60.2034,12303.6293
2021-12-16,215.7136,569.8474,146.2839,218.9187,115.6442,177.6786,137.0462,160.8849,309.6527,61.2143,11962.4706
2021-12-17,211.7495,564.4955,144.6746,217.996,115.6685,177.9838,137.1064,161.5348,311.4399,61.1007,11550.8526
2021-12-20,213.6777,549.8104,142.0412,212.2231,115.6665,178.07,137.1503,161.1194,309.3195,59.7604,11814.8394
2021-12-21,215.7655,560.3837,143.7529,217.4755,115.6463,177.5376,137.0297,160.7978,308.5318,61.1689,12295.9179
2021-12-22,218.2374,568.9337,143.4018,216.5055,115.6355,177.1931,137.0133,161.863,308.8651,61.8391,12207.6178
2021-12-23,218.9309,576.831,144.5722,219.1316,115.6068,176.8706,137.1284,161.2534,311.0765,62.1003,12702.3824
2021-12-24,218.9309,576.831,144.5722,219.1316,115.6105,176.8777,137.1284,161.2534,311.0765,62.1003,12713.5296
2021-12-27,221.4167,581.0733,144.3674,219.7941,115.584,176.7863,137.1722,160.8447,311.652,63.0318,12671.4999
2021-12-28,221.4009,583.0966,145.1135,217.3572,115.5742,176.8061,137.1832,160.9653,311.5914,63.0659,11901.8548
2021-12-29,222.056,581.5302,143.5188,216.4581,115.5748,176.5787,137.2161,159.9805,309.6224,62.7705,11631.3681
2021-12-30,220.2974,584.0104,143.6066,216.5291,115.5533,176.3063,137.0955,160.3155,309.9253,62.7592,11767.8501
2021-12-31,220.9806,584.0104,143.6066,216.5291,115.5551,176.3125,137.0955,160.3155,309.9253,62.7592,11586.2448
2022-01-03,222.1356,580.6818,143.8992,221.2846,115.5123,176.0183,136.953,159.7661,310.4403,62.2934,11574.6955
2022-01-04,223.8273,582.5745,145.7133,219.4865,115.5133,176.2902,136.9475,160.3289,312.9546,63.3385,11507.0915
2022-01-05,222.1815,577.4184,146.1815,219.2026,115.4933,176.1378,136.9311,159.6723,313.5907,63.5202,10941.3147
2022-01-06,220.7844,567.302,143.2994,218.3509,115.4744,175.8504,136.8763,158.6942,308.5924,63.4521,10810.2184
2022-01-07,222.2129,562.0806,141.339,219.7468,115.4655,175.8396,136.8544,158.5335,307.5322,63.5997,10424.0284
2022-01-10,218.0919,552.9432,140.9732,219.4155,115.4475,175.5274,136.8297,158.6138,308.8348,63.3498,10437.3515
2022-01-11,221.264,561.8196,142.3631,224.6679,115.4351,175.5965,136.7968,158.721,311.3491,64.2245,10687.7683
2022-01-12,222.5947,564.5608,143.7529,227.7436,115.455,175.9102,136.8489,159.0426,310.9553,64.7924,10956.3177
2022-01-13,219.4975,562.3417,143.1823,226.0401,115.4587,176.0217,136.8461,159.19,308.6833,64.0427,10548.1333
2022-01-14,218.593,552.2906,141.851,224.5733,115.4559,175.8663,136.805,158.9019,310.4706,64.3494,10659.5652
2022-01-17,218.593,555.9455,142.0997,224.7389,115.4318,175.5686,136.7804,158.5737,310.5009,64.7697,10492.0522
2022-01-18,216.3348,550.202,140.8855,223.414,115.4436,175.5049,136.7584,158.5603,311.5005,65.2468,10523.2335
2022-01-19,218.4952,547.4608,139.1299,223.6032,115.4379,175.3227,136.7776,158.3258,315.7718,66.0987,10440.5078
2022-01-20,216.6138,552.8127,140.666,229.7783,115.4529,175.5132,136.7447,158.3995,316.105,66.4168,10162.0827
2022-01-21,214.0047,538.8455,139.203,225.354,115.4639,175.8282,136.8461,158.4732,315.0145,66.1328,9131.0041
2022-01-24,210.1834,514.5661,136.3795,217.0496,115.4955,175.9268,136.7721,158.4531,315.7415,65.5876,9157.9123
2022-01-25,209.0155,521.0928,136.5697,219.2973,115.5055,175.95,136.7447,158.5603,318.9223,66.4509,9246.9217
2022-01-26,209.8643,534.1463,137.1987,220.8824,115.4966,175.758,136.753,158.4732,316.4383,67.0643,9237.4047
2022-01-27,210.6769,537.9318,135.6187,220.078,115.4651,175.49,136.8297,158.8751,313.4393,67.814,9359.6348
2022-01-28,213.1259,531.8619,133.9802,217.3808,115.4456,175.2865,136.7913,159.1766,311.5308,68.5069,9604.9065
2022-01-31,216.378,542.6963,135.4578,223.7688,115.3782,174.743,136.6461,159.525,312.0458,68.1547,9777.8533
2022-02-01,217.5016,546.2207,136.0576,226.3004,115.3738,174.5997,136.6735,159.1632,313.1969,68.7113,9776.2157
2022-02-02,217.9155,551.5726,137.9449,223.4849,115.358,174.2894,136.6461,158.9622,311.8035,69.1203,9287.8183
2022-02-03,214.396,542.9574,134.7409,220.6222,115.2625,173.3898,136.4022,156.9256,307.7442,67.848,9317.0144
2022-02-04,211.3046,534.6684,134.3898,219.4155,115.1581,172.225,135.9281,155.9073,307.199,68.3024,10283.3068
2022-02-07,211.0751,536.3654,135.4578,218.2326,115.1448,171.7249,135.9062,155.3714,309.6224,67.9162,10844.5924
2022-02-08,212.037,538.2581,136.0284,221.0244,115.1594,171.5142,135.9994,155.0766,311.864,67.7004,10925.0259
2022-02-09,216.0361,546.0249,137.3889,224.4076,115.2082,171.8665,136.046,155.6058,311.7429,68.1434,11000.4474
2022-02-10,213.2698,541.1299,136.5258,224.1001,115.198,171.5811,135.9802,154.4469,311.9246,68.3706,10808.2507
2022-02-11,209.3982,534.9295,136.2624,223.5796,115.1811,171.3854,136.046,154.5273,313.5907,68.0525,10526.6886
2022-02-14,208.2629,530.426,136.3795,221.1663,115.2312,171.5114,136.0076,155.0029,320.3763,69.3588,10618.0587
2022-02-15,214.1775,536.2349,136.6574,223.6269,115.1984,171.0551,136.0213,154.5875,317.3773,68.8022,11171.5139
2022-02-16,213.9363,532.1883,136.1161,224.242,115.2254,171.5332,136.046,155.09,319.407,69.6996,10968.8416
2022-02-17,209.849,528.5986,135.648,224.8335,115.2571,171.6896,136.1665,155.6661,324.7688,69.7337,10098.1373
2022-02-18,208.7853,521.0276,134.8872,220.3856,115.306,172.1667,136.257,155.7733,325.2837,70.1199,9979.5464
2022-02-21,208.7853,514.8272,133.5705,217.9723,115.3022,172.0746,136.109,155.8001,325.8896,70.5629,9282.9414
2022-02-22,206.5592,516.3284,133.6437,216.4818,115.2023,171.4397,135.9446,155.8336,326.6166,71.0172,9592.4901
2022-02-23,204.6179,512.4123,132.9561,215.2752,115.1897,171.4111,135.8898,156.6308,328.3736,71.6988,9328.5199
2022-02-24,201.0197,508.0394,131.3614,209.2421,115.2669,171.9779,135.7802,158.9555,335.6742,74.6749,9607.5283
2022-02-25,209.2139,525.4658,134.3459,213.7847,115.2278,171.8658,135.7089,157.964,326.4955,71.0059,9929.497
2022-02-28,204.4086,529.8387,135.3261,214.0449,115.3316,172.2313,135.9309,159.4714,329.6459,72.4485,10946.4555
2022-03-01,198.3781,526.3795,134.3898,214.7783,115.5041,174.1909,136.1857,164.0537,338.5217,76.6514,11205.8483
2022-03-02,202.9564,533.4936,133.7607,214.3288,115.4319,173.8855,136.109,163.759,336.2497,77.6737,11179.9736
2022-03-03,197.4878,534.2115,133.5998,212.8146,115.3648,173.1161,136.0542,163.6987,340.0363,79.4116,10825.0722
2022-03-04,189.9158,529.9692,133.4681,209.6206,115.5265,173.996,136.2981,166.5861,350.0935,82.6717,10020.9982
2022-03-07,186.9005,527.1627,130.7762,205.6932,115.4727,173.8271,135.8021,168.4351,354.9404,85.7046,9917.954
2022-03-08,191.4807,513.3261,128.099,203.1853,115.3963,173.2126,135.602,168.0465,368.2995,86.318,10102.464
2022-03-09,201.0986,520.1139,128.9621,205.2437,115.3093,172.4331,135.6431,164.5093,351.2749,80.8997,10915.8403
2022-03-10,193.5051,514.6314,129.3864,201.3162,115.2331,171.6135,135.5335,161.642,352.2443,79.5252,10091.4059
2022-03-11,193.3586,523.1161,129.3425,200.4409,115.1801,171.0959,135.7473,163.4642,353.1531,80.5362,9980.9785
2022-03-14,198.2621,514.1092,128.4355,194.5497,115.1467,170.6308,135.6185,162.6469,347.2157,78.3666,10281.6991
2022-03-15,199.5351,523.3772,130.191,192.2311,115.1986,170.8759,135.7117,162.0707,341.9751,77.3556,10186.3221
2022-03-16,206.8823,532.8409,131.8881,207.6333,115.175,170.5367,135.6596,160.4361,337.5523,76.5264,10628.3264
2022-03-17,207.2261,532.9715,132.9707,207.7279,115.1609,170.4465,135.75,161.3338,340.521,78.4348,10528.1105
2022-03-18,207.4631,543.2184,135.2969,214.1159,115.178,170.8375,135.7884,161.9099,338.9155,78.696,10671.4809
2022-03-21,206.4555,545.7639,135.9259,209.2421,115.1241,170.3778,135.6952,161.1328,341.6418,81.2177,10540.4077
2022-03-22,209.6767,554.5096,136.3063,215.0149,115.0518,169.7612,135.6596,161.6152,339.9152,80.6611,10894.6242
2022-03-23,205.5399,551.8337,136.1161,216.2689,115.0694,169.9783,135.7062,162.7942,342.3992,83.2283,11019.488
2022-03-24,207.1797,552.0947,136.277,213.619,115.032,169.7032,135.5993,162.6134,348.0336,83.6827,11317.8998
2022-03-25,207.2517,555.4886,136.4819,212.578,114.9762,169.2869,135.6103,162.2985,347.0037,83.9212,11414.3459
2022-03-28,208.2427,559.2089,134.6093,213.0985,114.9247,169.1241,135.55,161.9702,343.9441,81.8993,12160.2485
2022-03-29,213.2986,564.2997,135.4578,216.6474,114.8383,168.6506,135.7034,161.8831,335.4318,79.0141,12234.076
2022-03-30,210.5256,560.9058,133.8046,215.4171,114.745,167.6998,135.4897,162.2315,337.6735,80.5362,12023.3679
2022-03-31,205.0831,561.6238,133.6437,214.0212,114.8369,168.5922,135.6267,162.7675,341.3389,80.6271,11560.7319
2022-04-01,209.1637,557.1203,133.1316,217.7594,114.8221,168.3208,135.6322,162.3923,340.3696,80.4907,11844.2947
2022-04-04,209.7715,565.8009,135.0774,223.8162,114.8584,168.9818,135.6706,163.424,342.3992,81.2064,11958.6536
2022-04-05,208.9933,567.8241,133.0877,221.1663,114.8254,168.1468,135.4815,162.6536,343.7926,82.5013,11761.0835
2022-04-06,207.9647,554.5749,130.6153,216.813,114.7904,167.3786,135.4048,162.4392,344.4591,81.8198,11225.593
2022-04-07,209.1667,554.7054,130.1033,214.4708,114.7643,167.2186,135.3664,162.1511,345.3376,81.0701,11311.2901
2022-04-08,210.0126,559.9921,131.0249,215.9376,114.7395,167.0354,135.3226,161.9166,348.6092,82.6035,11028.8662
2022-04-11,207.8013,548.3093,128.611,213.619,114.6418,166.4721,135.2047,161.2534,349.5786,82.206,10288.5004
2022-04-12,206.448,550.1367,128.1721,214.3288,114.6993,166.7531,135.1499,162.1444,354.2133,84.6255,10452.7791
2022-04-13,209.8805,546.9387,128.3769,214.4234,114.6902,166.8107,135.1636,162.2315,354.7586,85.0798,10774.8977
2022-04-14,207.5796,549.8757,129.3132,212.7673,114.7453,166.7523,135.2376,161.5549,354.698,86.4316,10385.0847
2022-04-15,207.5796,549.8757,129.3132,212.7673,114.7453,166.7523,135.2376,161.5549,354.698,86.4316,10619.4389
2022-04-18,208.3586,549.8757,129.3132,212.7673,114.7453,166.7523,135.2376,161.5549,354.698,86.4316,10696.53
2022-04-19,209.9258,552.8779,127.031,208.3667,114.7084,165.8344,135.2211,161.3673,352.8805,86.4997,10907.5356
2022-04-20,211.4157,554.3138,127.7917,205.5512,114.7137,166.3678,135.0951,162.0439,350.5782,85.3865,10861.0195
2022-04-21,208.3714,554.4443,128.3623,202.9014,114.6124,165.9401,134.9608,161.2668,348.5486,85.7841,10584.3535
2022-04-22,205.4314,539.9551,126.6945,203.0907,114.4902,165.2281,134.8211,160.5433,348.6395,85.3638,10392.8809
2022-04-25,204.224,532.6451,127.0164,199.6601,114.5779,165.9439,134.7389,160.6773,344.6408,83.4555,10604.2652
2022-04-26,199.3118,530.2302,126.5628,198.9267,114.5976,166.1622,134.6731,160.6639,347.973,85.7727,10081.0179
2022-04-27,201.566,539.4982,127.7625,201.8367,114.6487,166.4534,134.6813,160.8648,348.3063,87.0904,10447.0245
2022-04-28,205.8682,538.7803,128.728,203.8478,114.5668,165.5886,134.6868,161.307,349.7603,87.4312,10677.6555
2022-04-29,204.3113,541.0646,130.1618,210.496,114.4779,165.2431,134.5717,161.3137,352.4564,87.5675,10415.3846
2022-05-02,202.9279,530.0997,127.704,207.5386,114.5095,164.7801,134.6101,161.0591,345.6708,86.9995,10362.3357
2022-05-03,205.0912,537.0833,129.0792,209.9519,114.5155,164.9469,134.4237,160.6438,346.2464,87.3176,10178.8546
2022-05-04,207.9236,528.9249,127.7917,206.332,114.448,164.1458,134.4182,159.8532,344.6711,87.931,10684.2833
2022-05-05,199.3375,533.1673,127.9673,203.067,114.4769,164.3086,134.4785,159.0627,349.0636,89.3168,9756.6499
2022-05-06,197.8335,523.0509,127.1773,199.3999,114.3913,163.3358,134.0894,156.6442,347.9427,88.4081,9689.6149
2022-05-09,192.0078,510.7154,124.7926,193.5324,114.4632,163.2393,134.0565,156.0145,343.9441,84.6141,8151.1846
2022-05-10,193.3451,505.7551,124.6902,193.0119,114.5459,164.2984,134.3169,155.9274,341.1874,84.2052,8319.9498
2022-05-11,192.866,510.5849,125.5387,196.7027,114.5617,164.305,134.4319,156.4366,342.0357,85.9545,7784.5516
2022-05-12,192.2978,505.8856,127.1041,195.2358,114.6592,165.8053,134.5361,157.5085,343.8229,86.7155,7829.7475
2022-05-13,200.4258,518.4822,128.8305,200.0387,114.5701,165.2746,134.6787,157.2338,339.0064,87.2267,7994.2514
2022-05-16,200.7622,513.6524,128.1136,199.1633,114.5699,165.0849,134.665,158.2722,339.279,89.0215,8136.039
2022-05-17,204.8136,515.7409,127.6601,202.7121,114.4391,164.1497,134.5142,157.7563,336.795,88.9987,8258.9759
2022-05-18,196.7404,507.452,128.2745,199.9677,114.3727,163.945,134.3415,157.7362,337.3403,87.5561,7715.5144
2022-05-19,200.2222,496.2913,127.6162,198.0749,114.4441,164.7245,134.1907,158.1583,339.9152,87.9764,8202.1603
2022-05-20,199.0452,490.4826,128.5232,198.9503,114.4615,164.4087,134.3388,157.1668,340.2787,88.0786,7821.5044
2022-05-23,203.4602,497.0746,128.9036,198.5481,114.4393,164.4445,134.3168,156.2021,337.9764,87.7492,7800.9897
2022-05-24,201.2882,482.781,127.2797,191.6633,114.4159,164.0625,134.4402,155.9073,339.067,87.4312,7866.6982
2022-05-25,200.0957,493.1585,127.7186,193.0355,114.4752,164.7275,134.495,155.6192,337.7644,88.2263,7802.1791
2022-05-26,203.7473,502.8833,128.2306,197.2232,114.5104,164.8146,134.5663,155.425,335.4318,89.0896,7760.3612
2022-05-27,205.3675,515.8715,129.4303,200.4882,114.4625,164.6824,134.7445,155.5657,337.4614,88.8624,7557.9817
2022-05-30,205.3675,520.3097,129.2986,203.5402,114.3601,163.9155,134.5718,155.5322,335.553,88.7034,8377.2706
2022-05-31,204.0139,514.3703,128.0697,204.9834,114.286,163.2509,134.3442,155.2642,334.6139,88.3967,8361.8856
2022-06-01,201.3735,514.044,128.5671,203.2563,114.2993,163.3613,134.3388,154.4603,337.31,88.6807,7866.4276
2022-06-02,207.9212,514.044,127.8795,205.1964,114.1711,162.2663,134.2346,154.5273,339.1578,88.5671,8103.2221
2022-06-03,203.2437,513.1955,126.6652,202.2863,114.1396,161.5606,134.2647,154.0449,336.8253,89.1237,7829.0579
2022-06-06,204.7116,517.8948,127.5138,205.8115,114.0917,161.5553,134.1249,154.0382,335.9771,90.7367,8287.5217
2022-06-07,205.8904,515.1535,127.2212,203.8714,114.1063,161.65,134.0591,154.6612,337.0979,90.6458,8257.3334
2022-06-08,202.7972,517.2421,126.241,207.3493,114.0255,161.3236,134.0317,154.5406,337.3706,91.4864,8002.5078
2022-06-09,197.3958,514.6967,126.753,205.5512,113.8559,160.215,133.5383,152.8256,336.795,90.6572,7961.2337
2022-06-10,193.861,497.2704,124.4269,204.3683,113.7217,159.2541,133.1682,151.0838,345.1558,91.1115,7760.6794
2022-06-13,189.2064,486.3055,122.1446,197.9803,113.4922,157.5313,132.1347,147.7877,341.1572,90.3278,6074.4171
2022-06-14,188.1662,482.2589,120.7987,201.3636,113.4313,156.8041,132.1484,145.4496,338.9761,88.7716,6041.725
2022-06-15,192.2841,487.2845,120.9889,202.9724,113.4831,158.1,132.5129,147.1982,340.9451,89.0782,6126.3469
2022-06-16,187.0407,472.012,119.204,195.6144,113.3667,156.5029,132.3677,147.3321,342.1871,88.0218,5523.3914
2022-06-17,185.4679,475.5364,117.9897,197.4598,113.4474,158.0439,132.3211,146.7158,343.1262,86.761,5500.0529
2022-06-20,185.4679,476.907,117.5508,198.5481,113.4064,157.9803,132.4636,146.4411,340.1575,85.8068,5563.7015
2022-06-21,188.9853,483.9559,118.5749,201.0087,113.4536,157.6505,132.3512,147.1714,339.3396,85.3979,5578.0869
2022-06-22,187.5267,486.5013,117.8581,197.3652,113.5596,158.8641,132.5568,148.2232,338.0976,83.9666,5377.1448
2022-06-23,185.832,488.7856,118.8822,199.8494,113.7951,160.6716,132.8419,149.8846,339.4911,82.1833,5655.8605
2022-06-24,192.8463,502.1654,120.7694,202.4756,113.7145,160.1772,132.7049,150.2531,337.7644,82.0015,5718.7871
2022-06-27,191.5096,503.1444,120.0379,202.4046,113.7202,159.6965,132.6199,150.1191,334.4625,81.4904,5560.8159
2022-06-28,189.3645,499.3589,121.0181,202.4046,113.6409,158.8622,132.5212,149.0338,336.583,82.7399,5431.2504
2022-06-29,189.2919,495.247,120.55,200.8194,113.6531,159.6459,132.6829,150.1325,337.8552,83.3078,5413.2917
2022-06-30,189.5737,490.4173,119.6868,198.4298,113.93,161.2484,132.7488,150.2062,336.8253,80.752,5366.5599
2022-07-01,189.1544,493.4849,120.7694,199.7311,114.0838,162.4496,133.3464,152.1021,338.037,80.3544,5211.2626
2022-07-04,189.1544,494.8555,120.6816,199.0923,113.9784,161.6674,132.9571,151.4656,337.7341,80.4226,5494.3312
2022-07-05,184.4987,497.7925,121.1498,198.5954,114.173,162.3538,133.2723,152.7452,335.9165,77.9917,5483.5572
2022-07-06,188.0576,511.6944,123.3589,201.1033,114.2743,163.429,133.8042,151.8475,332.9781,77.3443,5676.3143
2022-07-07,192.3178,520.636,125.7289,207.8699,114.1247,162.2146,133.4259,151.4723,334.0081,80.6498,6019.0532
2022-07-08,192.7787,523.573,126.0215,206.9235,114.139,162.2622,133.3683,151.1374,333.6749,81.036,6054.9231
2022-07-11,189.7144,522.1371,125.9337,201.6948,114.1991,162.7886,133.6726,152.1222,335.9165,82.3991,5566.4166
2022-07-12,191.8416,520.636,126.1239,201.3162,114.3492,163.8604,133.7877,153.1338,335.3712,79.9569,5449.7494
2022-07-13,192.192,510.9765,124.6024,200.2516,114.2286,163.106,133.8481,153.6831,336.0377,80.3999,5708.4195
2022-07-14,189.0232,507.8436,123.7832,198.3115,114.0693,162.4787,133.4341,153.0266,331.9179,79.4003,5809.7179
2022-07-15,192.7834,517.96,124.9389,198.2879,114.1621,162.9225,133.6589,153.3415,329.1612,79.6275,5889.0942
2022-07-18,192.5856,517.3074,125.2754,200.3462,114.1341,162.3913,133.711,152.973,327.8889,82.0129,6310.7895
2022-07-19,197.9038,515.6757,124.6024,200.1096,114.0297,162.1295,134.114,152.5308,326.1622,80.7066,6532.8183
2022-07-20,193.9287,524.8783,126.4751,200.8667,114.0829,162.1575,133.933,151.9949,325.829,81.1269,6434.1329
2022-07-21,197.3202,526.4448,127.4845,202.1916,114.004,161.0631,133.8014,151.2714,326.7681,80.9451,6446.1361
2022-07-22,195.7004,524.8131,128.8158,201.1506,114.2348,163.7555,134.3881,153.6027,329.7974,81.638,6297.3234
2022-07-25,197.9752,523.2467,128.0843,200.2279,114.1781,163.2876,134.4594,154.0181,327.4951,82.1265,5934.2572
2022-07-26,194.3064,521.6803,128.3184,200.6775,114.306,164.5119,134.1852,155.2374,330.4335,83.9439,5886.1166
2022-07-27,200.874,528.8596,129.0499,202.2626,114.2484,164.2394,134.2867,155.425,330.7062,84.0916,6414.525
2022-07-28,200.4069,538.5192,130.981,202.3573,114.3833,165.631,134.7774,157.0328,336.5224,84.8754,6617.9275
2022-07-29,204.0144,540.673,131.2151,199.7074,114.3541,165.6655,134.8432,158.7143,337.0676,85.4433,6618.0281
2022-08-01,203.3656,542.5657,132.7805,197.2705,114.4028,166.1487,134.813,159.4982,335.1592,81.9788,6471.5727
2022-08-02,199.0247,542.7616,132.3563,198.6901,114.3652,166.4236,134.6732,159.324,340.0969,82.5468,6345.2712
2022-08-03,203.1629,550.1367,131.0835,200.8431,114.2408,165.6489,134.5334,159.0962,337.7038,82.0583,6374.5722
2022-08-04,204.6741,547.8524,130.7323,201.6002,114.2629,166.0875,134.7417,159.9805,340.7936,82.1833,6313.2122
2022-08-05,200.8248,547.3955,130.4544,202.1443,114.1395,165.5235,134.4539,158.6674,340.7936,82.967,6439.7194
2022-08-08,203.0808,550.463,130.8494,201.9551,114.1847,165.6857,134.4319,159.3374,341.3086,82.1265,6633.3424
2022-08-09,201.592,543.2184,129.0938,201.2689,114.1074,165.0213,134.4512,159.3374,341.8236,82.7399,6436.6637
2022-08-10,206.049,547.7871,130.4983,200.9377,114.1766,165.61,134.5115,159.3039,338.4308,82.5354,6647.4719
2022-08-11,203.8683,551.1158,130.9957,204.3919,114.1398,165.417,134.569,159.1833,337.31,84.3188,6590.4085
2022-08-12,204.7526,557.1203,132.3709,204.6285,114.1253,165.1186,134.6458,158.7009,341.3995,85.3752,6702.5295
2022-08-15,203.873,565.6703,134.8433,205.8588,114.1485,165.5626,134.6348,159.6054,340.5513,84.4324,6668.4973
2022-08-16,206.0626,570.3043,134.302,206.0481,114.0982,164.6937,134.4374,158.9086,339.8849,85.023,6659.7251
2022-08-17,203.7854,565.0829,133.512,205.0308,113.9053,163.8959,134.0893,158.2387,337.8552,84.6595,6501.5608
2022-08-18,202.6003,569.7822,134.463,204.7941,113.8643,164.0729,133.8042,158.721,338.7337,85.3184,6461.1682
2022-08-19,201.6263,565.9314,132.722,203.3036,113.7599,162.8666,133.7028,157.7965,339.3093,86.5565,5863.1802
2022-08-22,198.0546,562.668,132.8976,204.2736,113.7418,162.2562,133.3628,157.3812,340.2787,88.2604,6042.339
2022-08-23,200.1136,556.0108,132.9268,203.5875,113.7206,161.6562,133.3107,156.4634,341.3995,89.5099,6137.3778
2022-08-24,199.9764,558.4256,132.2392,205.22,113.7099,161.0158,133.4122,155.4585,342.3083,88.7943,6082.6481
2022-08-25,201.8506,558.6867,132.839,208.0118,113.7831,161.667,133.5903,156.2758,342.9444,89.3281,6139.8352
2022-08-26,195.7902,550.1367,131.0981,206.6159,113.6737,160.9155,133.2148,155.3111,338.4308,88.7034,5757.4391
2022-08-29,196.6588,537.736,128.3769,204.321,113.591,159.9514,133.075,153.8305,339.279,89.5326,5787.1539
2022-08-30,193.8314,531.7314,128.1136,200.4645,113.5799,159.9183,132.8255,153.2879,335.4318,87.0222,5601.7963
2022-08-31,191.9349,528.0112,127.3089,201.6711,113.4951,159.4957,132.8584,151.6063,333.0084,86.2271,5667.1239
2022-09-01,188.6049,526.6406,126.6067,199.3525,113.4956,159.1273,132.598,150.5143,331.6452,85.8977,5681.0672
2022-09-02,188.9675,533.3631,126.2263,199.3525,113.606,160.0678,133.0229,150.3402,332.9175,84.9322,5685.7652
2022-09-05,188.9675,528.207,126.5482,199.0923,113.5852,159.2237,132.9927,150.5277,335.7953,86.6588,5665.3718
2022-09-06,189.9489,529.0554,124.2806,197.0813,113.5778,159.2419,132.746,149.9047,334.6745,85.2275,5363.4876
2022-09-07,193.6421,529.5123,122.2909,195.8746,113.6748,159.7514,133.0613,150.454,335.1895,83.4668,5522.4875
2022-09-08,190.9607,537.9318,124.5293,195.8746,113.4945,159.0495,132.7049,149.3955,334.0081,83.2737,5479.6821
2022-09-09,196.2668,541.4562,125.4802,197.4835,113.2689,158.2245,132.8776,148.8864,333.4628,83.8758,6051.3204
2022-09-12,198.6461,541.5215,125.4217,198.4535,113.2237,158.6524,132.9598,149.3688,332.8872,84.9435,6293.9766
2022-09-13,190.399,530.4913,123.827,196.0402,113.1334,158.3277,132.6336,148.8596,332.0087,85.6819,5677.7417
2022-09-14,193.4384,526.1837,124.4708,195.4251,113.1151,157.7951,132.4664,149.9047,331.8573,86.159,5745.8653
2022-09-15,191.5221,521.6803,123.6808,194.0292,113.0279,157.7996,132.28,150.1727,325.1323,84.262,5591.493
2022-09-16,189.9008,512.5428,122.5981,190.2911,112.9071,157.2189,132.0689,150.1392,325.7684,83.4782,5609.3406
2022-09-19,189.6617,514.5009,122.642,190.3857,112.8313,157.22,131.9592,149.4223,325.4049,83.0806,5525.7002
2022-09-20,185.2823,514.1745,121.8813,192.0892,112.6596,155.9861,131.8688,148.9534,324.587,84.0121,5337.1272
2022-09-21,183.9957,521.5497,122.6859,191.403,112.6488,156.4093,131.6165,149.6903,328.5857,84.421,5271.0146
2022-09-22,185.5448,508.8226,122.8907,189.1081,112.4816,155.6558,131.6768,148.8127,331.0394,84.9549,5595.7771
2022-09-23,177.956,507.3215,122.0715,187.0971,112.4244,155.0167,131.4356,147.8882,330.2821,82.5695,5556.2423
2022-09-26,177.7095,510.7154,121.735,188.5639,112.3697,154.1099,131.2108,146.0124,331.5543,82.4332,5621.2638
2022-09-27,178.0713,509.9322,120.9303,188.0671,112.3611,153.39,131.1697,143.0178,330.7365,82.7967,5626.9236
2022-09-28,183.5263,512.2818,121.8813,186.8841,112.4959,153.6691,131.23,143.8686,334.0687,82.3764,5736.4224
2022-09-29,178.7718,499.0326,119.4527,180.6381,112.4856,153.3418,131.0546,142.1134,330.3427,82.0583,5712.9654
2022-09-30,176.7941,502.1001,120.1988,181.6791,112.6213,154.4967,131.156,142.9374,332.6146,82.3196,5601.6947
2022-10-03,181.4972,497.5314,120.9157,181.2296,112.6899,155.2977,131.4027,144.4849,334.4927,81.3881,5678.2805
2022-10-04,189.1577,507.1909,121.9544,185.299,112.8451,156.5113,131.7427,146.2334,337.7644,82.7058,5861.1008
2022-10-05,183.3691,505.6898,122.2031,185.3463,112.7475,155.4777,131.5508,144.6658,337.6129,84.5119,5721.736
2022-10-06,180.6984,512.2165,122.7591,187.0024,112.6013,154.7387,131.4603,144.0964,339.2184,84.9435,5705.3789
2022-10-07,179.5259,498.902,121.8813,183.6192,112.5111,153.6529,131.0573,142.6493,338.764,85.4206,5658.1827
2022-10-10,179.7488,496.0303,121.4278,181.3005,112.5456,153.5343,130.8627,142.254,334.9168,86.2725,5571.5962
2022-10-11,177.8452,493.9417,120.5646,178.1539,112.4725,152.8372,130.9833,142.187,336.1892,84.5687,5559.632
2022-10-12,177.7936,492.9627,119.6868,177.6807,112.4981,152.4926,130.8956,142.3746,334.9168,84.5005,5596.2729
2022-10-13,182.6541,492.8974,118.7505,177.2075,112.4355,152.7937,130.8736,142.589,331.2817,84.3415,5657.575
2022-10-14,179.1389,494.2681,118.7066,176.2848,112.4504,153.3664,130.9449,141.5774,329.1915,83.7395,5575.103
2022-10-17,185.3518,498.5757,118.692,178.4851,112.4072,153.3716,130.9586,142.9307,329.6762,82.5468,5688.1766
2022-10-18,185.5553,499.1631,117.9312,176.9236,112.3884,153.3954,131.0436,142.033,326.4955,81.0133,5564.0917
2022-10-19,181.8669,501.1211,118.1946,175.3148,112.2645,152.5487,130.8407,140.8606,324.8596,80.9565,5498.2466
2022-10-20,183.5264,500.7295,118.5164,176.9473,112.1989,152.0745,130.8599,141.631,325.5261,81.5358,5528.1853
2022-10-21,186.5665,496.8135,118.2823,175.5277,112.2405,151.9736,130.8681,141.9258,326.4652,80.752,5555.5696
2022-10-24,186.3288,504.776,117.4484,167.0104,112.324,153.0512,131.0793,144.0093,325.2232,80.7634,5559.5728
2022-10-25,190.4015,510.6501,119.0723,167.7911,112.3879,153.9683,131.2026,146.2334,323.7388,80.6384,5759.7597
2022-10-26,190.9665,509.149,119.4674,170.6539,112.3529,154.0646,131.1752,145.8047,323.1027,81.0701,5906.9632
2022-10-27,186.936,507.6478,119.4381,171.34,112.4036,155.0159,131.5864,149.1142,324.2538,81.0133,5695.8545
2022-10-28,191.3418,515.2841,119.2918,168.3826,112.3981,154.9041,131.4493,147.9217,321.5274,80.0364,5854.7757
2022-10-31,189.2804,521.4845,119.8331,171.5293,112.3627,154.6732,131.3644,147.4393,322.4968,81.479,5833.9603
2022-11-01,192.043,518.4822,120.9889,175.504,112.3841,154.5024,131.5179,147.5867,324.8899,82.2741,5871.488
2022-11-02,188.7373,514.1745,121.2961,175.0072,112.3751,154.5377,131.5042,147.3991,325.0111,83.3305,5783.0286
2022-11-03,187.9633,507.452,121.2376,176.4741,112.3162,153.7717,131.3589,146.6421,324.5264,83.5691,5835.0213
2022-11-04,197.9023,499.4894,120.3013,179.3605,112.2155,153.514,131.4685,146.6287,328.7371,84.3983,6146.1888
2022-11-07,195.3548,502.7528,120.9157,179.5734,112.1564,153.1421,131.3479,146.8967,326.9196,85.2843,5879.8995
2022-11-08,195.7833,509.0837,122.6567,179.0529,112.1346,153.3147,131.2848,147.4125,331.4332,83.4214,5244.1065
2022-11-09,191.9976,502.1654,121.2522,178.0356,112.1415,153.6492,131.4493,147.9619,332.0087,81.922,4463.9089
2022-11-10,204.4471,513.7829,124.6024,181.0403,112.304,155.2028,132.099,150.4004,335.3107,81.5244,4973.6927
2022-11-11,204.9733,510.4543,125.9776,183.7848,112.138,154.5061,131.7591,148.538,332.3723,81.1155,4735.825
2022-11-14,199.9346,512.9997,125.3193,184.3763,112.1604,154.7222,131.8276,148.0088,333.2508,81.479,4559.1626
2022-11-15,200.9535,515.5451,126.3288,190.0308,112.173,155.0097,131.8907,148.4576,332.1299,80.7747,4636.4153
2022-11-16,199.8414,508.431,124.4561,186.5056,112.2292,155.7239,131.9702,149.4759,332.6449,79.7183,4560.2782
2022-11-17,198.8737,505.494,124.6756,187.5702,112.2514,155.4175,131.7558,149.5764,331.7058,79.7751,4548.9099
2022-11-18,200.3483,508.431,125.056,186.3163,112.3111,155.8329,131.9015,149.8779,330.1912,79.3208,4566.3268
2022-11-21,199.4882,513.9135,124.778,185.2043,112.3605,156.1322,131.918,149.7171,329.7065,79.6729,4330.219
2022-11-22,203.8669,514.762,126.241,184.6602,112.34,155.9723,132.0059,150.2665,330.07,81.6267,4477.5447
2022-11-23,204.8747,518.0253,127.3528,184.7311,112.3373,156.3739,132.0719,151.1977,327.586,80.5248,4564.8261
2022-11-24,204.8747,517.7642,128.2306,186.3873,112.39,157.0555,132.1736,152.0284,328.8583,80.0932,4517.0481
2022-11-25,204.3398,517.3726,127.4991,183.9741,112.2569,155.9796,132.1461,151.1508,327.9798,80.3204,4498.0828
2022-11-28,201.8343,514.044,127.4991,183.9267,112.3094,155.722,132.0417,150.9096,327.2831,78.5597,4432.4563
2022-11-29,202.7365,509.3448,126.6506,187.3573,112.4309,156.4191,132.1819,151.7269,329.5853,79.9455,4504.2318
2022-11-30,207.1251,513.2608,126.5189,192.5387,112.3981,156.1898,132.3825,152.283,330.9788,80.6611,4712.003
2022-12-01,207.4691,521.2234,127.2212,188.8952,112.5146,157.448,132.8416,154.7885,333.7354,79.7638,4611.6695
2022-12-02,205.8673,518.5474,126.3726,191.3084,112.4944,157.264,132.7454,154.0516,332.4631,78.855,4599.2317
2022-12-05,203.1668,513.9787,124.9682,189.4393,112.4741,157.1953,132.5997,154.0851,328.828,76.9126,4561.7642
2022-12-06,202.7542,505.9509,124.0026,189.6996,112.5315,157.6735,132.7811,154.3397,328.828,75.4927,4613.2601
2022-12-07,203.115,503.8623,123.9002,188.4456,112.5742,157.9324,132.7014,154.8354,330.2518,75.0838,4560.2275
2022-12-08,203.0481,504.776,123.6808,190.4094,112.5337,157.5195,132.7399,154.2392,330.07,75.6858,4644.8968
2022-12-09,202.1558,506.473,125.1876,191.5213,112.4003,156.7963,132.4375,153.04,333.2205,76.4923,4597.5644
2022-12-12,203.7341,505.1677,123.8563,187.3573,112.4164,156.9406,132.4347,153.2142,329.858,77.242,4633.6605
2022-12-13,206.3216,512.2165,125.6997,189.9362,112.4926,157.2832,132.6134,153.0601,331.9179,77.969,4779.6073
2022-12-14,204.8856,510.5849,125.9045,189.463,112.4961,156.685,132.8718,152.0753,331.0091,77.4238,4750.5698
2022-12-15,198.3945,492.4406,121.9544,184.187,112.2558,155.4006,132.366,149.2951,325.0414,76.3333,4608.815
2022-12-16,196.5491,487.7414,122.013,185.5356,112.0891,153.8877,132.1654,147.6671,328.7068,76.2084,4433.2743
2022-12-19,197.3222,484.3474,121.5448,185.3226,112.1492,153.8987,132.1764,146.8096,328.3736,75.754,4400.9009
2022-12-20,197.1302,481.2799,122.9785,184.6365,112.0956,153.1527,132.2204,145.7109,333.0084,75.754,4513.2171
2022-12-21,199.6481,490.5479,122.4957,185.5829,112.0912,153.3453,132.3523,146.3808,333.4325,76.6627,4484.2775
2022-12-22,198.2148,481.4104,121.7057,184.7785,112.0096,152.7338,132.2698,146.2134,330.4335,76.3106,4494.8461
2022-12-23,198.9848,482.5853,121.3546,185.1333,111.9897,152.4523,132.1819,146.2,330.6759,76.3447,4488.7846
2022-12-26,198.9848,482.5853,121.3546,185.1333,111.9897,152.4523,132.1819,146.2,330.6759,76.3447,4494.2874
2022-12-27,198.687,481.2799,120.389,186.9551,112.0105,152.0654,132.1901,144.639,333.0387,76.6627,4451.975
2022-12-28,196.9256,479.0608,120.1257,185.1333,112.0092,152.0006,132.0362,145.1884,330.5547,76.0721,4409.4059
2022-12-29,200.248,483.1074,121.3692,187.8542,111.9847,152.0856,132.1873,146.1062,331.1605,75.6858,4436.6208
2022-12-30,197.2371,479.7135,120.4476,185.5356,111.9333,151.6742,132.1214,145.4027,331.9784,75.7426,4412.9437
2023-01-02,197.2371,490.2215,122.2617,186.8841,111.9052,152.2261,132.3743,146.287,333.7052,76.1061,4415.4848
2023-01-03,199.4102,483.8906,122.2031,190.1018,111.9092,152.8951,132.2313,146.8498,337.7947,75.5268,4426.4399
2023-01-04,205.7322,488.3287,120.4914,194.4314,111.9407,153.6842,132.2671,147.7877,341.4601,73.8457,4530.6295
2023-01-05,202.7183,483.8906,119.204,195.6617,111.8851,153.2533,132.1599,146.6689,338.6732,73.6753,4498.1286
2023-01-06,209.7823,486.6318,120.7987,197.2232,111.8973,153.6893,132.3386,147.4393,341.6418,73.539,4565.1326
2023-01-09,208.4592,491.2005,121.4131,198.9976,111.9717,153.8682,132.2808,146.9369,339.9152,73.4595,4572.7198
2023-01-10,207.9558,485.3917,119.76,198.7611,111.9395,153.7922,132.1049,146.0526,340.3393,73.0619,4605.9067
2023-01-11,209.3276,490.5479,120.5792,200.0387,111.9602,154.5362,132.3358,147.3857,338.8246,73.2663,4732.3597
2023-01-12,211.3732,491.2657,121.5448,199.5418,112.038,155.1405,132.4595,148.2701,340.7634,73.8116,4966.4784
2023-01-13,210.5169,491.5921,122.3641,200.6065,112.0605,155.4142,132.6107,148.2031,344.3985,74.2432,5194.7316
2023-01-16,210.5169,494.7249,122.247,200.1333,112.0762,155.0494,132.5914,147.5197,344.6105,74.3568,5541.6772
2023-01-17,211.6275,496.0956,124.1343,200.4882,112.0889,155.3639,132.8443,148.7323,344.8832,74.8566,5536.7351
2023-01-18,211.717,490.9394,124.7195,200.5355,112.268,156.9252,132.8306,149.9985,343.6109,74.9134,5431.5136
2023-01-19,210.5741,483.7601,124.3976,200.8194,112.1382,156.3857,132.6794,149.0271,346.3978,74.7317,5533.6749
2023-01-20,211.6592,487.8066,124.9389,202.3573,112.0558,155.5315,132.6244,147.3187,345.8828,74.7544,5931.0751
2023-01-23,212.0289,497.1398,124.7634,205.433,112.08,155.1321,132.6711,147.6671,344.6105,74.3568,5981.3012
2023-01-24,211.2563,495.965,126.0362,204.6049,112.0874,155.0966,132.7701,148.6988,346.3069,74.3682,5898.5898
2023-01-25,211.8235,489.4383,126.4751,203.8714,112.1724,155.7602,132.7948,148.0222,346.0343,74.2092,6016.3655
2023-01-26,211.4093,497.0093,126.6506,206.5213,112.1331,155.2285,132.8168,147.7609,345.1861,74.4704,5975.6223
2023-01-27,211.2488,502.7528,127.3528,206.403,112.0899,154.7179,132.8058,147.3857,346.0343,74.3795,6002.7163
2023-01-30,210.4044,500.1421,127.3382,203.3036,112.0309,154.3253,132.5255,146.7962,344.6711,73.9252,5953.2151
2023-01-31,212.31,500.86,126.6213,200.9614,112.074,154.4059,132.6217,147.158,345.5799,74.0842,6042.7262
2023-02-01,214.554,500.9906,125.6997,201.7421,112.0633,154.4439,132.7041,146.8699,343.8835,72.971,6189.5137
2023-02-02,211.9735,518.0253,127.3236,202.6648,112.1904,155.7688,133.3419,149.9851,342.3386,72.4599,6039.3255
2023-02-03,211.9459,520.7665,127.1627,201.7658,112.1905,155.615,133.2896,148.7792,335.4621,71.5966,6093.1263
2023-02-06,211.8704,518.9391,126.3873,199.4235,112.155,154.8161,133.1412,147.9887,339.1881,71.6988,5976.6628
2023-02-07,214.6122,519.7875,127.3821,200.2043,112.1519,154.5582,133.089,147.9887,341.8842,72.9142,6143.2711
2023-02-08,213.7492,518.6127,126.914,199.8257,112.0237,154.1071,132.8993,147.6604,340.5513,72.6757,6058.0634
2023-02-09,214.3806,517.5684,127.704,202.239,112.0513,154.6222,132.9076,148.3035,339.4305,72.5848,5769.6691
2023-02-10,212.1222,513.4566,127.9819,200.2989,111.959,154.0474,132.8141,147.6269,339.279,73.4027,5711.1716
2023-02-13,216.4243,517.7642,126.5775,200.8667,111.9098,153.9518,132.6657,147.8547,336.9768,73.2096,5787.3547
2023-02-14,216.3863,515.2841,125.8899,199.2342,111.8226,153.6831,132.7371,147.5197,335.9468,73.1187,5867.9126
2023-02-15,216.0675,521.1581,125.0706,197.5781,111.838,153.1276,132.7316,146.957,334.5836,72.7325,6415.8735
2023-02-16,215.7144,519.8528,124.9389,198.4298,111.819,152.611,132.7729,147.5264,335.0683,72.8233,6260.8778
2023-02-17,217.4493,511.5638,124.1928,195.4014,111.8449,152.9817,132.6711,147.3388,335.553,72.2327,6526.4389
2023-02-20,217.4493,513.1303,124.3098,197.933,111.8464,153.1423,132.6354,147.2584,336.068,72.6302,6584.9184
2023-02-21,214.6208,506.3425,122.9931,193.3194,111.7853,152.144,132.5227,146.354,335.2804,72.6075,6481.8528
2023-02-22,213.9201,506.5383,122.4372,192.586,111.8143,152.2754,132.5419,146.6756,336.1892,72.4826,6434.6379
2023-02-23,216.211,507.3867,122.9493,193.7216,111.8071,152.5558,132.6849,147.9887,334.9471,72.3122,6398.1879
2023-02-24,212.6473,506.0161,122.4811,189.6996,111.676,151.9317,132.399,147.3656,334.7351,72.5394,6202.5115
2023-02-27,216.6817,507.1257,123.2565,190.6933,111.6736,151.8613,132.4952,147.1781,333.6446,72.2099,6315.1341
2023-02-28,213.3845,506.2772,122.9639,189.4157,111.5564,150.8357,132.3386,147.024,335.3107,72.3008,6181.2623
2023-03-01,215.4309,498.641,122.0276,192.2784,111.5235,150.9579,132.2451,146.4344,335.2501,72.244,6334.8034
2023-03-02,213.7227,501.4475,122.5104,193.2248,111.5283,150.6589,132.2506,147.0374,337.6129,73.1982,6234.9559
2023-03-03,217.8734,510.3238,125.3632,194.4314,111.4922,150.8241,132.1461,148.2433,339.0064,73.6185,5978.1868
2023-03-06,216.9381,513.2608,125.3047,194.1475,111.4511,150.6502,132.0939,147.3455,337.522,72.8574,5981.1827
2023-03-07,211.1705,510.3238,125.7874,192.7516,111.4733,150.9999,132.0444,146.1598,335.0683,72.6189,5890.7458
2023-03-08,214.6431,508.0394,126.8554,192.2548,111.4609,151.2622,132.0444,145.8851,335.6742,72.2781,5832.8212
2023-03-09,212.6188,508.17,127.4114,189.5103,111.4965,151.3126,132.0912,146.354,336.9465,71.8351,5469.528
2023-03-10,210.2281,495.4429,125.5534,186.8841,111.7576,152.7745,132.2698,146.8967,338.9458,71.0854,5404.2952
2023-03-13,206.7901,484.6738,123.2419,184.5182,112.2944,154.7939,132.5475,148.2299,345.5496,71.0854,6417.888
2023-03-14,209.8117,492.4406,123.1394,185.1333,111.9845,152.9711,132.1929,147.7542,346.3675,70.915,6538.0633
2023-03-15,201.8405,493.5501,122.4372,183.0277,112.5636,155.1605,132.6877,149.5295,357.3032,70.2335,6438.6883
2023-03-16,207.6746,501.9696,124.1782,184.6602,112.4764,155.1742,132.3193,148.4241,351.9414,70.1085,6707.6947
2023-03-17,203.9635,499.2936,124.2074,183.4062,112.6135,155.5845,132.1764,148.049,357.5758,69.8245,7321.2571
2023-03-20,206.6952,497.5967,124.9682,182.8147,112.7392,156.1636,132.553,148.4442,358.8481,69.2679,7367.981
2023-03-21,209.8604,500.9253,124.5732,183.8557,112.5135,154.936,132.7866,147.7542,351.1235,68.8931,7448.2935
2023-03-22,207.586,502.6875,124.6024,185.9378,112.2887,153.8466,132.7151,148.1763,351.8202,69.2907,7181.8274
2023-03-23,205.7849,497.6619,125.0852,188.3273,112.4696,154.9839,132.9818,149.4424,356.6671,68.6318,7385.8892
2023-03-24,204.8397,497.923,125.685,188.1854,112.6731,155.9641,132.8856,149.63,359.8175,69.5178,7190.117
2023-03-27,208.3224,501.1864,125.8752,186.4346,112.5065,155.0862,132.7729,148.9065,353.2137,69.5633,7135.1476
2023-03-28,207.5894,496.2261,125.4802,189.7942,112.5124,154.9439,132.8031,148.5246,353.3955,70.0631,7149.7008
2023-03-29,210.3045,500.9253,125.8899,191.4267,112.4626,154.6494,132.7619,148.4978,353.456,69.9608,7410.7071
2023-03-30,213.4195,502.8181,125.9337,191.8762,112.3151,153.992,132.7399,148.4442,352.8502,69.6087,7325.6127
2023-03-31,212.7839,509.4753,127.4845,191.8999,112.3762,154.4277,133.1028,149.208,354.6374,70.4493,7400.2382
2023-04-03,216.2947,509.6058,127.3382,190.8589,112.3738,154.688,133.1687,149.9918,355.8189,71.2217,7289.1125
2023-04-04,214.1704,506.9952,127.1041,189.2974,112.3687,154.4762,133.1357,149.8511,359.2419,70.5742,7314.4723
2023-04-05,212.0546,505.5593,125.4217,188.493,112.5297,155.4767,133.2869,150.0722,359.9387,71.1763,7285.1034
2023-04-06,214.9742,505.5593,124.6024,188.9425,112.5765,155.8901,133.2677,149.9315,358.3937,70.8014,7288.2464
2023-04-07,214.9742,505.5593,124.6024,188.9425,112.5765,155.8901,133.2677,149.9315,358.3937,70.8014,7246.3495
2023-04-10,214.7726,505.5593,124.6024,188.9425,112.5765,155.8901,133.2677,149.9315,358.3937,70.8014,7699.1329
2023-04-11,216.4875,509.0184,124.8804,190.1254,112.4308,154.804,132.9296,148.9735,357.4244,71.3239,7882.2212
2023-04-12,217.2408,505.494,124.895,186.5056,112.3605,154.2873,133.0505,148.7524,356.1218,71.2444,7822.5193
2023-04-13,218.521,503.4707,125.8021,187.4283,112.3728,154.4191,133.0065,148.7591,359.454,71.1308,7830.9134
2023-04-14,217.0949,507.1909,125.9045,187.3573,112.2549,153.8724,133.0285,148.3437,354.3042,71.2785,7814.3574
2023-04-17,217.3993,510.0627,126.5921,189.3683,112.2441,153.4656,133.001,148.4576,355.3342,71.8351,7594.3322
2023-04-18,220.1158,510.7154,127.1041,188.6822,112.2239,153.6591,133.0148,148.0557,357.0609,72.2327,7883.9273
2023-04-19,218.6273,509.4101,126.1678,186.7895,112.1588,153.1738,132.8333,147.7542,354.2436,71.7442,7441.41
2023-04-20,218.7776,507.3215,126.8701,186.9078,112.1966,153.4302,133.001,148.2567,355.6371,70.5629,7307.9677
2023-04-21,220.0347,506.7341,127.0895,184.1397,112.2011,153.3674,132.9845,148.0155,350.76,70.0744,7045.1844
2023-04-24,220.5079,503.6665,126.7384,182.8857,112.1877,153.1908,132.9103,148.0155,350.5479,70.188,7095.5451
2023-04-25,215.4843,502.9486,127.1919,179.2895,112.3302,153.9509,132.9323,148.8395,352.7593,69.2566,7252.8394
2023-04-26,217.2497,497.923,126.1971,180.2832,112.4093,154.4912,133.0368,148.7993,351.9717,68.859,7336.1304
2023-04-27,218.4106,501.578,127.3089,181.892,112.3795,153.9997,132.9076,147.8145,350.6691,68.3592,7559.9867
2023-04-28,219.0227,507.9742,125.7143,182.7438,112.46,154.6728,133.2264,149.3285,351.1235,68.6773,7536.1296
2023-05-01,219.4778,507.9742,125.7143,182.7438,112.46,154.6728,133.2264,149.3285,351.1235,68.6773,7229.2502
2023-05-02,217.7433,504.6455,125.4363,180.3069,112.4671,154.6269,133.2649,149.2951,356.7579,68.1661,7408.8569
2023-05-03,217.6107,504.9066,126.2117,180.4015,112.6099,155.2838,133.2622,148.9936,356.6671,66.9393,7464.6548
2023-05-04,215.3696,500.9253,127.2212,181.7501,112.6344,155.5421,133.3859,149.1611,362.9377,67.371,7384.9306
2023-05-05,219.5148,506.4077,128.2014,183.5009,112.6994,155.3536,133.3941,148.7323,355.8189,68.1547,7592.2676
2023-05-08,219.634,507.7131,127.938,184.6128,112.6446,154.9902,133.4463,148.7926,358.3029,68.7227,7121.9853
2023-05-09,218.3531,510.7154,129.4449,183.4535,112.6497,154.9169,133.4051,148.7859,360.0599,68.4046,7127.4342
2023-05-10,218.7021,510.5196,128.4501,183.075,112.7225,155.3588,133.3061,149.4223,359.3328,68.4842,7138.3231
2023-05-11,217.3802,513.5219,129.6205,182.8857,112.7756,155.8897,133.4711,149.8444,359.9993,68.0411,6965.5277
2023-05-12,218.2197,515.023,131.4199,182.6018,112.7201,155.6534,133.4738,149.0941,360.4537,67.9162,6960.5899
2023-05-15,221.0638,516.2631,131.932,186.6239,112.7185,155.154,133.3666,148.6519,361.3321,68.7454,7099.9467
2023-05-16,218.326,516.8505,132.4001,186.2217,112.7094,155.1641,133.2787,148.2567,358.3332,68.2456,7045.5681
2023-05-17,219.4335,519.2654,133.6144,187.0497,112.668,155.0972,133.1412,148.4442,355.9703,68.2797,7145.2214
2023-05-18,219.5651,529.186,134.7263,186.9078,112.5771,154.1304,133.1879,147.58,353.5772,68.3478,7015.1011
2023-05-19,222.473,527.5543,134.4922,186.4346,112.5174,153.9045,133.3071,148.2232,356.6974,68.6773,7071.3144
2023-05-22,221.2183,530.9482,135.5017,188.5403,112.5897,154.1415,133.1686,147.7877,355.7583,68.3251,7030.2058
2023-05-23,218.218,528.9902,134.1703,187.3573,112.5381,153.9173,133.1298,148.1897,355.3039,68.3138,7135.9588
2023-05-24,215.6267,519.4612,132.2685,184.4472,112.5628,154.2292,133.0882,148.8261,356.5156,68.4842,6928.9398
2023-05-25,215.309,529.5123,132.8976,184.8968,112.4786,153.814,133.0411,148.337,353.5166,67.814,6974.1682
2023-05-26,218.3474,536.4306,134.0094,187.9015,112.4556,153.4621,133.0549,148.3638,353.4257,68.3365,7059.7774
2023-05-29,218.3474,539.3024,132.839,185.5119,112.5023,154.1738,132.9912,149.4826,354.0013,68.2343,7331.968
2023-05-30,216.4139,537.2138,132.2538,184.5655,112.5645,154.8148,133.2157,149.9918,356.3036,67.2574,7330.9827
2023-05-31,213.5963,533.7547,131.4492,183.0987,112.6982,155.6233,133.393,150.4138,360.3931,67.4505,7186.1996
2023-06-01,216.8801,534.4726,133.8485,186.1034,112.7393,155.7975,133.4706,150.2665,359.2419,67.7117,7105.7593
2023-06-02,218.1051,545.0459,136.4965,190.2201,112.619,155.5225,133.3764,150.1727,356.3641,67.8708,7175.5706
2023-06-05,217.8068,547.265,136.7598,189.8889,112.5332,154.9173,133.2406,150.0923,355.9703,68.4842,6822.7629
2023-06-06,218.3563,548.5051,139.2615,192.1365,112.555,155.057,133.3071,149.7573,357.3638,68.8022,7205.5285
2023-06-07,217.6761,546.2207,136.2185,193.0119,112.5382,154.8799,133.1879,149.0807,355.3342,69.0635,6978.3164
2023-06-08,220.0095,542.3699,135.1067,191.6396,112.543,154.5747,133.2683,149.2013,355.4856,68.7681,7015.1246
2023-06-09,217.1672,545.9596,137.5791,192.9882,112.4924,154.7817,133.2822,149.764,355.5159,69.1089,6958.8335
2023-06-12,218.7649,547.3955,138.3399,193.5087,112.5537,155.162,133.3736,149.3821,354.698,68.257,6827.0834
2023-06-13,220.2181,553.857,140.2564,194.9519,112.4926,154.985,133.2877,149.1343,351.0629,68.7568,6823.7226
2023-06-14,220.4563,555.0318,139.5541,195.0939,112.4545,154.4371,133.3431,149.141,351.487,68.6545,6598.5082
2023-06-15,222.3489,554.0528,136.9939,195.5197,112.3843,154.4081,133.2129,149.0405,348.5183,69.0862,6683.8782
2023-06-16,220.0847,556.794,136.9354,194.9992,112.3093,154.4031,133.2129,150.1191,349.3362,70.188,6815.4754
2023-06-19,220.0847,553.5306,135.253,194.6207,112.3535,154.0584,133.1547,149.5965,348.0639,70.4038,6953.4474
2023-06-20,217.3964,552.0295,134.0826,191.0245,112.3417,154.542,133.2046,150.7622,345.6708,69.7109,7347.7573
2023-06-21,217.049,548.1135,134.7409,189.6049,112.2963,154.3344,133.1575,150.6416,343.52,70.0063,7791.4715
2023-06-22,214.7762,547.0692,133.6876,188.493,112.2451,153.9862,133.0217,149.9583,340.1575,68.984,7710.6013
2023-06-23,212.8212,548.1787,131.1712,186.6949,112.3698,155.1039,133.1852,151.1575,343.7321,68.7568,7936.8411
2023-06-26,214.1246,545.1764,131.0542,187.4046,112.3936,155.2184,133.3514,151.5862,343.9138,68.9612,7864.6058
2023-06-27,216.216,544.0669,130.6153,188.1617,112.403,155.2712,133.2323,151.1374,340.3393,68.132,7970.17
2023-06-28,215.1168,549.8104,132.9707,187.4756,112.3941,155.0532,133.357,150.9096,341.1572,67.7799,7780.5095
2023-06-29,215.6129,552.8779,132.5318,186.7895,112.3335,154.4461,133.3708,150.2397,341.9448,67.5754,7903.2265
2023-06-30,219.948,557.6425,133.2048,187.9724,112.3182,154.196,133.393,149.9516,342.3386,68.2797,7946.3105
2023-07-03,218.5126,558.8173,133.5705,189.9598,112.3351,154.3136,133.2544,149.9717,344.0956,68.8022,8093.9955
2023-07-04,218.5126,560.0573,132.5318,191.3794,112.3396,154.0841,133.3653,149.7305,344.4894,68.8476,7991.4749
2023-07-05,216.1181,561.5585,132.7659,189.3447,112.3854,154.2462,133.3653,149.563,344.6711,69.0067,7943.5703
2023-07-06,212.8286,553.6612,130.2934,184.5182,112.2538,153.0213,133.1519,147.9887,342.1265,68.4728,7806.4598
2023-07-07,213.5505,552.7474,131.7418,186.5529,112.3381,152.9678,133.2877,148.0222,343.4897,68.575,7894.6937
2023-07-10,213.2824,549.8104,131.1566,186.1744,112.3538,152.9316,133.3099,147.848,341.1572,68.6773,7856.4278
2023-07-11,214.8686,551.2463,131.3175,186.9551,112.3286,152.7863,133.332,147.3924,342.49,69.0294,7883.7332
2023-07-12,219.8105,553.0085,131.6101,189.8652,112.3611,153.2697,133.6202,148.3638,342.4598,68.9385,7818.9268
2023-07-13,220.6438,552.0947,132.5172,191.0008,112.4755,154.4246,133.8364,149.1611,341.3389,68.5069,8003.103
2023-07-14,218.0566,554.7707,130.7177,190.2674,112.4732,154.3227,133.7588,148.5112,339.3396,68.3365,7658.5059
2023-07-17,217.6629,554.3138,130.2788,188.8478,112.4592,154.3081,133.7034,148.6519,338.5823,68.132,7608.0907
2023-07-18,218.7479,557.3161,132.0637,187.6412,112.5887,155.3767,133.9555,149.9717,343.7321,68.6773,7528.4734
2023-07-19,218.883,565.2134,132.3855,188.6586,112.587,155.2322,133.9528,149.208,343.7018,69.6201,7548.7854
2023-07-20,218.5152,561.9501,131.0542,187.0497,112.4978,154.6326,133.8447,149.3486,344.5802,70.1312,7533.8935
2023-07-21,220.6174,561.7543,130.9957,187.4993,112.5406,154.827,133.9528,150.0119,343.6412,70.3016,7609.6849
2023-07-24,219.7365,563.8428,131.654,191.2611,112.6377,155.1888,133.9666,150.3,344.7014,71.5625,7431.3407
2023-07-25,221.3913,567.6936,132.0344,192.7516,112.6268,154.9985,133.9278,150.3469,346.1858,72.1077,7486.0199
2023-07-26,222.0667,565.0829,131.9759,193.1302,112.5692,154.6901,133.7228,149.8109,346.9128,71.6306,7527.3479
2023-07-27,220.2133,573.3718,134.6531,194.9283,112.6794,155.1553,133.9721,150.4272,344.6105,71.8351,7471.4783
2023-07-28,224.1169,571.4138,135.3407,197.5544,112.6604,154.8308,134.0803,150.3201,346.4584,71.8351,7567.287
2023-07-31,223.1215,570.5001,134.5654,197.9566,112.6997,154.7982,134.1495,150.789,347.9427,71.7329,7513.1386
2023-08-01,221.1966,572.4581,133.1755,196.679,112.684,154.5513,134.1412,150.0253,345.5193,71.7783,7646.1783
2023-08-02,216.9776,566.2577,130.8347,192.3258,112.7848,154.784,134.2687,150.1392,344.6105,70.8128,7504.2026
2023-08-03,217.6393,563.2554,129.8107,193.5797,112.8246,154.2447,134.2576,149.6903,344.7317,71.199,7554.819
2023-08-04,217.8808,562.9291,130.5129,192.6097,112.7791,154.3622,134.2354,150.3469,342.6415,70.8469,7522.6314
2023-08-07,218.9465,562.2111,131.6687,191.0482,112.8532,154.3249,134.3518,150.2665,342.4295,70.9604,7515.1245
2023-08-08,217.775,562.3417,130.6007,188.2091,112.9559,155.3026,134.2881,151.1843,342.7627,71.1195,7665.4253
2023-08-09,219.1493,559.731,129.1962,188.351,112.9028,154.9659,134.3546,150.6617,339.9758,71.642,7643.6325
2023-08-10,219.6217,562.2764,130.6007,191.2138,112.9028,154.9718,134.4405,150.3469,339.1881,71.2785,7596.5178
2023-08-11,217.6723,557.6425,130.0008,187.1207,112.8742,154.1948,134.2908,149.6903,340.6422,71.2785,7585.5408
2023-08-14,217.9885,563.9734,129.3571,186.4109,112.8653,153.9486,134.313,149.563,340.7634,71.0513,7614.1417
2023-08-15,215.8727,563.0596,128.1282,184.7075,112.8056,153.5098,134.2465,149.0271,340.1575,70.5061,7576.3846
2023-08-16,214.6711,562.5375,127.8503,183.6665,112.8523,153.7865,134.2992,149.0405,340.0666,70.631,7458.5876
2023-08-17,213.3968,558.3604,127.148,184.3526,112.847,153.5319,134.1357,148.3772,339.067,70.8355,6947.8458
2023-08-18,213.0451,552.16,126.8847,181.9867,112.9281,154.0547,134.1772,149.0137,338.7943,70.8696,6787.7473
2023-08-21,214.2377,553.7264,126.4751,181.5135,112.8963,153.6529,134.1412,148.3571,338.0976,71.1535,6806.5892
2023-08-22,213.0084,561.0363,127.9966,182.6728,112.8788,153.8133,134.1744,149.2616,340.7028,70.9604,6768.3299
2023-08-23,215.8087,564.2997,129.5473,185.5356,112.9913,154.9517,134.4821,150.3737,344.035,71.4034,6905.0581
2023-08-24,212.4344,563.8428,128.5232,185.7248,113.003,154.9377,134.4488,149.9516,345.3376,71.4943,6822.7039
2023-08-25,215.2882,563.2554,128.6842,185.7958,112.9634,154.6555,134.3934,149.4357,344.5499,72.3463,6834.7144
2023-08-28,217.5836,566.9757,130.0008,188.3983,112.9555,154.6146,134.4183,149.5228,346.4281,72.6302,6851.1699
2023-08-29,220.0952,574.3508,130.2203,189.9125,112.9266,154.5983,134.5181,150.2732,347.6095,72.2781,7257.7054
2023-08-30,219.1042,574.155,129.1962,187.4046,112.9636,154.8477,134.3906,150.0119,346.5796,71.8237,7116.4216
2023-08-31,215.8858,579.5722,131.5809,186.5766,113.0413,155.3385,134.5652,150.2196,348.5486,72.5848,6721.1931
2023-09-01,216.8963,580.9428,133.1609,189.6523,113.0963,155.0361,134.6705,149.4625,349.2453,73.3572,6741.8449
2023-09-04,216.8963,581.0081,133.79,190.0308,113.059,154.7342,134.6372,149.3888,349.73,73.2323,6787.614
2023-09-05,215.2735,584.4673,134.2435,189.3447,113.0535,154.5615,134.5901,149.1812,350.3056,74.1183,6767.3981
2023-09-06,215.8499,578.7237,134.302,188.3747,113.0143,154.3702,134.507,148.739,348.4274,73.5958,6803.4319
2023-09-07,214.95,578.7237,134.3459,185.3463,112.995,154.2915,134.5707,149.2616,349.3362,73.6526,6933.3401
2023-09-08,215.8061,581.1386,133.2048,185.7721,113.0271,154.5007,134.6511,149.6233,349.215,73.573,6861.8285
2023-09-11,217.6386,580.1596,133.7168,186.5292,113.0464,154.2683,134.579,149.2281,348.6395,73.5958,6652.4045
2023-09-12,215.5799,580.5512,133.9655,187.5229,113.0214,154.187,134.4626,149.2348,347.0946,74.0728,6809.2222
2023-09-13,214.6213,579.9638,133.4827,187.5939,112.9733,153.9949,134.6068,149.0606,346.519,74.1751,6911.4737
2023-09-14,217.5646,585.9684,136.4965,189.7706,112.9561,154.2997,134.6594,149.5831,348.4577,74.9702,7005.9268
2023-09-15,219.2219,580.2249,135.9259,188.3983,112.9046,153.7981,134.5375,148.7055,351.2749,74.8907,7088.2354
2023-09-18,217.0548,577.8753,135.4139,187.5702,112.8822,153.4901,134.5181,148.3638,351.1538,74.709,7106.2461
2023-09-19,216.7048,572.9802,135.5894,186.4346,112.8665,153.3617,134.4654,148.1428,352.3352,74.9816,7211.0862
2023-09-20,217.321,574.5466,134.8433,187.0497,112.9121,153.5987,134.6483,148.2098,353.1228,74.6408,7197.272
2023-09-21,214.7717,563.8428,132.6635,183.1696,112.8861,153.2881,134.5846,147.8748,350.2753,74.2887,7066.7579
2023-09-22,214.1257,563.1249,133.3657,186.0087,112.9357,153.3197,134.7176,147.6068,352.0626,74.1751,7064.2845
2023-09-25,212.9266,562.2111,133.3657,185.7958,112.9538,153.0663,134.6927,146.8163,353.0016,74.1524,6998.147
2023-09-26,211.3874,557.5772,132.0051,183.9267,112.9819,152.9917,134.6178,146.1129,350.4873,74.2092,7013.9732
2023-09-27,210.9104,559.4699,132.8098,184.4946,113.01,152.9817,134.5901,145.6439,348.4274,75.027,7065.0003
2023-09-28,214.2731,561.7543,131.8588,183.6665,112.9428,151.5841,134.4544,144.4179,343.1262,74.7885,7288.5654
2023-09-29,213.4085,564.0386,130.6299,184.3053,113.0616,152.7768,134.6289,145.0008,341.551,74.2887,7219.6693
2023-10-02,209.7061,567.302,129.9862,184.0687,113.0751,152.4242,134.6539,144.0495,339.9758,73.6071,7383.7971
2023-10-03,209.1319,559.0131,128.1721,182.8384,113.0999,152.2428,134.6151,143.1115,339.5516,73.6526,7416.0656
2023-10-04,210.341,559.9921,126.7676,181.4189,113.0778,151.8669,134.5098,143.4934,337.9158,72.4712,7522.0081
2023-10-05,210.8671,559.0784,128.889,180.5435,113.1756,152.2458,134.6566,143.5269,336.1286,71.801,7393.6957
2023-10-06,212.8063,564.1039,128.3477,182.5781,113.2061,152.0622,134.6982,143.1651,337.2797,72.1191,7508.5434
2023-10-09,211.7237,567.1062,128.9475,182.0576,113.2958,152.6427,134.7813,145.1817,342.3386,73.2891,7396.4198
2023-10-10,214.8059,574.8077,130.3081,185.5119,113.2967,152.8294,134.8645,145.4027,341.4904,72.812,7336.843
2023-10-11,215.712,572.9802,129.7375,186.8841,113.2819,153.5225,134.7758,145.8315,343.3685,72.2213,7180.5833
2023-10-12,212.8624,578.3321,131.3322,186.4109,113.2508,153.3379,134.7813,144.9539,345.5193,72.7893,7136.3327
2023-10-13,212.6737,574.0245,129.7375,185.4882,113.3071,153.1949,134.8977,145.6908,356.5762,74.4931,7224.015
2023-10-16,214.9407,578.2016,129.1523,185.7958,113.2846,152.9156,134.8478,145.4228,354.9404,74.1069,7680.7223
2023-10-17,214.0524,575.7214,129.2547,184.5655,113.2048,152.4479,134.7453,145.041,354.0922,73.7434,7629.0364
2023-10-18,209.735,571.8707,128.0551,181.8211,113.2014,152.3317,134.5236,144.9539,359.6358,74.868,7592.0843
2023-10-19,208.6871,562.668,126.8993,180.6618,113.1952,152.1327,134.676,144.8333,360.696,74.6181,7722.2257
2023-10-20,205.7566,550.92,125.4802,177.9409,113.3079,152.467,134.6899,145.1683,366.6637,75.2088,7945.0296
2023-10-23,206.13,550.92,124.8804,177.0182,113.2979,152.3947,134.7259,145.3424,361.9077,74.0615,8853.0575
2023-10-24,205.3525,554.0528,125.846,180.0939,113.3647,152.9095,134.9587,145.1147,361.3624,73.4822,9003.2921
2023-10-25,204.9602,549.223,126.0947,177.9646,113.3666,152.64,134.8838,144.304,363.8464,73.7548,9227.4079
2023-10-26,204.6216,543.8058,124.8073,177.6807,113.4323,152.9686,134.9809,145.0745,365.8155,74.1524,9159.121
2023-10-27,203.2391,538.0623,124.9536,177.3258,113.4637,153.1977,134.9725,145.1147,364.3311,74.3909,9095.3306
2023-10-30,206.4459,536.8222,124.9243,178.4378,113.5068,153.4742,134.9975,145.1884,367.0878,73.8684,9256.0284
2023-10-31,205.7898,541.5215,127.2943,176.6633,113.5569,153.869,135.1721,145.4161,367.2089,74.4136,9254.3334
2023-11-01,207.8865,547.8524,128.6549,178.2249,113.5815,154.0353,135.3605,145.5568,365.4217,74.3,9491.8724
2023-11-02,212.2878,557.3814,130.4836,180.9457,113.6136,154.61,135.4575,146.2804,363.7253,73.9365,9351.1826
2023-11-03,213.4061,562.2111,132.21,183.8321,113.6122,154.9747,135.5018,147.1848,361.5139,73.5276,9268.0198
2023-11-06,210.4692,560.9711,130.4251,184.8021,113.5769,154.3854,135.3439,146.0191,359.3631,73.255,9250.9303
2023-11-07,209.7334,568.0199,129.1084,184.7548,113.5658,154.6868,135.3355,146.3473,358.0908,72.5621,9367.4179
2023-11-08,211.2512,566.584,127.704,183.9031,113.6033,155.0542,135.4353,146.8632,355.94,71.9941,9445.8013
2023-11-09,210.9325,568.0852,129.2547,183.7375,113.5928,154.9393,135.3799,146.6086,356.97,71.6761,9707.7507
2023-11-10,212.7645,567.302,128.9329,182.6965,113.5347,154.4999,135.3494,146.3339,353.8801,71.4602,9911.6556
2023-11-13,212.8611,572.0665,129.0499,183.6192,113.5489,154.3457,135.4852,146.354,354.2436,72.0282,9675.5882
2023-11-14,218.9191,576.5699,128.9329,184.8258,113.6258,155.2695,135.6376,147.4527,352.6078,71.6761,9409.6021
2023-11-15,215.3316,578.5932,129.6351,188.7295,113.6786,155.3797,135.6875,146.8431,351.7596,71.5511,9867.2368
2023-11-16,215.3364,577.2226,129.6058,184.2106,113.7327,156.0117,135.8192,147.1312,356.2127,70.4038,9438.2842
2023-11-17,218.3284,576.9615,131.2883,184.3053,113.757,155.9162,135.8585,147.3321,354.8798,70.1426,9554.3729
2023-11-20,218.2609,577.0268,131.0249,185.8904,113.7282,155.8482,135.8361,147.647,351.3961,70.4266,9736.4008
2023-11-21,216.5606,578.789,131.6687,185.0387,113.7518,156.1608,135.8108,148.1495,356.3944,70.6197,9271.2373
2023-11-22,217.4669,584.0104,132.5757,185.7485,113.7753,156.4055,135.6735,147.9284,356.97,70.1767,9714.8381
2023-11-23,217.4669,583.7493,132.2538,186.3163,113.7404,155.6574,135.7379,148.1562,355.1827,70.2335,9702.1009
2023-11-24,220.0234,581.1386,131.9027,184.7075,113.7231,155.5473,135.6062,147.8748,355.8189,69.9268,9800.2562
2023-11-27,218.6613,580.9428,131.8881,183.5482,113.796,156.1689,135.8473,148.538,357.7576,69.3361,9648.9628
2023-11-28,218.3025,579.6375,131.4346,183.5955,113.889,156.5451,135.9398,148.7792,360.6051,69.9154,9782.3064
2023-11-29,218.3499,581.7913,131.2298,182.5781,114.037,157.5929,136.1949,149.0472,362.5136,69.9381,9747.1254
2023-11-30,218.4951,582.9661,132.3124,183.5955,114.0329,157.1136,136.3155,149.0472,364.1191,69.9836,9738.135
2023-12-01,222.2404,587.8611,133.0877,183.3589,114.1812,157.9395,136.6828,150.0387,368.4207,70.5856,10065.0334
2023-12-04,221.1053,587.8611,133.0877,183.3589,114.2698,158.5633,136.6828,150.0387,368.4207,70.5856,10925.2162
2023-12-05,221.9178,587.8611,133.0877,183.3589,114.2892,158.9738,136.6828,150.0387,368.4207,70.5856,11525.2149
2023-12-06,222.8606,587.8611,133.0877,183.3589,114.3056,159.4498,136.6828,150.0387,368.4207,70.5856,11484.5685
2023-12-07,224.2137,593.8657,134.3313,182.6728,114.3389,159.6112,136.7697,151.5996,365.8155,68.0979,11393.8989
2023-12-08,224.9109,597.7165,134.6239,182.3652,114.2572,158.8001,136.6211,150.3669,363.3921,68.6205,11596.4969
2023-12-11,225.7872,599.0218,135.2969,182.8147,114.2754,158.933,136.5959,150.0052,359.0602,67.7912,10855.616
2023-12-12,226.1678,600.3924,134.9604,181.963,114.2737,159.1339,136.6015,150.387,357.4547,67.371,10909.1178
2023-12-13,228.6666,602.1547,135.3261,180.5198,114.2897,159.5788,136.6631,150.9565,357.6364,67.3823,11254.6975
2023-12-14,229.4388,599.544,135.3115,184.0687,114.4087,160.343,137.1706,151.9413,361.1504,67.3823,11198.9555
2023-12-15,224.6828,605.418,135.882,186.1507,114.4196,160.9549,137.2267,152.8256,363.0891,68.1093,10807.441
2023-12-18,227.3834,606.7233,134.2728,183.7611,114.4324,160.7488,137.0865,152.2428,360.8172,68.5864,11085.4233
2023-12-19,229.1568,606.6581,134.3459,185.299,114.489,161.3692,137.137,153.5692,362.9983,68.3365,10964.8667
2023-12-20,225.2859,609.7909,135.3846,184.1633,114.5179,161.804,137.322,154.0717,361.1504,68.2797,11264.2807
2023-12-21,229.3791,603.9168,135.4724,184.258,114.57,162.0942,137.4902,154.5674,362.1501,67.9503,11356.7978
2023-12-22,228.2611,605.8749,136.3209,182.1759,114.6382,162.2507,137.4286,154.3464,363.8464,68.0184,11327.5415
2023-12-25,228.2611,605.8749,136.3209,182.1759,114.6382,162.2507,137.4286,154.3464,363.8464,68.0184,11207.7204
2023-12-26,229.3923,605.8749,136.3209,182.1759,114.6382,162.2507,137.4286,154.3464,363.8464,68.0184,10933.1739
2023-12-27,230.1973,603.2642,135.6772,182.8147,114.6694,162.4872,137.6528,154.889,363.9979,68.0184,11147.3427
2023-12-28,227.2849,605.9401,137.1987,185.6775,114.6773,162.2491,137.6921,154.0047,364.5432,68.0979,10873.5917
2023-12-29,228.328,607.1149,138.0326,185.8904,114.6606,161.648,137.807,153.2745,362.9074,67.8367,10778.0403
2024-01-01,228.328,607.1149,138.0326,185.8904,114.6606,161.648,137.807,153.2745,362.9074,67.8367,11320.1004
2024-01-02,226.0611,606.3317,138.135,185.0624,114.6919,161.453,137.5267,152.5174,367.1181,67.6549,11540.5762
2024-01-03,226.1307,604.2432,137.1695,184.2816,114.6785,161.2649,137.6024,152.6581,362.4227,67.9616,11096.4947
2024-01-04,227.7113,603.6558,136.3209,183.5482,114.6331,160.5894,137.4818,151.6465,363.0891,67.405,11456.0269
2024-01-05,226.8736,601.5672,137.2719,183.146,114.5321,160.084,137.4818,151.5125,363.9676,67.9276,11431.036
2024-01-08,229.5593,604.5695,137.5206,183.217,114.5717,160.3646,137.5042,151.9815,360.7263,66.8598,12163.5312
2024-01-09,227.0705,612.271,138.3691,181.7264,114.5857,160.4076,137.4482,151.3116,361.3927,67.9844,11938.0653
2024-01-10,228.4389,612.8585,140.3588,180.4961,114.5637,160.2826,137.5098,151.0168,359.7569,67.4618,12085.6131
2024-01-11,226.5499,610.5741,140.6806,181.0403,114.6002,160.4351,137.4734,150.9632,358.424,67.848,11971.6569
2024-01-12,227.058,614.1638,143.6066,183.0513,114.6517,160.8426,137.7622,152.0552,364.5129,67.689,11057.4735
2024-01-15,227.058,616.1218,145.1574,181.7028,114.6408,160.3865,137.6612,151.4656,365.2702,67.6436,11005.4516
2024-01-16,223.4709,621.4084,143.8553,179.6681,114.638,160.5577,137.6472,151.1441,364.1797,67.8026,11171.9047
2024-01-17,223.0803,618.0146,140.7099,176.9236,114.5046,159.6405,137.4286,150.4406,360.5748,67.3369,11133.2365
2024-01-18,224.9173,619.9726,141.7047,178.6744,114.5089,159.5739,137.4958,150.3201,361.3321,67.3937,10740.6873
2024-01-19,225.1265,623.9539,141.7925,178.982,114.5458,159.5354,137.493,150.6148,362.3015,67.3823,10840.0498
2024-01-22,225.2504,631.3943,144.5722,178.1302,114.5683,160.0015,137.608,150.7756,361.9077,67.1665,10277.7761
2024-01-23,224.9603,631.5901,143.036,181.1113,114.5481,159.6455,137.5996,149.7707,363.8161,68.0639,10377.2702
2024-01-24,227.661,634.7882,143.3579,183.3826,114.5681,159.7392,137.5603,149.9583,359.5752,68.3706,10459.0312
2024-01-25,228.2061,638.9653,142.7581,183.3826,114.6746,160.0497,137.8519,150.6952,362.2712,68.7,10398.785
2024-01-26,230.9958,636.7462,141.8949,183.3826,114.6825,160.0866,137.8995,150.4607,361.6654,68.4501,10923.9719
2024-01-29,231.8299,640.0096,142.7727,183.217,114.7684,160.6893,138.0229,151.2044,365.2702,68.8022,11312.0244
2024-01-30,232.132,643.4035,142.5094,181.6318,114.7955,160.5917,137.9136,150.6885,365.2399,69.0067,11233.6886
2024-01-31,230.2059,634.984,144.3674,181.2059,114.8654,161.0816,138.0398,151.4723,368.3298,68.8931,11127.7485
2024-02-01,233.3326,632.308,144.0455,181.5135,114.8745,161.1593,138.0257,151.9279,369.7838,68.6886,11297.7578
2024-02-02,229.5805,643.9256,144.5429,181.7974,114.752,160.6857,137.9248,150.9431,366.906,68.0071,11252.963
2024-02-05,230.2501,647.9069,144.6453,184.045,114.7127,160.0587,137.7678,150.3938,366.9666,68.0752,11213.1417
2024-02-06,232.93,648.2985,143.3433,188.1854,114.7161,159.9377,137.908,150.7488,368.9356,68.3024,11365.4075
2024-02-07,231.832,653.063,143.709,187.3337,114.7421,160.0433,137.6444,150.3804,368.9962,68.0979,11674.1065
2024-02-08,231.433,655.6737,142.641,186.3163,114.6867,159.6163,137.6528,150.2799,366.6637,68.1888,11912.5958
2024-02-09,232.2007,658.8065,143.3433,186.3636,114.64,159.22,137.6725,149.9047,365.2702,68.0979,12396.1912
2024-02-12,231.9317,665.4638,144.8794,190.1254,114.6591,159.4634,137.793,150.166,364.1494,68.2002,13109.7992
2024-02-13,227.9786,657.2401,145.8304,186.4819,114.62,159.2616,137.765,150.0387,362.7559,68.3138,13084.6059
2024-02-14,232.5476,657.8928,145.0696,188.2564,114.5941,159.4366,137.7426,150.6885,361.6654,67.7799,13713.4873
2024-02-15,234.6009,659.4592,146.1668,188.6822,114.6278,159.8905,137.7762,150.6349,362.1803,67.5754,13713.3562
2024-02-16,234.0557,661.8088,146.6277,189.6759,114.5536,159.2997,137.6725,150.1861,363.18,67.7004,13718.5235
2024-02-19,234.0557,659.4592,147.2129,188.8242,114.5736,159.3782,137.5772,149.9382,364.6946,67.5981,13604.3619
2024-02-20,235.2233,648.4943,145.3037,188.2564,114.6351,159.6521,137.8099,150.3268,365.3914,67.2914,13749.3871
2024-02-21,234.692,647.3195,145.4792,189.2027,114.6087,159.4382,137.7229,149.1678,364.4826,67.7458,13584.5877
2024-02-22,236.8891,664.6805,147.2494,190.5986,114.5606,159.2834,137.7426,149.4692,363.9676,67.7004,13435.5843
2024-02-23,237.0634,667.2912,147.7249,190.4567,114.5915,159.6223,137.7453,150.4272,366.3305,67.1892,13279.0535
2024-02-26,236.933,664.8111,147.1031,189.5576,114.5531,159.3808,137.7426,149.6501,364.0585,66.9393,14278.6187
2024-02-27,236.6561,661.8088,147.1397,190.2911,114.5625,159.199,137.6949,149.6769,365.0884,67.7231,14907.2796
2024-02-28,235.597,663.8974,146.3351,187.9251,114.5687,159.0626,137.7426,149.9248,365.6034,67.8026,16331.7167
2024-02-29,235.8358,665.7248,147.3226,187.8068,114.5896,159.3224,137.8575,150.8225,368.4509,68.0525,15999.2135
2024-03-01,238.5696,671.3378,149.956,189.6049,114.5985,158.949,137.9472,150.5411,373.3887,68.2911,16375.1112
2024-03-04,237.4142,671.9905,149.2245,188.8715,114.6447,159.5924,137.9304,150.655,379.9016,68.6886,17857.3655
2024-03-05,236.1665,665.4638,149.7365,187.3573,114.6909,160.1366,137.908,151.4455,381.4465,68.2683,16654.5434
2024-03-06,238.6757,667.6829,151.1263,190.1254,114.7032,160.3016,137.9332,151.8475,382.9006,68.3933,17255.083
2024-03-07,241.426,671.0767,150.98,190.2911,114.7026,160.5988,138.0341,152.0552,384.2638,68.4842,17398.9857
2024-03-08,239.2365,671.0767,151.0166,191.2847,114.8061,161.0527,138.2192,152.2093,387.2022,67.9389,17674.2904
2024-03-11,239.4294,666.1164,148.0541,192.3021,114.797,160.6438,138.2136,151.6063,388.7774,68.5182,18676.0559
2024-03-12,242.0141,673.8179,148.6393,194.2185,114.7536,160.5588,138.222,151.6666,385.8087,68.541,18529.3023
2024-03-13,242.5239,673.1653,147.4323,193.8163,114.7664,160.4952,138.1575,151.6465,386.7478,68.8022,18950.838
2024-03-14,240.1255,673.5569,147.542,192.9882,114.7395,160.0319,138.2892,151.4523,385.9299,69.0976,18466.8852
2024-03-15,241.4945,667.8134,147.9078,192.0655,114.7052,159.7171,138.1911,151.124,386.9598,69.5519,18070.0259
2024-03-18,240.1006,676.4286,150.5046,191.2847,114.7371,159.7572,138.1154,151.3116,386.7175,69.7677,17588.3506
2024-03-19,240.69,677.2119,151.1995,190.3147,114.7697,159.9295,138.264,151.1776,386.1722,69.7791,16133.6976
2024-03-20,243.8278,679.3004,151.3458,191.0245,114.7674,159.9048,138.2388,150.99,386.8386,69.586,17714.7781
2024-03-21,241.5677,691.5706,152.9551,192.8226,114.8043,160.1346,138.3706,151.546,390.4738,69.6201,16967.5129
2024-03-22,242.6517,691.7012,153.394,192.1128,114.8821,160.5989,138.4435,152.082,389.9588,69.7223,16637.6634
2024-03-25,244.1379,689.221,151.0532,191.2138,114.8793,160.3095,138.3958,151.7939,391.2614,69.9154,18342.3995
2024-03-26,243.8103,690.918,152.2236,191.8999,114.8866,160.4458,138.4378,152.0016,391.7461,69.6541,18298.0497
2024-03-27,245.4341,688.5683,152.4065,191.403,114.9518,160.8915,138.6537,152.5174,394.4724,69.2907,18168.6716
2024-03-28,245.4273,694.1813,152.4796,193.0592,114.951,160.6857,138.6089,152.2629,400.3795,70.1653,18538.4928
2024-03-29,245.4273,694.1813,152.4796,193.0592,114.951,160.6857,138.6089,152.2629,400.3795,70.1653,18347.2813
2024-04-01,245.4589,694.1813,152.4796,193.0592,114.951,160.6857,138.6089,152.2629,400.3795,70.1653,18300.1875
2024-04-02,244.599,687.7851,149.4805,193.627,114.9811,159.9374,138.6173,151.2915,407.5589,71.4716,17271.8296
2024-04-03,245.6074,686.7409,150.1754,191.7106,114.9615,159.8007,138.536,151.4924,411.4364,71.8465,17362.0457
2024-04-04,242.1349,685.8271,149.8828,192.8463,115.0021,160.5492,138.6229,152.0686,410.467,71.6079,17911.1778
2024-04-05,242.782,679.8226,148.8953,191.2374,114.9781,160.3413,138.5836,151.7738,417.6464,72.653,17737.8111
2024-04-08,244.1666,680.9973,149.3708,192.444,114.9984,160.0314,138.6033,151.5594,418.3128,72.4031,18741.1391
2024-04-09,242.9129,676.2981,149.1513,194.1475,114.9946,160.4364,138.7463,152.3031,421.1301,72.5962,18033.8102
2024-04-10,240.1435,680.9973,148.8221,194.2895,114.9477,160.1021,138.6593,151.7336,424.0382,73.096,18419.1256
2024-04-11,242.919,683.3469,149.2976,195.0939,114.9491,159.8469,138.4883,151.5661,425.7346,73.0164,18481.6527
2024-04-12,239.0672,686.0882,149.956,193.0119,115.0661,160.7736,138.7323,152.9931,438.5787,74.3114,17750.5104
2024-04-15,240.4307,683.4775,149.8828,192.0182,115.0856,160.054,138.5977,152.1155,429.8241,73.6866,16876.2088
2024-04-16,239.0423,673.5569,146.8471,187.5466,115.0619,159.4999,138.5107,152.1289,437.2761,73.9138,17016.9757
2024-04-17,239.9551,668.0745,144.7331,187.0497,115.0529,159.6922,138.4995,151.9547,436.337,73.8229,16347.5078
2024-04-18,238.3229,668.205,144.9672,187.8305,115.0498,159.5808,138.4799,151.4455,435.2162,73.3345,16867.9208
2024-04-19,239.4799,659.0676,143.6944,185.9851,115.0138,159.3405,138.5107,151.4455,436.7006,73.698,16995.9431
2024-04-22,241.8261,656.8485,143.9577,187.5229,115.0819,159.6372,138.6986,151.6264,427.4915,73.9593,17769.5267
2024-04-23,245.3246,666.8996,144.3966,189.392,115.1036,159.8397,138.6874,151.6733,422.2206,73.2663,17662.06
2024-04-24,243.0306,668.0745,145.1866,189.5576,115.0495,159.1058,138.5836,150.7823,424.2502,73.6298,17015.1321
2024-04-25,242.6901,658.1538,142.3631,189.0371,114.992,158.5711,138.4519,150.6081,423.7958,73.2096,17076.474
2024-04-26,243.8541,677.8645,144.1479,192.3494,115.0442,159.2353,138.6089,151.0838,425.2499,73.8457,16837.3156
2024-04-29,245.1451,675.2538,144.8209,193.8872,115.1061,159.6233,138.6257,151.5192,424.7652,73.7094,16895.7952
2024-04-30,241.3388,673.4264,145.6548,192.6097,115.0176,159.182,138.5276,151.2714,418.7067,73.1641,16034.5435
2024-05-01,242.1552,673.4264,145.6548,192.6097,115.0176,159.182,138.5276,151.2714,418.7067,73.1641,15475.4145
2024-05-02,243.3021,665.9859,146.6642,195.2832,115.0716,159.4056,138.6761,151.4388,418.5249,72.0623,15625.797
2024-05-03,245.2443,671.4683,147.542,197.5308,115.1677,160.0542,138.8135,151.7939,414.6777,72.1304,16603.4016
2024-05-06,246.6514,678.1256,148.3833,197.5544,115.1798,160.1941,138.8892,151.9614,419.7972,72.9824,16636.4053
2024-05-07,248.0469,682.1721,147.3957,197.3888,115.2019,160.3602,138.9761,152.2696,418.6158,73.0051,16404.2371
2024-05-08,249.356,681.7805,145.172,196.9393,115.1952,160.152,138.8864,152.1423,420.191,72.9142,16127.9087
2024-05-09,251.6393,681.7805,145.1281,197.4125,115.1924,159.8935,138.836,151.8341,421.4936,72.9029,16624.2371
2024-05-10,251.8797,683.9997,145.4353,199.045,115.1763,159.8348,138.878,151.5326,427.2492,73.2323,15972.2455
2024-05-13,252.3711,682.3027,144.3966,200.9614,115.2202,159.956,138.9453,151.7537,421.1301,73.3231,16548.8983
2024-05-14,253.9479,682.8248,144.9964,199.5418,115.2217,159.7322,138.8724,151.2647,423.5838,73.3231,16159.3654
2024-05-15,256.2241,689.7431,146.2107,202.097,115.2781,160.5003,139.0518,152.5442,426.916,73.2663,17363.3104
2024-05-16,252.9697,693.2676,146.7374,203.3273,115.2902,160.4342,139.0064,152.4169,426.5828,73.4822,16973.7705
2024-05-17,254.1711,689.3516,146.3717,204.2263,115.247,159.9365,138.9751,151.9949,431.8234,74.4931,17482.7636
2024-05-20,253.8828,694.0508,147.9809,203.6585,115.2896,159.897,139.0206,151.7939,435.0951,75.5382,18615.8792
2024-05-21,254.1889,694.1813,146.774,201.7658,115.3143,160.1132,139.0689,151.7269,435.7312,75.8222,18298.7672
2024-05-22,252.3247,695.3561,145.4939,201.2453,115.2745,159.8909,138.9268,151.6465,429.1879,75.2201,18043.5628
2024-05-23,251.8581,700.708,145.8596,201.1506,115.2419,159.3897,138.9552,151.3384,421.7057,75.0611,17781.2887
2024-05-24,254.118,695.3561,146.1668,199.7547,115.2032,159.2277,138.9495,151.0704,418.8884,74.425,17958.2138
2024-05-27,254.118,697.9668,147.286,201.3636,115.3099,159.8315,139.1286,151.3919,422.8871,75.0497,18127.2075
2024-05-28,252.495,696.2699,146.6277,199.5182,115.3267,159.6304,139.0661,151.057,422.5538,75.1974,17816.8834
2024-05-29,248.9875,697.1836,144.4113,196.1822,115.2629,158.9492,138.958,150.2129,421.3421,75.2201,17645.8188
2024-05-30,252.5128,690.7874,145.3037,195.9456,115.2887,158.8886,139.1684,150.8024,421.1301,73.8684,17934.0092
2024-05-31,254.0578,683.2164,146.3717,192.1128,115.2861,159.1283,139.0945,150.7555,418.4037,72.9937,17649.9591
2024-06-03,253.9717,689.6126,148.2004,193.9346,115.3707,159.5328,139.1428,151.2111,418.9793,72.4371,17964.1786
2024-06-04,251.9116,688.4378,148.749,191.5923,115.4486,160.133,139.3162,151.2178,416.4953,71.9941,18332.6923
2024-06-05,254.9289,699.2721,148.5296,196.0876,115.4348,160.2587,139.3447,151.6666,421.9783,72.0964,18509.8034
2024-06-06,256.1156,701.2302,148.6759,196.3242,115.4205,159.7864,139.3816,151.5728,425.159,73.2436,18437.4331
2024-06-07,252.3196,706.0599,149.5536,196.821,115.3578,159.2006,139.1457,150.8493,416.1015,72.4031,18035.8235
2024-06-10,254.2567,709.4538,151.6018,198.5954,115.3935,158.7408,139.14,149.9449,417.9796,73.6071,18273.7779
2024-06-11,251.5266,707.8874,149.9194,197.1286,115.4792,158.6952,139.2594,149.6635,419.7366,73.7661,17724.6622
2024-06-12,256.05,712.8477,150.2851,198.5481,115.5233,159.7486,139.3759,150.722,418.9793,73.2777,18004.0197
2024-06-13,250.4258,717.2859,148.3101,198.5481,115.5788,159.6687,139.4385,150.5344,417.7676,73.5503,17493.6825
2024-06-14,248.0487,722.8989,148.9684,199.3525,115.7596,160.5002,139.4783,150.5009,423.4929,73.8684,17418.0859
2024-06-17,250.8869,722.7683,146.9203,199.9913,115.7585,160.2666,139.4328,150.8024,420.2516,73.1982,17604.6343
2024-06-18,251.235,726.8149,147.3957,201.8367,115.761,160.472,139.4328,151.5929,422.0389,73.6866,17185.4776
2024-06-19,251.235,730.6004,147.2494,204.5812,115.7434,160.2627,139.3589,150.99,422.0389,73.857,17135.2944
2024-06-20,251.6045,734.2553,148.0907,203.7768,115.761,160.1211,139.5948,150.8292,428.0065,74.1637,17085.8738
2024-06-21,250.6169,730.4698,147.2129,203.7532,115.8327,160.5057,139.7114,150.8292,424.5229,73.7548,16964.0279
2024-06-24,253.3005,727.7286,148.1272,203.6112,115.8009,160.5215,139.7085,150.8359,423.2506,73.6412,15981.1692
2024-06-25,251.7546,728.3813,149.8097,201.9077,115.8178,160.5715,139.7085,150.7689,422.0389,73.3118,16317.4272
2024-06-26,250.0561,729.295,150.1388,202.8541,115.8229,160.2772,139.7114,150.1392,419.6154,73.1755,16089.7991
2024-06-27,250.4847,728.7729,150.7606,201.9314,115.8326,160.0948,139.7682,150.1459,423.4323,73.3459,16344.7921
2024-06-28,249.485,732.95,152.5528,202.3099,115.8571,160.0307,139.7767,149.8846,423.5838,73.2096,15961.5595
2024-07-01,250.3534,726.2927,150.468,201.5765,115.7947,159.5236,139.7853,149.2482,423.0082,73.0846,16590.0244
2024-07-02,249.6396,727.076,152.7356,202.0024,115.7859,159.7112,139.9672,149.496,422.4024,73.2436,16369.9875
2024-07-03,252.5039,729.9477,153.138,204.5339,115.7664,159.6991,139.8507,150.387,425.9466,73.1868,15863.7014
2024-07-04,252.5039,730.6004,154.2718,204.4866,115.7917,159.8519,139.936,150.3067,425.0984,73.0164,14958.5985
2024-07-05,253.1219,732.95,154.1986,203.7058,115.8275,160.1657,139.9843,150.8895,429.3394,73.5958,14851.8912
2024-07-08,251.5068,735.4301,154.0889,204.8415,115.8919,160.6206,140.0156,151.4723,425.7043,72.6189,14842.039
2024-07-09,249.3976,738.0408,155.7713,205.1254,115.8767,160.4019,139.936,150.3737,424.1594,72.3349,15176.4793
2024-07-10,252.8781,740.1294,158.551,206.5213,115.8815,160.7243,140.0184,151.1039,428.2186,72.1077,15129.2766
2024-07-11,253.6649,737.5187,158.3316,208.1301,115.9733,161.3026,140.1776,151.6867,434.0348,72.0509,14999.4317
2024-07-12,255.7619,741.0431,158.295,209.0528,115.9273,161.1517,140.2003,151.4857,430.7329,71.6534,15089.5204
2024-07-15,252.7047,743.1317,157.8561,206.5923,116.0368,161.3732,140.189,152.0753,434.7315,71.1081,16886.3395
2024-07-16,253.2877,742.3484,158.5144,206.8052,116.0554,161.7736,140.243,152.4103,440.4568,71.0286,16920.5264
2024-07-17,251.9077,731.1225,158.1121,204.1554,116.0578,161.7299,140.2486,152.5375,439.4269,70.4379,16664.7727
2024-07-18,248.9917,726.2927,156.6491,202.6412,116.0856,161.9934,140.3965,152.6983,440.2751,70.4266,16569.8731
2024-07-19,248.3695,720.6798,155.7348,200.914,116.0709,161.5434,140.2856,151.9011,430.3088,69.7905,17339.7912
2024-07-22,251.9112,725.7706,155.4787,201.7421,116.1007,161.5172,140.243,151.5728,427.4007,69.8473,17571.0832
2024-07-23,249.9603,735.0386,155.9908,202.8541,116.1145,161.6278,140.4306,151.546,431.6114,69.904,17154.8985
2024-07-24,248.5382,716.2416,154.3083,199.9677,116.1648,161.6888,140.3482,151.3183,435.8524,70.029,17071.6567
2024-07-25,247.9453,713.1088,150.4314,198.7137,116.1921,161.9857,140.6495,151.2513,424.1896,69.1771,17195.1519
2024-07-26,251.1795,711.5423,151.8578,199.6601,116.225,162.1789,140.6694,151.325,428.0671,68.7909,17733.9862
2024-07-29,249.2422,714.6752,153.138,199.7784,116.29,162.4292,140.6694,151.9748,427.4915,68.3365,17444.8151
2024-07-30,250.9566,710.7592,153.9792,199.3762,116.3721,162.7593,140.6865,151.8408,430.3997,68.4614,17338.0144
2024-07-31,253.255,723.5515,158.4779,203.1853,116.419,163.0988,140.8087,152.571,436.0947,69.1316,16929.0611
2024-08-01,247.8222,719.1134,153.2477,201.6711,116.4453,163.2463,140.9139,153.1271,442.1533,69.2111,17110.0607
2024-08-02,246.7648,688.5683,143.4603,194.1002,116.5813,163.8645,140.9736,152.9261,432.7625,67.4164,16132.0858
2024-08-05,238.5869,672.9042,141.5584,188.9425,116.8013,163.8407,140.7462,152.3433,426.8554,66.5304,14021.9218
2024-08-06,238.3334,678.9088,141.2805,190.8825,116.7552,163.7277,140.7575,152.3634,425.2802,67.1892,14499.1161
2024-08-07,239.2399,685.1745,147.1763,195.5434,116.6545,163.0305,140.7831,152.1289,426.8554,67.6322,14270.8633
2024-08-08,242.5299,684.6523,147.3226,197.4598,116.6513,163.0552,141.0418,152.2361,431.9143,67.9844,16001.1567
2024-08-09,244.3451,687.0019,145.9328,198.1459,116.6924,163.4386,141.0333,152.3165,433.126,67.9844,15803.875
2024-08-12,243.8011,688.9599,147.6152,199.0213,116.7096,163.4743,141.0589,152.6983,437.7608,68.4614,15410.5377
2024-08-13,246.5571,698.2279,151.4921,199.5891,116.7607,163.8255,141.1157,152.9998,439.0634,67.9957,15704.1058
2024-08-14,246.5417,698.4889,150.0657,198.3588,116.7688,163.9326,141.2209,152.7921,432.3081,67.6777,15134.9362
2024-08-15,248.6852,712.0645,152.443,201.1506,116.6902,163.3734,141.1555,152.5509,435.5797,68.4728,14809.7563
2024-08-16,250.9519,714.0225,154.1255,202.9487,116.7274,163.4505,141.1811,152.3768,440.3054,67.7004,15208.8923
2024-08-19,252.5568,716.8943,154.6009,203.9424,116.7464,163.4004,141.2721,152.3031,440.4568,67.9162,15290.8408
2024-08-20,250.4706,718.0691,154.1986,201.7421,116.7951,163.6419,141.3971,152.6313,440.9415,67.6322,15083.1913
2024-08-21,251.6589,717.4164,155.4422,201.6238,116.8587,163.8985,141.3602,152.5576,438.6999,67.371,15577.6376
2024-08-22,249.5695,718.1996,156.1371,200.1569,116.8687,163.8535,141.3801,152.4906,434.5498,66.7916,15337.8253
2024-08-23,254.7099,716.7637,157.1612,202.0734,116.8376,163.5952,141.4739,153.1003,438.1849,67.2347,16336.7745
2024-08-26,252.3119,716.8943,156.6491,201.4109,116.8718,163.656,141.4995,153.2075,438.5484,67.7231,15926.0363
2024-08-27,253.9121,715.85,157.4903,200.6065,116.8505,163.2485,141.4113,152.3634,439.0937,67.9276,15102.2124
2024-08-28,252.5377,713.7615,158.4779,200.8431,116.9126,163.5422,141.3318,152.4973,439.2451,67.5981,14963.5428
2024-08-29,254.5315,720.6798,159.6482,202.8541,116.9721,163.5935,141.5108,152.2093,443.2438,68.0752,15126.6331
2024-08-30,256.1315,715.9805,160.1237,201.9077,116.9238,163.4667,141.4455,151.8676,441.2748,68.0411,15118.6684
2024-09-02,256.1315,721.5935,159.2825,202.2863,116.8981,163.1061,141.4284,151.8408,440.0933,67.7912,15165.6216
2024-09-03,251.624,714.5447,159.3922,200.4172,116.9148,163.5276,141.4767,152.1959,437.9729,67.1551,14704.1285
2024-09-04,251.3954,704.2325,156.1737,199.4708,116.9671,164.0281,141.6217,152.6246,438.3061,66.962,14867.4864
2024-09-05,250.1011,697.9668,156.3565,199.5655,117.0785,164.3965,141.6786,152.8256,440.4872,67.1779,14361.9641
2024-09-06,246.1341,688.9599,151.6018,197.3178,117.0583,164.2973,141.7809,153.0065,441.4565,66.3941,13758.2896
2024-09-09,248.2886,696.6614,155.3324,198.9976,117.1428,164.5273,141.8378,152.973,440.5477,66.485,14572.7608
2024-09-10,248.21,702.5355,154.1255,198.974,117.1671,164.6422,141.8179,152.8323,444.7585,66.2691,14799.8852
2024-09-11,249.9258,699.0111,154.0157,199.4235,117.2573,165.2768,141.8548,153.0601,444.6979,66.7121,14743.5443
2024-09-12,251.8987,715.3279,156.6491,201.7658,117.2236,165.1544,141.6899,152.839,450.8473,67.7912,14958.7486
2024-09-13,251.9291,721.8546,156.8686,203.0907,117.2561,165.0748,141.8236,153.3013,453.1798,68.0184,15493.5483
2024-09-16,253.5294,720.0271,156.4662,202.168,117.2559,165.1365,141.9856,153.8104,452.0287,68.3251,14870.8947
2024-09-17,251.6585,724.7263,155.8445,203.5402,117.2955,165.1185,141.9344,153.6831,449.4841,68.3478,15354.7328
2024-09-18,251.1926,718.9828,154.1986,203.28,117.2479,164.6652,141.9174,153.3817,450.7564,68.3365,15705.2751
2024-09-19,255.7357,728.5118,157.9292,206.5449,117.2779,164.6953,142.1164,152.9797,451.6046,68.6205,16046.0495
2024-09-20,250.8502,723.421,157.8926,207.0181,117.2541,164.5439,142.0538,152.9931,457.027,68.7454,16042.3828
2024-09-23,251.666,727.7286,159.1362,209.2421,117.3527,164.922,142.2073,153.1271,459.9654,69.7564,16078.7333
2024-09-24,255.1967,726.9454,157.9658,214.7547,117.4324,165.1816,142.3381,153.864,461.8436,70.5061,16397.7103
2024-09-25,251.9153,729.6867,157.4903,214.7074,117.449,165.1083,142.1391,153.4085,464.0246,70.4947,15987.8644
2024-09-26,258.4297,729.1645,160.5626,221.4266,117.5339,165.4504,142.3608,153.5759,465.5392,70.2789,16593.0645
2024-09-27,257.219,732.95,158.8802,221.5922,117.5879,165.6089,142.4518,153.5826,462.9341,70.2903,16679.0984
2024-09-30,255.3059,728.7729,158.6241,219.3446,117.5787,165.6138,142.395,153.9846,460.026,70.6083,16065.7356
2024-10-01,253.2221,729.5561,159.9043,219.6048,117.6916,166.4944,142.4916,155.0431,469.0835,71.9828,15479.4555
2024-10-02,254.0884,731.7752,158.6241,224.6206,117.6373,165.8478,142.5428,154.7818,467.4477,72.2099,15528.8619
2024-10-03,251.5385,733.211,158.5876,223.7925,117.6216,165.5339,142.4916,154.8287,469.0835,72.6302,15582.983
2024-10-04,253.2142,736.4744,160.5626,225.6616,117.529,165.159,142.5996,154.4067,472.1734,73.0392,15937.1086
2024-10-07,253.1241,739.6072,159.8311,227.6253,117.4907,164.7328,142.5257,154.4603,470.265,73.0392,16069.4314
2024-10-08,252.8405,743.1317,160.782,223.5559,117.4715,164.6228,142.3893,153.8506,463.0855,71.4489,16040.6404
2024-10-09,253.7541,748.4836,160.8186,224.2184,117.476,164.6386,142.4177,153.8841,464.9637,71.2899,15640.5105
2024-10-10,253.7731,749.6584,160.1969,223.8162,117.471,164.6276,142.3722,154.7349,467.266,71.8692,15607.211
2024-10-11,255.5698,750.1805,160.7455,225.1411,117.4761,164.4145,142.4916,154.5607,472.8095,72.4258,16183.2336
2024-10-14,256.6125,758.9263,161.3672,225.0228,117.5156,164.5623,142.5314,154.4603,472.3551,71.6306,17129.762
2024-10-15,253.207,759.7095,160.0506,220.8114,117.5522,165.2029,142.5485,154.2727,475.6873,70.9832,17413.6586
2024-10-16,254.1215,760.3622,160.0871,222.9881,117.6078,165.6372,142.5996,155.0096,479.0801,71.0059,17602.5563
2024-10-17,254.923,767.6721,160.4895,223.201,117.6282,165.6027,142.8441,154.755,484.1087,71.1081,17582.0829
2024-10-18,257.6242,764.2782,159.9774,225.0228,117.7327,165.9528,142.8612,155.0699,487.2592,71.0286,17902.1749
2024-10-21,254.0041,761.9286,157.9658,222.4676,117.6445,165.1227,142.793,153.797,490.1673,71.6988,17563.8146
2024-10-22,254.1956,765.0614,155.8445,224.0291,117.6621,165.0134,142.7873,153.8305,493.9842,72.6416,17644.5913
2024-10-23,253.0451,762.1897,152.6625,222.2783,117.7429,164.9167,142.6792,153.8171,490.8035,72.5166,17434.3259
2024-10-24,254.6291,763.8866,153.4306,220.9061,117.7674,165.4047,142.918,154.2191,492.7725,72.4144,17915.8572
2024-10-25,252.4167,768.3248,153.9426,222.2783,117.738,165.1407,142.9919,153.3348,493.2269,72.6643,17446.0622
2024-10-28,255.4391,766.2362,154.7472,223.201,117.8194,165.3511,142.9124,153.308,494.0145,71.4716,18347.6343
2024-10-29,252.8113,768.7164,156.5028,223.4376,117.7832,164.9253,142.9237,152.5777,499.0431,71.6988,19050.2017
2024-10-30,250.7195,766.7584,156.832,218.6111,117.6993,164.4184,142.7077,152.5174,499.4975,71.5511,18943.6411
2024-10-31,248.1306,750.1805,153.8329,216.4345,117.5945,163.7016,142.7133,152.6112,491.7425,71.0286,18322.0741
2024-11-01,248.2531,754.6187,154.7107,218.6111,117.672,164.1622,142.7816,152.6514,492.8937,71.1763,18085.9885
2024-11-04,248.6655,747.9614,154.4912,218.8477,117.6523,164.08,142.6622,152.9998,489.7129,71.4489,17669.8735
2024-11-05,250.4099,751.6164,155.7713,220.4092,117.6488,164.0684,142.6792,153.2812,488.4709,71.642,18074.0419
2024-11-06,243.7079,782.9446,158.5144,221.0717,117.7636,163.956,143.0033,153.5826,484.7449,71.9146,19601.5072
2024-11-07,252.2418,789.0797,158.807,223.7688,117.7623,163.8987,142.9464,152.7519,486.2898,72.0623,20039.4681
2024-11-08,246.9267,799.392,160.4895,220.9534,117.7769,164.2663,143.0317,153.3013,487.7439,72.0396,20092.3385
2024-11-11,248.8515,811.7927,162.4645,220.3619,117.8462,164.7329,143.1909,153.596,478.5349,71.8578,23457.5894
2024-11-12,244.9527,812.4454,160.0506,217.1206,117.891,164.8951,143.2023,153.4286,477.5958,72.0736,23370.5537
2024-11-13,244.6547,814.795,158.6607,216.1269,117.864,164.5356,143.1454,153.2745,477.1717,71.9033,24176.9896
2024-11-14,246.5942,810.7484,158.6607,216.5764,117.9266,164.8908,143.287,153.9377,474.4757,71.7215,23403.1652
2024-11-15,246.6677,797.0423,157.4172,215.3698,117.9083,164.8398,143.2263,153.4754,473.5669,71.926,24505.58
2024-11-18,247.5719,798.6087,158.1853,216.813,117.8528,164.658,143.0473,153.6563,481.1401,72.5848,24356.2757
2024-11-19,245.3857,798.6087,157.6366,217.4045,117.9127,165.0013,142.9837,153.5424,483.1091,73.0051,24697.3972
2024-11-20,244.6004,799.392,156.2834,217.0733,117.9185,164.858,142.952,153.2611,490.7731,73.8797,25200.9425
2024-11-21,245.5685,808.3988,157.6001,217.6411,117.9724,165.2432,143.2061,153.1539,495.0141,74.4477,26466.8426
2024-11-22,248.2904,817.5362,159.758,219.2499,118.0958,165.6914,143.2061,153.6295,505.9498,74.9021,26794.5291
2024-11-25,249.4187,816.2308,160.0871,217.9723,118.1348,166.0813,143.1917,153.864,490.1673,74.1296,25173.5751
2024-11-26,248.8089,817.4057,159.3556,217.6175,118.0963,166.011,143.2119,153.8439,488.5315,73.982,24956.2725
2024-11-27,249.7229,807.0935,159.5751,216.1269,118.1096,166.2447,143.2552,154.1454,486.623,73.0732,25918.9341
2024-11-28,249.7229,810.8789,161.0015,215.1569,118.1485,166.6972,143.4891,154.6545,487.653,73.13,25660.908
2024-11-29,250.6072,813.8812,162.5376,217.4045,118.2322,167.0694,143.4285,155.4786,491.2276,73.6071,26144.8463
2024-12-02,251.0714,821.0607,166.3414,219.1553,118.3077,167.4496,143.6421,155.1771,490.4096,73.0392,25760.3835
2024-12-03,252.9984,817.2751,167.8044,220.3146,118.3088,167.5616,143.5555,155.2709,490.0764,73.3799,25904.8837
2024-12-04,253.6067,823.9324,167.6947,220.22,118.2781,167.3688,143.645,155.4451,490.7126,73.0051,26627.0027
2024-12-05,256.0445,823.4103,166.9997,220.8114,118.2029,167.3262,143.5555,156.3361,486.2595,73.0051,26032.4443
2024-12-06,254.5435,824.324,166.8534,220.6458,118.2124,167.561,143.6104,155.7063,486.6836,72.9256,26747.3502
2024-12-09,254.6109,818.3194,165.7196,226.1348,118.2508,167.656,143.6566,155.6259,491.1064,73.7548,26131.0472
2024-12-10,252.8445,824.585,165.8659,223.0354,118.2672,167.7392,143.6941,155.5523,498.619,74.3455,25953.1461
2024-12-11,254.5206,830.198,168.0604,223.201,118.3165,167.7816,143.7115,155.7264,503.587,75.1292,27217.895
2024-12-12,253.1301,830.5896,167.2558,223.4849,118.2768,167.1052,143.6652,155.0833,497.3164,74.425,26980.7919
2024-12-13,253.9226,823.9324,164.4761,224.0054,118.2311,166.6316,143.5959,154.688,493.8024,74.3114,27448.4186
2024-12-16,252.4806,826.6736,163.4886,222.2547,118.2652,166.5163,143.6277,154.3665,491.3487,74.0728,28586.65
2024-12-17,251.1614,825.1072,163.4886,221.0953,118.2938,166.5106,143.5786,154.0918,489.3797,73.0846,28596.6946
2024-12-18,245.8478,828.5011,163.1228,221.7815,118.2999,166.4262,143.5353,153.9913,490.6217,73.6866,27010.7314
2024-12-19,248.5509,812.3148,161.0015,220.078,118.2608,165.8959,143.6508,153.4554,486.5928,73.5049,26690.3282
2024-12-20,247.6075,815.9698,160.7455,218.3746,118.3309,166.1878,143.7259,153.4487,490.652,74.0615,26724.9222
2024-12-23,247.157,812.1843,159.6117,219.6048,118.3003,165.9058,143.4689,153.0132,488.9253,73.9706,25716.6872
2024-12-24,249.1686,812.1843,159.6117,219.6048,118.2944,165.9039,143.4689,153.0132,488.9253,73.9706,26870.5097
2024-12-25,249.1686,812.1843,159.6117,219.6048,118.2944,165.9039,143.4689,153.0132,488.9253,73.9706,27048.6274
2024-12-26,249.982,812.1843,159.6117,219.6048,118.2944,165.9039,143.4689,153.0132,488.9253,73.9706,26101.8394
2024-12-27,248.5981,814.1423,162.5011,219.6521,118.3249,165.7603,143.6941,152.8859,489.1071,74.5272,25599.3607
2024-12-30,246.8169,804.8744,160.3432,217.3335,118.3504,165.6554,143.6566,153.0065,488.38,75.2656,25170.7263
2024-12-31,247.4067,804.8744,160.3432,217.3335,118.3504,165.6554,143.6566,153.0065,488.38,75.2656,25440.932
2025-01-01,247.4067,804.8744,160.3432,217.3335,118.3504,165.6554,143.6566,153.0065,488.38,75.2656,25710.6618
2025-01-02,247.6071,816.8836,163.8177,219.8887,118.3621,165.8228,143.7836,153.241,504.7381,77.2648,26520.8278
2025-01-03,250.6515,818.1889,162.5376,220.9061,118.266,165.2466,143.5295,152.4572,499.861,76.1061,27073.7172
2025-01-06,253.1331,825.3683,162.0987,220.5749,118.1826,164.982,143.388,153.3214,494.3477,76.0266,28067.9322
2025-01-07,251.1584,815.1866,162.1353,220.0307,118.2632,165.0792,143.4804,153.0601,498.2858,76.1402,26442.4779
2025-01-08,251.1695,815.9698,161.6964,217.9014,118.19,164.545,143.6219,152.7653,503.8899,76.6741,26032.1387
2025-01-09,251.1695,815.7087,160.9284,219.2026,118.1883,164.3575,143.4862,152.3098,505.1016,77.3783,25406.8399
2025-01-10,249.739,808.5293,158.9533,216.0323,118.1358,164.0326,143.4573,152.0217,512.5536,78.9686,26059.202
2025-01-13,249.7285,805.527,158.807,214.3052,118.1262,163.7367,143.3476,151.9815,508.8276,80.15,26143.3005
2025-01-14,250.3679,803.8301,157.2709,216.1979,118.1162,163.6044,143.4573,151.8609,506.1013,79.2072,26647.1865
2025-01-15,252.585,818.45,159.1362,218.9424,118.2028,164.4683,143.4891,152.9663,508.7064,80.2863,27631.2595
2025-01-16,255.0358,821.4522,159.2093,219.5575,118.1668,164.3402,143.6912,152.8993,514.4318,79.7978,27456.5421
2025-01-17,256.2091,830.3286,160.0506,221.4266,118.2033,164.8698,143.6017,153.2343,513.9168,80.1841,28732.9092
2025-01-20,256.2091,823.0186,160.1603,222.7988,118.2312,164.9111,143.5671,153.0266,507.3736,78.9232,28127.3586
2025-01-21,259.1287,825.2377,160.7455,221.19,118.2832,165.0392,143.775,153.2343,513.1595,78.9686,28863.5069
2025-01-22,258.9112,835.1583,161.9159,222.2073,118.2901,165.1198,143.8096,153.1472,515.9161,78.9118,28225.4971
2025-01-23,261.3779,834.7667,162.5011,222.7042,118.3076,164.7203,143.671,153.0869,515.0377,78.8323,28297.6343
2025-01-24,261.7372,830.7202,163.0497,223.8162,118.2421,164.4693,143.6508,152.8055,514.6741,78.1735,28515.497
2025-01-27,261.8815,807.224,160.8186,218.067,118.3102,164.9124,143.7865,152.8658,508.6762,76.9921,27635.5012
2025-01-28,261.3588,818.711,162.2816,219.0843,118.3202,164.9476,143.6393,152.772,514.8256,77.6169,27490.2113
2025-01-29,262.0324,820.7996,163.3423,223.7688,118.3369,164.987,143.7057,153.2611,514.7953,78.5597,28176.559
2025-01-30,264.657,815.7087,165.0247,227.4833,118.4569,165.3913,143.9425,153.0132,521.7021,78.6733,28467.3694
2025-01-31,263.3402,827.979,165.2807,226.466,118.5477,165.8215,144.1359,153.2745,526.1551,78.4688,27908.8596
2025-02-03,263.263,819.3637,164.915,225.8745,118.6604,166.5644,144.263,154.6478,533.6374,80.2409,28039.5741
2025-02-04,264.5335,815.8393,164.4395,227.5307,118.6655,166.3545,144.2601,154.1454,533.4557,79.8774,26853.9459
2025-02-05,266.0734,809.9652,165.1344,225.9928,118.6649,166.7489,144.2341,154.5607,536.8182,79.4911,26393.146
2025-02-06,266.8379,819.4942,167.7312,228.5243,118.6617,166.7275,144.2572,154.5607,535.3641,79.9455,26315.9324
2025-02-07,264.6096,816.8836,166.9632,230.5117,118.6516,166.5421,144.3092,154.2325,539.9989,80.3885,26336.7325
2025-02-10,268.4782,821.5828,167.8775,232.3335,118.7153,166.8615,144.4045,154.6076,548.4506,81.5244,26775.6582
2025-02-11,270.9856,816.1003,167.5484,232.4045,118.6702,166.2958,144.2803,153.7568,546.9662,81.6039,26336.9887
2025-02-12,271.2451,806.8324,163.5617,232.6884,118.6148,165.8819,144.2024,153.6764,543.937,81.1155,26760.4429
2025-02-13,273.5059,811.6622,166.2317,231.7657,118.6644,166.4701,144.3929,154.0248,544.2096,81.0133,26346.7097
2025-02-14,272.1881,807.8767,165.9391,231.884,118.6344,166.3553,144.2601,153.9042,536.3335,80.5248,26410.9444
2025-02-17,272.1881,812.0538,169.0479,233.8477,118.6481,166.0357,144.4507,153.3348,538.7266,80.5589,25872.7322
2025-02-18,273.4686,814.5339,168.9382,234.4391,118.664,166.0531,144.2226,153.4621,545.4213,81.354,25819.0375
2025-02-19,270.9437,820.1469,168.3896,234.0843,118.606,165.4811,144.3525,153.1003,547.4509,82.6263,26207.7974
2025-02-20,273.3281,811.6622,167.6581,235.1016,118.6514,165.5961,144.3785,153.2544,547.8447,82.1037,26738.3248
2025-02-21,270.137,812.0538,167.9507,237.9644,118.7348,166.0893,144.5604,153.5692,547.4812,81.922,25939.8112
2025-02-24,270.8008,801.2194,166.2682,232.2625,118.7731,166.2114,144.4854,153.1539,547.4206,80.6498,24730.1271
2025-02-25,274.2129,784.9027,165.3173,230.3934,118.7946,166.3739,144.5027,153.4688,537.3331,79.4911,24035.5306
2025-02-26,272.8862,794.4316,167.6215,235.6458,118.807,166.5769,144.5258,153.6563,539.8777,79.5366,22710.4286
2025-02-27,270.0152,794.9538,167.9507,234.3682,118.832,166.7304,144.6529,154.1588,537.6966,80.2181,22883.411
2025-02-28,273.9308,784.6416,164.915,229.2105,118.8675,166.9011,144.6991,154.0516,533.3951,79.0254,22999.3015
2025-03-03,277.0995,783.8584,167.1095,227.1521,118.809,166.2399,144.6817,153.6362,536.4244,78.8323,23418.5127
2025-03-04,275.6436,756.8378,162.245,223.13,118.8813,166.5499,144.5085,153.0601,538.3631,78.5824,23572.0613
2025-03-05,278.9849,742.8706,160.9284,224.1947,118.7039,164.5481,144.3294,151.3987,530.0023,77.2988,24164.1358
2025-03-06,271.6384,744.9591,161.3307,225.425,118.6133,163.4668,144.2399,151.6532,524.4284,77.1057,23614.4664
2025-03-07,275.7624,726.8149,159.0265,223.1537,118.6734,164.0911,144.3208,151.0302,523.5802,76.9921,22784.2287
2025-03-10,267.0831,723.5515,157.8926,219.2499,118.728,164.216,144.3208,150.9096,521.6718,77.3556,20489.6078
2025-03-11,267.0064,706.5821,154.6009,217.7121,118.7375,163.9915,144.3063,151.1709,519.8239,76.924,21661.6561
2025-03-12,266.0322,714.6752,157.8561,218.966,118.712,163.9807,144.2861,151.1977,524.277,76.5151,21736.582
2025-03-13,264.516,708.4096,158.0755,219.0843,118.7673,164.0161,144.2572,150.8694,534.6674,77.3329,21101.0839
2025-03-14,270.7547,718.0691,159.5019,222.4912,118.7286,163.964,144.3439,150.9364,534.8794,76.8899,21918.1835
2025-03-17,272.9127,718.0691,159.8677,224.5496,118.7985,164.5014,144.3929,151.814,534.3039,77.0944,21894.3059
2025-03-18,273.0428,712.7172,159.2459,224.4076,118.7857,164.2177,144.4103,151.546,540.5745,77.1966,21466.108
2025-03-19,272.4247,721.7241,160.014,224.6206,118.8165,164.5699,144.4103,151.8408,543.6037,77.8441,22497.5238
2025-03-20,270.2879,724.4653,160.6357,223.7452,118.8697,164.8213,144.5027,151.6934,545.2396,77.9236,21856.6044
2025-03-21,269.2764,723.2905,160.9284,222.8225,118.8662,164.7998,144.5373,151.747,542.8767,77.8895,21935.3923
2025-03-24,269.6089,741.6958,161.1478,224.0054,118.899,164.8216,144.6124,151.8877,543.2402,78.0145,21935.3923
2025-03-25,272.0333,741.5653,162.1353,224.5023,118.8953,164.7445,144.7568,151.6331,544.9366,77.8895,20226.1235
2025-03-26,268.5878,736.7355,161.1844,221.9234,118.9411,164.8363,144.7568,151.6398,544.9063,78.2076,20068.0208
2025-03-27,270.2924,732.5584,161.2941,224.0764,118.9941,165.0004,144.751,151.6331,550.9952,78.1167,20089.1822
2025-03-28,267.6484,714.6752,157.4538,218.4928,119.0312,165.3597,144.8377,151.7604,554.9332,78.0599,19311.1119
2025-03-31,264.1845,708.1485,155.6982,217.8304,119.0841,165.6152,144.6297,152.4036,562.4458,78.9913,19314.8469
2025-04-01,264.9851,719.766,155.4422,219.9834,119.0778,165.8377,144.7106,152.5308,563.9605,79.2526,19598.687
2025-04-02,266.4147,718.9828,153.906,218.6584,119.0959,165.8448,144.7106,151.8944,561.3553,78.8664,19987.1007
2025-04-03,259.8912,683.3469,146.4082,210.3304,119.1523,166.0936,144.8261,152.3902,547.5115,75.5495,18412.2835
2025-04-04,239.7857,657.8928,140.1393,199.4235,119.3102,166.7696,144.5836,152.0954,535.8185,72.9596,18810.6558
2025-04-07,233.5884,641.1844,137.8424,193.2011,119.3768,166.5116,144.52,151.0771,532.6075,72.6416,17908.0936
2025-04-08,234.0615,662.592,144.0748,195.638,119.2484,165.8886,144.6297,151.3919,537.212,72.2327,17914.3183
2025-04-09,249.9958,628.392,137.3011,188.2327,119.4634,166.3194,144.4449,151.0302,543.8158,70.472,17371.5358
2025-04-10,247.334,653.5851,141.7632,194.81,119.3574,166.4539,144.6124,150.8694,551.9342,71.6988,17747.4988
2025-04-11,247.0557,646.6668,139.9638,196.1349,119.5425,166.8372,144.6297,151.3451,555.9329,71.3353,18078.6469
2025-04-14,247.029,664.8111,145.5816,200.3462,119.538,167.1085,144.8203,152.35,549.3897,71.4943,18536.7755
2025-04-15,249.5828,669.7714,147.8712,202.3809,119.5151,166.9605,145.034,151.9413,555.8117,71.5852,18735.9616
2025-04-16,249.6117,657.5012,146.8837,199.3999,119.5732,167.2682,145.2824,152.0887,568.7165,72.2213,18643.8375
2025-04-17,249.9042,648.2332,149.3708,199.8967,119.6095,167.5624,145.3748,152.7787,564.2634,72.4485,18510.6324
2025-04-18,249.9042,648.2332,149.3708,199.8967,119.6095,167.5624,145.3748,152.7787,564.2634,72.4485,18510.6324
2025-04-21,248.2247,648.2332,149.3708,199.8967,119.6095,167.5624,145.3748,152.7787,564.2634,72.4485,18510.6324
2025-04-22,250.7827,638.2474,149.6999,199.3999,119.6753,167.7982,145.3113,153.1137,580.4095,71.8919,19744.3415
2025-04-23,255.2124,660.634,151.8213,205.5749,119.5959,167.5162,145.2304,153.3482,561.1433,72.0168,20244.7965
2025-04-24,259.0951,667.4218,151.7481,206.3083,119.6802,168.0486,145.3921,154.0583,570.4128,72.3349,20472.6165
2025-04-25,259.1541,673.5569,152.3699,206.332,119.6141,167.9122,145.4614,153.9109,561.325,72.4144,20848.5807
2025-04-28,261.4988,673.0348,153.8694,206.0717,119.6186,167.7038,145.3344,153.5357,569.2314,72.5394,20500.0038
2025-04-29,260.5215,676.9508,154.857,207.444,119.6172,167.7486,145.3517,153.1941,565.7477,72.0736,20710.3951
2025-04-30,260.726,680.0836,154.3815,208.4613,119.6946,168.0597,145.3748,153.7702,568.2924,72.0055,20664.3349
2025-05-01,261.2727,680.0836,154.3815,208.4613,119.6946,168.0597,145.3748,153.7702,568.2924,72.0055,20664.3349
2025-05-02,267.4457,702.6661,156.2468,215.772,119.6375,167.8442,145.3113,153.3415,556.5994,71.7783,21398.8322
2025-05-05,267.174,704.4935,157.6366,219.2499,119.6655,167.7473,145.3574,153.596,570.1402,72.1872,20631.9659
2025-05-06,266.723,699.5332,157.8926,217.3808,119.6329,167.4594,145.3748,153.5625,583.5599,72.6757,20772.6423
2025-05-07,265.242,694.7035,156.9783,214.1869,119.6761,167.9697,145.4961,154.1923,581.4394,72.0736,21299.2391
2025-05-08,265.1268,710.1065,158.2218,216.1506,119.6684,167.8737,145.6289,153.6764,577.8952,72.5053,22236.6599
2025-05-09,268.8413,708.1485,158.7339,217.925,119.6388,167.4965,145.6347,153.5357,577.774,73.4254,22749.5655
2025-05-12,269.2918,734.1248,161.733,225.2357,119.5312,166.835,145.3286,153.3683,567.4744,74.2887,23060.7941
2025-05-13,273.6468,740.1294,159.6848,224.9281,119.5413,166.8399,145.4037,152.9797,566.3839,74.0615,23055.8148
2025-05-14,270.8266,741.8263,158.0755,225.6616,119.5324,166.7543,145.3748,152.973,553.3883,73.6298,22982.3648
2025-05-15,273.6097,746.5255,159.7214,225.3777,119.5528,167.0624,145.5507,153.4688,560.2345,73.0732,22890.2395
2025-05-16,274.0016,754.2271,160.1603,225.4487,119.6066,167.5477,145.5536,153.7501,555.7814,72.9596,23262.471
2025-05-19,277.6586,748.8752,158.295,223.6032,119.6486,167.4235,145.5654,154.1052,559.7801,72.1759,23179.0601
2025-05-20,278.3376,749.5278,159.5385,223.2957,119.6342,167.3973,145.7765,153.8104,567.2624,72.8574,23264.9595
2025-05-21,275.5499,742.8706,157.8195,224.0054,119.6383,167.1824,145.539,153.6161,568.9285,72.9369,23832.6397
2025-05-22,274.1392,737.3882,157.7098,222.6805,119.665,167.1127,145.6181,153.4419,568.3529,72.5507,24552.2014
2025-05-23,274.905,726.6843,157.8926,221.6159,119.7765,167.8137,145.7325,153.7501,576.8955,72.8233,24087.8494
2025-05-26,274.905,732.2973,160.0871,221.2136,119.7593,167.7918,145.7325,153.8975,571.4428,72.5734,24105.2781
2025-05-27,275.5852,739.9988,162.245,221.9234,119.7741,168.0454,145.7471,154.0315,566.4142,72.3576,24140.1356
2025-05-28,274.1399,743.5233,160.3432,221.4029,119.7423,167.9539,145.7266,154.0248,568.8982,72.2327,23673.2927
2025-05-29,278.0776,740.2599,160.4163,221.4029,119.7837,168.2931,145.7706,154.5339,568.3832,71.2331,23538.8422
2025-05-30,274.7561,738.0408,159.8311,218.2562,119.7811,168.2868,145.9582,154.3665,564.9601,70.9832,23175.325
2025-06-02,278.0532,729.6867,160.5626,217.1916,119.7548,168.202,145.8703,154.4268,574.9568,72.1872,22738.3603
2025-06-03,273.2754,742.479,160.3432,219.037,119.8199,168.5757,145.8586,154.2392,573.9874,72.5621,23360.8175
2025-06-04,276.7557,741.5653,159.4288,222.3256,119.7992,168.2592,145.9436,153.9913,575.502,72.1986,22996.0585
2025-06-05,276.1304,742.3484,158.1487,223.5796,119.7802,167.9396,145.9172,153.9109,571.3822,72.4826,22785.6672
2025-06-06,276.1108,744.8286,159.1728,223.6032,119.7226,167.8716,145.838,154.2593,570.1705,72.9483,22923.8527
2025-06-09,277.224,744.1759,159.7945,226.3714,119.7489,167.8487,145.9846,154.5339,568.0197,72.9937,23530.1254
2025-06-10,277.2327,747.4393,159.2459,227.649,119.7808,168.3325,146.011,154.8488,567.8379,72.8574,23694.4565
2025-06-11,276.6841,748.7446,158.807,228.5953,119.8317,168.3288,146.0169,154.554,566.5051,72.4258,23794.0495
2025-06-12,277.5041,740.2599,157.9292,226.3004,119.8431,168.4979,146.1078,155.3111,570.4431,72.1532,23099.3866
2025-06-13,271.151,735.0386,157.1612,222.3729,119.8041,168.185,145.967,154.8086,576.5926,73.3118,22729.6459
2025-06-16,273.1601,738.6935,157.7829,225.2121,119.825,168.2306,146.1136,155.0431,572.7454,73.3004,23113.0803
2025-06-17,269.3374,737.2576,156.5394,223.5559,119.813,168.0577,146.1605,154.8622,571.3519,74.6635,22532.9506
2025-06-18,270.7717,736.4744,158.295,222.6569,119.8365,168.1876,146.1957,155.5188,573.018,75.027,22647.4816
2025-06-19,270.7717,729.1645,156.9051,220.078,119.8514,168.1048,145.9231,155.1771,572.3819,76.038,22622.5851
2025-06-20,268.4367,731.7752,154.9301,221.0244,119.8434,168.103,146.1987,155.3915,569.3223,75.0043,22515.5219
2025-06-23,271.0505,731.2531,153.906,220.9061,119.8258,168.1904,146.0755,155.713,571.5639,74.266,21934.1457
2025-06-24,272.3191,738.6935,155.2593,226.5133,119.8407,168.1168,146.1518,155.0766,555.5694,71.6306,22621.3385
2025-06-25,270.3369,740.1294,154.9301,226.5133,119.8541,168.0874,146.228,155.023,557.2658,71.2785,22896.4654
2025-06-26,270.9817,739.6072,156.9051,225.6852,119.902,168.2897,146.2778,155.0766,552.9036,70.8128,22720.9316
2025-06-27,273.295,745.3507,160.3066,225.5906,119.8714,168.0476,146.2368,155.224,544.3308,70.6992,22729.6459
2025-06-30,273.1081,743.5233,159.3922,224.1001,119.8914,168.2006,146.2808,155.1235,545.3607,70.3584,22735.8718
2025-07-01,271.9348,741.5653,158.1121,224.5023,119.9256,168.3828,146.4596,155.4384,552.843,70.1199,22439.5811
2025-07-02,272.3168,743.1317,157.6366,225.0464,119.9041,167.7727,146.4684,154.8354,552.5401,70.6651,22905.1798
2025-07-03,272.2989,751.4859,157.8926,227.2231,119.9316,168.1013,146.5006,155.1838,551.389,71.2103,23130.509
2025-07-04,272.2989,745.8729,156.7588,224.384,119.9639,168.4922,146.5124,155.0565,551.1466,70.8355,22795.6281
2025-07-07,270.8193,747.3088,155.8445,225.2121,119.9592,168.1363,146.5505,154.5741,551.4799,70.8014,23029.6717
2025-07-08,274.446,749.0057,155.4422,226.7262,119.9216,167.8075,146.4713,154.3397,548.6929,70.8809,23027.1809
2025-07-09,277.3699,751.7469,155.0764,225.5433,119.9544,167.9377,146.4362,154.4,550.6922,71.0513,23182.7952
2025-07-10,277.1785,757.621,155.4422,226.8445,119.9409,167.7156,146.4772,153.7635,554.2365,71.4602,23734.2932
2025-07-11,274.7087,754.3576,153.7231,226.0874,119.8963,167.4845,146.4127,153.7702,559.7195,72.1532,25030.2495
2025-07-14,275.0526,755.1408,153.906,226.5606,119.9663,167.565,146.4948,153.6563,558.114,71.8237,25607.8883
2025-07-15,272.2371,763.1034,153.6134,230.6773,120.0034,167.9917,146.5505,153.9042,558.9319,72.4371,24965.5139
2025-07-16,274.8293,750.8332,152.3333,229.0685,120.0156,168.0044,146.5916,154.0918,561.1433,72.1645,25291.6804
2025-07-17,274.408,767.9332,155.7348,233.6584,120.0328,168.0286,146.4948,154.0047,560.3556,72.8233,25503.3159
2025-07-18,274.5667,764.9309,154.2718,234.2026,120.0205,167.9366,146.6326,154.0717,560.2951,73.1073,25149.7598
2025-07-21,275.4855,765.453,155.5885,234.0843,120.0706,168.6485,146.656,154.8153,565.4145,72.3349,25209.5161
2025-07-22,275.6084,760.6233,155.3324,231.9076,120.0838,168.7914,146.6736,155.0699,568.3832,72.2781,25284.2103
2025-07-23,280.1232,764.5393,161.8061,234.3682,120.1028,168.8188,146.7909,155.1235,566.808,72.1191,25114.9023
2025-07-24,276.2342,765.0614,162.1719,233.2798,119.9915,168.0025,146.571,154.4335,558.2957,71.8124,25112.4139
2025-07-25,277.2579,769.8912,160.1237,232.4991,119.9396,167.6604,146.5329,154.0784,553.2065,71.517,24524.8141
2025-07-28,272.2501,779.0286,158.8436,233.824,120.0124,168.1388,146.656,154.467,555.8723,72.0396,25348.9459
2025-07-29,275.6158,783.4668,159.7214,234.8887,119.9924,168.0526,146.7147,154.6009,561.325,72.7098,25338.9873
2025-07-30,273.7036,789.0797,160.9649,234.6284,119.9677,167.8721,146.6385,154.5674,558.6895,72.9142,25637.7665
2025-07-31,273.5418,791.9515,161.1478,234.7704,119.9598,167.9766,146.6678,154.8488,561.4462,71.6761,25732.3802
2025-08-01,272.2654,766.1057,159.758,229.2578,120.0448,168.3301,146.6091,154.4737,564.8995,70.7787,24680.4284
2025-08-04,271.5397,776.679,161.2941,230.9613,120.0649,168.5985,146.7557,155.0364,568.4135,70.6537,24694.1221
2025-08-05,271.8849,774.1988,160.8552,231.3161,120.0731,168.7081,146.7851,155.2039,569.292,70.4493,24240.9728
2025-08-06,273.2863,772.6324,161.989,230.3224,120.0713,168.6177,146.6619,155.1101,564.8693,70.1994,24674.2025
2025-08-07,274.1882,769.369,164.2566,233.1379,120.0646,168.6316,146.7088,155.2709,567.2018,70.2562,24955.553
2025-08-08,274.7564,771.7187,166.634,232.2862,120.0134,168.205,146.7264,154.6545,566.7171,70.3811,24798.6944
2025-08-11,274.0142,777.3316,167.7312,233.753,120.0289,168.2363,146.8202,154.554,562.8397,70.3925,25829.4824
2025-08-12,277.52,774.4599,169.4137,234.3209,120.0166,167.854,146.7499,154.1588,559.0227,69.6769,25553.1113
2025-08-13,278.1444,776.679,169.56,237.1126,120.0639,168.4172,146.7616,154.822,557.8716,69.4838,25645.2366
2025-08-14,277.8227,780.2034,169.5965,235.0543,120.0635,168.3092,146.7968,154.4,559.0531,69.8586,25249.3528
2025-08-15,280.0352,777.3316,172.6322,233.895,120.0685,167.7718,146.744,153.6563,556.2055,69.7791,24930.6541
2025-08-18,278.1842,779.5507,173.254,235.7167,120.0713,167.9341,146.744,153.5424,556.5994,69.8245,24665.4882
2025-08-19,279.6982,779.2897,172.2299,234.8177,120.0914,168.0329,146.8554,153.7434,555.3573,69.3815,24316.9137
2025-08-20,281.8446,773.024,170.8035,233.2325,120.129,168.2896,146.8496,154.0315,558.2049,69.9836,24361.7297
2025-08-21,279.919,778.3759,169.8526,234.6048,120.0913,167.8955,146.7088,153.4621,560.6586,70.6083,24214.8298
2025-08-22,285.3713,783.7278,170.9864,236.3555,120.0851,167.995,146.8085,153.9645,561.2038,70.5742,24826.0817
2025-08-25,278.8185,785.0332,169.7794,237.5858,120.0896,167.8225,146.7381,153.529,562.7488,71.0513,23969.581
2025-08-26,280.579,783.8584,168.6822,236.6868,120.1419,168.0532,146.8378,153.6228,565.8386,70.7105,23469.1249
2025-08-27,279.2926,792.4736,168.9382,234.2735,120.1644,168.0719,146.8437,153.4554,568.4741,71.1081,23945.9287
2025-08-28,279.7619,786.7301,169.9257,233.9896,120.1527,168.2906,146.8144,153.797,568.8982,70.8696,24046.766
2025-08-29,277.7188,781.1171,166.6706,233.4691,120.1507,168.1897,146.873,153.5491,573.5027,71.2899,23095.6515
2025-09-01,277.7188,782.9446,167.3289,234.5101,120.1592,168.0263,146.7968,153.2477,578.713,71.8237,23124.2855
2025-09-02,273.0596,773.024,165.5002,233.6111,120.1362,167.6244,146.7557,152.8055,587.2253,72.2099,23710.6386
2025-09-03,276.0708,783.3362,165.2442,234.4391,120.17,168.0111,146.7968,153.1338,594.7682,72.1532,23901.1103
2025-09-04,277.1229,787.1217,167.9873,233.4928,120.1828,168.3477,146.873,153.663,593.6171,71.9941,23380.737
2025-09-05,278.5542,778.5064,167.3289,234.4628,120.2235,168.7756,146.9199,153.8037,595.4953,71.199,23484.0652
2025-09-08,279.1922,782.0309,170.9132,236.8761,120.2441,169.0137,146.9317,154.333,603.0684,71.5625,23871.2322
2025-09-09,277.3729,782.6835,169.2674,239.9044,120.2424,168.912,147.002,154.2258,604.371,71.6306,23601.0869
2025-09-10,278.2048,787.1217,171.6447,242.4123,120.2321,168.9165,147.0138,154.4871,606.0977,71.7897,24182.4608
2025-09-11,281.19,792.3431,173.4734,244.2104,120.1896,168.7691,146.9434,154.3799,603.4319,71.6647,24290.7682
2025-09-12,279.4888,795.0843,172.047,244.7309,120.1696,168.437,146.9141,154.0918,606.2795,72.3803,24446.3825
2025-09-15,281.7649,796.2591,172.7785,246.2451,120.1974,168.6507,147.0196,154.3397,607.37,72.5053,24247.1964
2025-09-16,279.9945,788.2965,171.279,245.5353,120.1916,168.6942,146.9844,154.1856,605.8251,72.6189,24239.7286
2025-09-17,276.3759,787.9049,171.6447,248.2325,120.2193,168.8132,146.9962,154.3598,606.3401,72.0168,24325.628
2025-09-18,278.5473,799.392,173.5466,248.753,120.2063,168.508,146.9727,154.0181,601.9779,71.6647,24803.6737
2025-09-19,278.0769,799.653,171.2058,248.2325,120.1969,168.412,146.9551,153.8439,609.3088,71.7556,24538.5078
2025-09-22,280.524,800.3057,171.2058,248.0432,120.2221,168.4382,146.9962,153.6831,617.7907,71.4716,23807.7432
2025-09-23,278.824,800.4362,171.535,248.8949,120.2212,168.4316,147.0196,153.7769,624.8186,71.8578,23852.5592
2025-09-24,276.6844,799.5225,171.8642,249.6993,120.2376,168.3506,147.0665,153.7434,621.9712,72.5507,24105.2781
2025-09-25,275.6826,798.7393,171.9373,249.2261,120.2181,168.1101,147.0196,153.6161,623.1828,73.1528,23706.9035
2025-09-26,280.5321,799.2614,171.3521,247.3807,120.2368,168.2692,147.002,153.9779,629.302,73.4481,23274.9181
2025-09-29,280.3274,804.4828,171.0961,250.5037,120.2611,168.5561,147.0548,154.3062,635.6635,73.1414,24198.6453
2025-09-30,281.8566,803.0469,169.9257,250.4091,120.2729,168.6653,147.1017,154.1119,637.2387,73.0051,24055.4804
2025-10-01,284.9991,809.7041,170.4012,253.1063,120.294,168.8756,147.1486,154.0583,641.8432,73.096,24950.5737
2025-10-02,285.7135,812.1843,170.6938,255.5668,120.2828,168.6713,147.1838,154.2861,637.9657,73.3459,25438.5803
2025-10-03,287.4863,814.4034,174.717,255.1883,120.2875,168.813,147.1897,154.2459,644.8725,73.5276,25807.0744
2025-10-06,286.912,819.1026,179.5814,257.223,120.3232,168.7153,147.2366,153.9578,657.8983,74.1183,26618.7591
2025-10-07,284.8073,818.711,176.948,256.2293,120.3303,168.6109,147.1897,153.9913,665.108,74.6294,26023.6892
2025-10-08,287.8391,825.4988,176.8017,258.3113,120.3601,169.0687,147.2718,154.6411,678.558,75.2883,26227.857
2025-10-09,285.3358,826.282,178.3744,257.2703,120.3603,168.9522,147.3363,154.5808,676.1952,75.3791,26046.0996
2025-10-10,283.6563,809.9652,170.7304,248.3271,120.382,169.1925,147.3539,154.9962,673.5294,73.6298,25500.8251
2025-10-13,284.7412,815.9698,173.2174,254.999,120.4359,169.5631,147.3421,155.2374,689.8269,74.7657,24619.4255
2025-10-14,286.7272,811.14,173.9489,252.5384,120.465,169.86,147.3773,155.4719,695.7643,74.3,23965.8459
2025-10-15,286.4945,815.4477,176.3994,255.5195,120.4896,170.2178,147.4653,156.0949,700.9141,74.3455,23730.5581
2025-10-16,287.4033,813.6202,177.0578,256.4659,120.4909,170.2215,147.5825,156.0949,712.6677,74.8225,23449.2077
2025-10-17,286.1654,805.9187,176.2165,253.6268,120.5087,170.1797,147.4829,155.8336,710.1231,74.3114,22567.8081
2025-10-20,288.4439,819.1026,181.0078,258.7845,120.5304,170.1649,147.4829,155.6393,726.36,75.3678,23765.4156
2025-10-21,287.0587,822.627,179.9106,257.6015,120.5496,170.3778,147.5708,155.8939,692.5533,74.6976,24238.482
2025-10-22,288.2556,820.4079,177.8258,256.3712,120.5386,170.3209,147.5122,156.1954,676.3769,74.8453,23151.6728
2025-10-23,289.7326,821.7133,177.0943,258.5952,120.533,170.2213,147.6177,155.9609,694.9161,76.2311,23594.861
2025-10-24,289.9218,821.7133,177.0943,258.5952,120.486,169.7633,147.4242,155.9609,694.9161,76.2311,23594.861
2025-10-27,291.0065,838.9438,180.0935,261.8602,120.5008,169.8372,147.5943,155.5589,667.6526,75.2428,24679.1818
2025-10-28,289.7588,842.2071,181.5199,260.5826,120.5102,169.8801,147.5415,155.4719,660.6853,74.709,24570.8744
2025-10-29,288.0429,843.643,181.7759,263.0904,120.5258,169.9587,147.5884,155.7331,667.5315,75.1292,23723.088
2025-10-30,288.0392,849.5171,181.8125,261.1031,120.5036,169.8305,147.5356,155.7197,673.4689,75.7199,23238.8164
2025-10-31,287.5189,846.6454,182.6537,259.4469,120.5344,169.9022,147.6353,155.8604,673.1053,76.1856,23703.1708
2025-11-03,288.1596,850.4309,183.0194,260.0621,120.5443,169.8702,147.5591,155.4987,676.1346,76.8558,22962.4453
2025-11-04,285.2886,844.9484,181.4467,259.5889,120.5579,169.8874,147.5767,155.5322,673.4083,76.8558,22229.1922
2025-11-05,288.5044,847.1675,179.9472,259.4469,120.5686,169.8038,147.4477,155.5657,675.5893,76.9921,22447.0513
2025-11-06,286.8531,828.6316,178.9962,256.5132,120.5582,169.7839,147.5181,155.5657,671.5907,75.9244,21860.6957
2025-11-07,286.9498,815.3171,177.3504,253.6268,120.5486,169.6526,147.5005,155.3915,676.5587,76.2424,21767.3286
2025-11-10,290.4923,833.7224,179.9106,258.8318,120.5669,169.8042,147.5708,155.4987,690.6751,76.9581,22632.5437
2025-11-11,293.2403,836.3331,180.5689,258.8791,120.5737,169.9306,147.5767,155.7532,690.8569,77.7759,22206.7818
2025-11-12,294.1908,840.6408,182.2514,258.8791,120.5718,170.066,147.5708,156.1552,704.7916,77.9122,21885.5946
2025-11-13,291.9626,827.3263,178.3744,256.9864,120.5639,169.8308,147.4518,155.8336,703.4587,77.9009,21634.1223
2025-11-14,288.7555,826.5431,180.6055,257.2703,120.5845,169.5887,147.4905,155.4853,687.1612,77.4124,20822.4376
2025-11-17,285.637,826.282,178.3744,254.7624,120.583,169.6545,147.4786,155.5657,683.7078,77.2648,20069.265
2025-11-18,283.459,815.4477,173.4003,252.6331,120.6131,169.7868,147.4488,155.5054,683.0413,77.1966,20120.3069
2025-11-19,282.5799,819.4942,173.766,252.4911,120.5976,169.8278,147.4637,155.3915,688.2517,77.4806,19311.1119
2025-11-20,279.6938,826.0209,173.9855,253.4848,120.5804,169.6133,147.4964,155.1704,686.4342,77.0489,19090.762
2025-11-21,284.1171,817.9278,174.5341,248.8949,120.6252,169.7809,147.6095,154.9694,689.8875,76.7195,17992.7475
2025-11-24,284.0622,830.9812,176.1434,252.0179,120.6248,169.8159,147.5292,155.157,692.735,76.5605,18800.6972
2025-11-25,288.6107,830.3286,175.0827,251.3082,120.6372,170.1,147.5054,155.5523,697.4001,76.0834,18733.4719
2025-11-26,290.2166,839.3355,178.4476,254.1473,120.6388,170.0661,147.6065,155.6594,699.2783,76.9467,18839.2897
2025-11-27,290.2166,838.1606,178.4842,252.5858,120.6392,170.0534,147.6244,155.6326,697.8242,77.1739,19594.952
2025-11-28,291.2338,840.3797,178.7768,253.5795,120.6325,170.0358,147.6244,155.6795,707.0332,78.3439,19638.5238
2025-12-01,289.7289,837.8996,176.9115,253.2955,120.6167,169.657,147.6333,154.9225,709.6384,78.4688,18142.1371
2025-12-02,290.895,836.4637,177.2041,252.9643,120.6433,169.5858,147.6512,154.8019,702.3075,78.4461,19430.6233
2025-12-03,292.3485,837.3774,176.5823,252.3492,120.6493,169.7671,147.678,154.8287,705.5792,78.5483,19769.2404
2025-12-04,291.1953,838.6828,178.8865,253.2482,120.6288,169.5908,147.6958,154.755,704.4886,78.4575,19802.8524
2025-12-05,291.9034,844.4263,179.2888,255.2829,120.6273,169.4659,147.6303,154.8086,705.7004,79.4344,19031.0057
2025-12-08,291.2916,841.6851,178.155,254.3365,120.5826,168.8544,147.547,154.3598,702.974,78.253,19301.1521
2025-12-09,290.4781,842.5988,178.411,252.5384,120.5827,169.0453,147.4905,154.4134,705.3368,77.8554,20048.1012
2025-12-10,294.3694,839.4659,178.0453,253.4375,120.5719,168.8737,147.4875,154.2995,702.5499,77.4692,19711.9737
2025-12-11,294.7302,836.0721,177.3869,250.835,120.5894,169.1053,147.5768,154.5004,706.185,77.1057,18977.4753
2025-12-12,291.8655,832.2866,177.4967,248.4217,120.5954,168.8546,147.55,154.2727,710.6078,76.5151,19084.5373
2025-12-15,293.8163,835.0278,179.1791,248.611,120.6282,169.1393,147.5738,154.3799,711.153,76.0039,18341.3232
2025-12-16,292.7576,829.937,176.9846,245.346,120.6428,169.4442,147.5946,154.5205,711.8801,75.4019,18535.53
2025-12-17,291.2979,825.4988,175.5948,244.4943,120.6625,169.121,147.4964,154.065,716.7875,76.1061,18252.9342
2025-12-18,293.5579,837.2469,176.3628,248.1852,120.6691,169.2,147.6363,154.3263,725.633,76.5719,18689.8989
2025-12-19,295.3269,839.5965,177.4601,250.693,120.6522,168.8568,147.6423,153.7836,722.7249,76.481,18841.7793
2025-12-22,297.3421,843.9042,176.2165,249.2735,120.6742,168.8388,147.6363,153.8104,734.842,76.9353,18963.7804
2025-12-23,297.2309,844.8179,177.8258,250.693,120.68,169.0198,147.803,153.9846,737.6289,77.526,18524.326
2025-12-24,296.9114,844.8179,177.8258,250.693,120.682,169.0316,147.803,153.9846,737.6289,77.526,18524.326
2025-12-25,296.9114,844.8179,177.8258,250.693,120.682,169.0316,147.803,153.9846,737.6289,77.526,18524.326
2025-12-26,298.0189,844.8179,177.8258,250.693,120.682,169.0316,147.803,153.9846,737.6289,77.526,18524.326
2025-12-29,297.2727,845.0789,177.1675,251.5448,120.752,169.5593,147.8059,154.3397,718.7868,77.7078,18543.0002
2025-12-30,298.2639,846.1232,177.7527,253.2482,120.7558,169.381,147.6988,154.2459,729.2681,78.821,18596.5306
2025-12-31,297.703,846.1232,177.7527,253.2482,120.7436,169.3672,147.6988,154.2459,729.2681,78.821,18596.5306
2026-01-01,297.703,846.1232,177.7527,253.2482,120.7436,169.3672,147.6988,154.2459,729.2681,78.821,18596.5306
2026-01-02,301.0042,837.769,177.7893,258.1693,120.764,169.115,147.9012,153.8104,716.2422,76.8785,19186.62
2026-01-05,304.5763,848.0812,182.3611,261.7182,120.7754,169.2635,147.9696,154.3062,739.0224,78.6619,19942.2822
2026-01-06,305.0587,849.256,183.0926,264.4627,120.8232,169.6388,148.0857,154.333,747.8679,79.9342,19734.383
2026-01-07,304.8609,858.0019,182.7634,261.8129,120.8449,169.8106,148.05,154.7751,743.9904,79.0936,19403.236
2026-01-08,305.1244,857.6102,182.3245,262.286,120.8424,169.7104,147.9637,154.7818,745.5656,78.9913,19292.4377
2026-01-09,307.7365,861.7873,186.0917,264.1315,120.8292,169.7591,148.0559,155.0766,754.5323,80.1045,19517.7681
2026-01-12,310.3319,858.2629,187.1523,267.633,120.8637,170.02,148.0262,155.2843,770.5875,80.9451,19637.2795
2026-01-13,307.5679,860.6125,184.9213,269.0526,120.8701,169.9379,148.0738,155.1235,770.2845,81.3881,19967.1811
2026-01-14,309.3994,852.6499,186.2746,267.5857,120.8987,170.1051,148.0559,155.7063,772.1627,81.3654,20709.1509
2026-01-15,308.5443,863.6149,186.5672,271.4658,120.8947,170.2312,148.1155,155.9743,774.1014,81.0473,20655.6181
2026-01-16,310.4729,862.44,186.2014,269.0053,120.8815,170.055,148.0797,155.9073,771.6174,81.0246,20326.9608
2026-01-19,310.4729,847.0369,185.4699,269.0053,120.9333,170.2133,148.0678,155.9676,781.7352,81.8766,19901.2013
2026-01-20,305.3208,840.5102,181.081,266.1662,120.9545,169.9807,148.1482,155.6326,787.8543,81.7062,19161.7223
2026-01-21,306.0424,844.1652,181.6296,269.1472,120.9659,169.9118,148.1363,155.5991,806.1511,82.8762,18922.6983
2026-01-22,309.3092,851.3446,182.8,271.8444,120.9271,169.9005,148.1512,155.6326,809.1804,83.1147,18795.7167
2026-01-23,309.3315,850.4309,181.337,270.8034,120.9129,169.9065,148.1839,155.6996,825.4174,83.9666,18987.4339
2026-01-26,308.6684,844.2957,180.8615,269.2419,120.9526,170.2456,148.3625,156.0681,832.2029,84.3415,18310.2008
2026-01-27,313.1306,839.8575,181.0444,270.8034,120.967,170.2581,148.3506,156.4031,827.8408,83.7963,18362.487
2026-01-28,305.7632,843.9042,180.5689,272.2229,121.0125,170.4269,148.2137,156.4031,862.4957,85.4774,18666.2467
2026-01-29,308.4223,826.9347,181.0444,269.6677,121.0498,170.5332,148.3803,156.6911,858.4365,85.7614,17586.9052
2026-01-30,305.8662,836.2026,182.7268,269.4311,121.0285,170.4686,148.3178,156.8318,814.3302,85.591,17403.9024
2026-02-02,311.3457,843.9042,183.5315,271.8444,121.0346,170.4187,148.4071,156.1552,769.7998,81.1609,16683.0976
2026-02-03,311.5076,833.853,184.6653,271.8444,121.0177,170.2318,148.3595,156.0346,821.8428,82.9784,16151.5191
2026-02-04,311.473,829.2843,187.5181,268.674,121.0508,170.3929,148.3327,156.1887,812.5126,83.1488,15496.6941
2026-02-05,307.5318,819.6248,183.9704,268.7214,121.064,170.3603,148.294,156.2624,801.1832,82.4672,14366.3118
2026-02-06,314.2608,828.7622,190.2978,271.4185,121.0853,170.5735,148.3536,156.2222,813.482,83.1942,14663.8468
2026-02-09,316.4538,832.4171,193.6626,274.3522,121.1191,170.6502,148.4042,156.1753,830.5066,82.6944,14502.0078
2026-02-10,313.4946,831.2423,198.271,275.5352,121.1289,170.9801,148.4399,156.4902,820.9946,82.1492,14519.4365
2026-02-11,314.6844,825.4988,199.9535,277.9958,121.1243,170.9537,148.4964,156.8251,831.9,82.9898,13898.2235
2026-02-12,312.5781,820.1469,197.5761,276.8128,121.1393,171.1457,148.4756,156.9122,810.0893,82.0015,13895.7339
2026-02-13,312.6024,818.1889,196.8812,273.8317,121.1813,171.4233,148.5053,157.0797,822.9334,81.8198,14488.3129
2026-02-16,312.6024,817.0141,193.5895,276.0557,121.1905,171.4545,148.5083,156.8117,819.8435,81.8993,14194.5142
2026-02-17,314.9629,817.2751,194.1747,275.7245,121.1962,171.5694,148.4964,157.1132,803.0007,81.036,14277.9228
2026-02-18,315.9694,824.585,194.4673,278.8002,121.1951,171.5995,148.4667,157.3611,824.5086,82.5581,14121.0643
2026-02-19,316.2746,823.0186,193.2238,276.9548,121.1983,171.5279,148.5083,157.3142,827.8408,83.5236,14026.4505
2026-02-20,319.8961,826.1515,192.3094,277.9485,121.215,171.651,148.5321,157.5085,838.3827,84.3756,14241.8199
2026-02-23,316.2849,816.3614,192.8946,278.327,121.236,171.7929,148.5768,157.6492,860.2541,84.8754,13797.3862
2026-02-24,318.2329,820.4079,192.602,282.5857,121.241,171.8994,148.55,157.7027,849.7122,84.5119,13471.2186
2026-02-25,321.4354,826.6736,194.8696,282.5857,121.243,171.9656,148.5946,157.6424,859.0423,84.864,14327.7193
2026-02-26,320.1367,822.2355,196.296,277.6172,121.2654,172.0928,148.553,157.9238,856.0737,84.9662,14145.9619
2026-02-27,319.5444,816.3614,196.3692,275.9138,121.2969,172.2062,148.547,158.3593,862.2534,85.3752,13888.2649
2026-03-02,313.9705,823.1492,190.9195,273.6898,121.2496,171.8586,148.4369,158.1583,881.459,87.9423,14758.4593
2026-03-03,306.1276,820.669,181.1541,263.2324,121.1247,170.7177,148.2851,157.7563,859.4664,89.987,14677.5404
2026-03-04,311.8992,828.5011,187.8838,265.693,121.1749,171.1835,148.419,157.4281,862.3745,88.7602,15638.6147
2026-03-05,305.0177,826.0209,184.9945,261.4343,121.0912,170.4871,148.2048,156.9658,851.7721,90.4868,15308.712
2026-03-06,303.5797,826.0209,184.9945,261.4343,121.0262,169.7031,148.0589,156.9658,851.7721,90.4868,15308.712
2026-03-09,307.2295,813.4896,181.7759,262.4753,121.0077,169.6194,147.9101,157.5755,857.3459,95.1667,14759.7048
2026-03-10,304.8523,822.8881,188.5422,269.8097,121.127,170.4575,148.2732,157.9506,874.734,92.4178,15243.9764
2026-03-11,304.5038,820.4079,183.0194,267.4911,120.9474,169.5622,147.9667,157.3611,870.0689,94.6556,15185.4655
2026-03-12,301.843,815.7087,182.2148,262.7592,120.8929,169.0398,147.7613,157.5822,866.7367,97.0751,15163.0575
2026-03-13,298.2688,814.9255,181.8856,264.1788,120.8913,168.9327,147.7167,157.1668,859.2847,97.6317,15565.1647
2026-03-16,305.5378,817.2751,182.8366,268.816,120.9486,169.3145,147.7881,157.8166,844.2595,96.5753,15917.4755
2026-03-17,305.1717,815.7087,182.2148,268.0589,120.9644,169.5721,147.919,157.964,845.0471,96.0982,15993.4151
2026-03-18,298.1708,811.0095,181.5199,264.652,120.8743,168.9955,147.803,157.964,824.6298,97.4272,15359.7539
2026-03-19,299.2825,798.0866,177.899,258.0747,120.7948,168.6806,147.678,158.0042,774.9496,96.882,14956.4012
2026-03-20,287.4011,791.2988,174.717,253.3429,120.6512,167.723,147.2375,156.2021,772.7686,96.3367,15028.6058
2026-03-23,294.5951,792.3431,177.9721,255.8507,120.7355,168.5265,147.3804,156.0949,735.6902,92.9063,15112.0155
2026-03-24,291.7377,786.469,179.1791,256.2293,120.6477,167.96,147.4131,155.8872,741.7487,93.815,14955.1558
2026-03-25,295.8175,792.9958,182.6903,261.6236,120.6934,168.4568,147.5678,156.3093,766.7706,93.3947,15353.5292
2026-03-26,291.3624,784.3805,179.0694,256.0873,120.615,167.6242,147.3863,155.8135,741.8093,95.4507,14843.1145
2026-03-27,289.4428,770.1523,174.7901,252.775,120.6065,167.0773,147.2107,155.3982,763.6807,96.9047,14228.1263
2026-03-30,292.0638,775.2431,178.0453,254.3839,120.6812,167.741,147.3625,156.1686,773.3138,98.37,14716.1329
2026-03-31,302.2668,775.8958,177.899,254.1,120.6936,168.1604,147.3625,156.6241,780.3417,98.3132,14468.3945
2026-04-01,303.6049,793.2568,186.3111,260.3933,120.7499,168.4357,147.6482,156.9725,802.5161,96.4844,14723.6019
2026-04-02,301.7259,793.2568,182.6537,256.9391,120.6905,168.1115,147.5976,157.1601,788.2179,98.5177,14388.7199
2026-04-03,301.7259,793.2568,182.6537,256.9391,120.6905,168.1115,147.5976,157.1601,788.2179,98.5177,14388.7199
2026-04-06,305.8828,793.2568,182.6537,256.9391,120.6905,168.1115,147.5976,157.1601,788.2179,98.5177,14388.7199
2026-04-07,304.1451,788.166,180.2397,256.04,120.657,167.9433,147.7048,156.5907,782.5834,99.4946,14650.1519
2026-04-08,311.9038,806.1797,190.1515,268.3901,120.978,169.6685,148.303,157.8769,792.8829,93.8718,15156.8327
2026-04-09,312.7049,803.9606,186.3111,267.0179,120.8723,168.7998,148.0589,157.5755,798.2145,94.4511,15307.4666
2026-04-10,312.9301,805.0049,186.8598,269.1945,120.8749,168.5918,147.8357,156.8251,792.2771,94.2466,15415.7752
2026-04-13,315.4494,807.4851,185.9454,267.6803,120.8128,168.4083,147.8119,156.5973,783.9768,95.8369,15252.6907
2026-04-14,315.5443,820.5385,189.8589,271.8917,120.8855,168.6803,148.0708,157.0864,794.3975,94.0876,15835.3112
2026-04-15,313.5164,828.3705,190.6635,272.98,120.9595,168.9191,148.1244,157.0663,792.4589,94.3489,15542.7555
2026-04-16,312.1187,836.3331,192.1631,275.9138,120.9741,168.9246,148.2286,157.0998,794.5793,95.3144,15677.2072
2026-04-17,317.6695,848.4728,195.0159,280.4563,121.0805,169.6901,148.5202,157.1936,803.7278,92.5314,16374.3586
2026-04-20,317.9692,844.5568,192.4191,277.2387,121.0904,169.6421,148.4279,157.6223,794.4582,94.2126,15954.8226
2026-04-21,309.8864,847.8201,190.0783,275.5352,121.0563,169.5564,148.2583,156.9993,786.3397,95.1327,16008.3542
2026-04-22,311.8041,851.3446,190.883,275.8191,121.02,169.2667,148.2405,157.5688,786.0974,96.7343,16767.7515
2026-04-23,310.4169,851.7362,191.2121,273.7371,120.9591,169.0435,148.1958,157.8903,787.4302,96.8365,16680.6079
2026-04-24,313.0917,855.1301,190.0783,277.6172,120.9543,168.9641,148.2226,158.0913,785.4915,97.0864,16527.4833
2026-04-27,310.6932,856.0438,191.1024,276.1503,120.999,168.9608,148.2226,158.031,776.8883,97.8816,16327.0517
2026-04-28,308.8442,854.7385,189.2737,273.5478,120.9079,168.532,148.1006,157.9975,760.9543,98.1542,16115.4162
2026-04-29,305.3347,859.1766,188.7251,274.5888,120.8305,168.1507,148.0946,158.2789,757.8039,99.9262,16206.2949
2026-04-30,313.3934,861.0041,191.8705,275.5352,120.9278,168.6534,148.297,158.8282,767.6793,99.6195,16198.8259
2026-05-01,312.2428,861.0041,191.8705,275.5352,120.9278,168.6534,148.297,158.8282,767.6793,99.6195,16198.8259
2026-05-04,306.4316,864.7896,189.164,276.5762,120.9235,168.5541,148.1512,158.6607,755.017,101.4824,16930.836
2026-05-05,312.2289,869.2277,191.0658,279.4626,120.934,168.4869,148.2702,158.8215,761.5602,100.6759,17356.5967
2026-05-06,320.0588,881.7591,195.784,285.4248,121.0703,169.602,148.5292,158.8081,777.676,97.9497,17275.6766
2026-05-07,312.2207,886.0667,196.2594,285.614,121.1099,169.724,148.3774,158.7947,785.5521,97.0296,16888.5084
2026-05-08,315.6515,886.5888,198.3442,284.6203,121.0807,169.6329,148.4875,159.19,779.7965,98.1883,16852.4055
2026-05-11,313.5804,889.8522,198.7465,282.5857,121.0523,169.2347,148.3565,159.2168,782.4016,100.0512,17135.0014
2026-05-12,310.7524,883.456,197.8321,276.0084,120.9812,168.5628,148.2494,158.8751,774.162,101.5278,17035.4083
2026-05-13,313.6857,893.8988,199.2951,282.1125,120.9956,168.5778,148.3625,158.9287,780.9475,102.4593,16818.7935
2026-05-14,313.7385,907.6048,198.8928,284.1472,121.0642,169.1181,148.4905,159.3508,782.1593,101.0394,17232.1048
2026-05-15,309.1367,902.7751,196.9178,278.8002,120.973,168.1513,148.3744,158.4263,761.9237,100.9599,16918.3865
2026-05-18,315.1817,895.2041,194.7599,276.245,121.0561,168.6012,148.4428,158.7143,759.3791,102.4593,16269.7863
2026-05-19,311.556,892.9851,195.6011,273.5005,121.0119,168.0659,148.3,157.9573,756.0469,102.7319,16383.073
2026-05-20,319.4705,896.7705,196.9178,276.0557,121.0352,168.4013,148.3268,159.1297,759.9244,100.9372,16558.6056
2026-05-21,320.8496,898.3369,196.6983,274.8254,121.0908,168.8668,148.4414,158.7411,758.2886,101.721,16542.4223
2026-05-22,319.8804,908.6491,200.6118,277.1914,121.1976,169.3613,148.538,159.2436,759.1974,100.1193,16478.9322
2026-05-25,319.8804,912.5652,202.8429,281.0715,121.3449,170.3546,148.7583,160.1279,764.7713,98.4382,16551.1367
2026-05-26,323.1177,908.127,203.5378,281.8286,121.2861,169.9013,148.704,159.123,755.5622,99.0061,16337.0115
2026-05-27,322.5549,906.6911,201.7822,281.8286,121.2811,170.0775,148.7342,159.4111,743.0816,97.3818,16096.7432
2026-05-28,322.0314,911.7819,203.2818,282.2071,121.2961,169.9248,148.8036,159.6322,749.4431,97.5635,15530.3073
2026-05-29,320.9941,914.3927,203.9401,281.45,121.3313,170.2186,148.7855,159.525,763.4989,97.0637,15766.8405
2026-06-01,319.3348,920.0057,206.6101,286.6077,121.2589,169.5929,148.6889,159.4044,750.2307,98.7562,15247.7114
2026-06-02,321.2922,917.1339,206.7929,292.2386,121.2922,170.0982,148.7915,159.7192,754.7746,98.4382,14356.3521
2026-06-03,317.8296,909.3019,207.6707,286.5131,121.2582,169.7101,148.7251,159.2235,745.4445,99.1538,14205.7182
2026-06-04,321.7604,915.5674,204.9642,282.8696,121.2693,169.6211,148.7855,159.1029,749.6854,97.609,13671.6501
2026-06-05,315.3017,909.0407,203.5012,272.98,121.2547,169.4152,148.698,158.7143,733.812,96.6207,13042.9682
2026-06-08,319.1882,902.7751,202.148,274.9674,121.2451,169.3598,148.5893,158.5134,731.6915,96.5185,13752.569
2026-06-09,320.3386,891.8102,199.0391,271.5605,121.25,169.4101,148.6859,158.4665,720.6044,94.985,13192.3578
2026-06-10,315.8115,890.8965,195.3451,272.1756,121.236,169.1908,148.6889,158.3258,695.6431,95.1213,13394.0335
2026-06-11,325.895,886.4584,197.247,273.9264,121.2664,169.576,148.7855,158.9823,689.8875,95.1895,13547.1582
2026-06-12,325.3406,903.6889,202.3308,282.1598,121.3475,169.7292,148.8217,158.8885,710.1231,93.7355,13747.5897
2026-06-15,325.4852,917.1339,205.1471,290.062,121.4455,170.4522,149.036,159.1632,731.0857,92.7927,14271.6981
2026-06-16,326.2419,913.4789,206.6466,287.3648,121.4635,170.6021,148.9424,159.2302,726.2389,92.2588,14117.3292
2026-06-17,322.9761,909.3019,209.1703,290.3459,121.446,170.6323,148.9092,159.1632,732.1156,92.6904,14012.7557
2026-06-18,326.7405,911.1293,213.7055,296.0241,121.4213,170.521,148.9786,158.922,718.3627,92.0543,13676.6294
2026-06-19,326.7405,914.2621,212.2791,295.5036,121.4095,170.1196,148.9153,158.5938,705.3974,92.6109,13685.3438
2026-06-22,327.9371,912.8262,215.8634,303.595,121.4614,170.4821,148.9605,158.8349,712.5465,92.4633,14138.493
2026-06-23,324.8965,907.3438,207.7073,290.3932,121.5335,170.7971,148.9967,158.7478,707.3362,91.7136,13628.0771
2026-06-24,325.4692,916.2202,209.7189,286.8443,121.5572,171.0545,149.0541,158.9622,687.6459,90.5549,13286.9715
2026-06-25,329.4965,904.9942,210.7796,288.9736,121.5714,171.2317,149.1386,159.2972,688.7364,90.9979,12942.1297
2026-06-26,326.6552,907.866,208.5485,285.4248,121.6085,171.2036,149.1808,159.3307,697.5213,90.6912,13117.6624
2026-06-29,329.4853,909.4323,207.4513,283.4847,121.6027,171.1901,149.1808,159.4178,686.0101,90.0097,12978.2326
2026-06-30,330.1877,921.9636,208.6217,288.8317,121.6107,171.2432,149.2412,159.3508,687.5247,90.6004,12698.1264
2026-07-01,327.5666,932.0148,209.4994,286.7497,121.6271,170.9644,149.2261,159.5384,698.1272,90.748,13136.3365
2026-07-02,334.4985,921.0499,209.7189,279.8885,121.6743,170.9005,149.38,159.2838,703.0346,90.1801,13412.7077
2026-07-03,334.4985,922.2247,210.9624,285.8506,121.6701,170.7272,149.3227,158.8483,709.699,90.8844,13464.9939
2026-07-06,335.0606,929.143,212.6083,286.3238,121.6667,170.7561,149.3619,158.9756,708.2449,92.4292,13555.8725
2026-07-07,331.4796,925.227,208.1462,277.8538,121.617,170.3846,149.1869,158.7344,706.6091,92.5541,13875.8155
2026-07-08,329.371,914.3927,204.9642,280.0305,121.5016,169.531,148.8941,158.031,688.8575,94.5647,13446.3197
2026-07-09,329.7029,921.0499,209.0971,285.6613,121.5128,169.6665,149.0873,158.3727,703.3981,93.815,13669.1593
2026-07-10,329.9713,925.4881,211.4745,285.3774,121.5413,169.8693,149.1688,158.7344,699.3389,92.9517,13918.1431
2026-07-13,328.157,928.0987,209.8652,277.4753,121.5117,169.6619,149.036,158.5469,686.3736,94.4284,13670.4047
2026-07-14,330.3834,922.0942,211.5111,278.8948,121.4688,169.3853,148.9907,158.721,694.6738,95.6325,14063.7976
2026-07-15,332.2747,923.53,208.8045,279.5099,121.4974,169.2725,149.0269,158.6875,689.7057,95.5757,14203.2286
2026-07-16,329.7281,923.9216,206.098,275.4406,121.476,169.0166,148.9303,158.5,683.2231,95.6779,14061.308
2026-07-17,329.7213,909.6934,200.9776,270.1409,121.4822,169.1859,149.0028,158.4598,683.3443,96.4049,13733.8949
2026-07-20,326.8572,915.4369,203.7938,274.4942,121.4898,169.1722,148.9153,158.5067,685.4648,97.0864,14117.3292
2026-07-21,331.1215,916.7423,207.561,278.8002,121.468,168.7654,148.9484,158.4129,696.6731,98.2678,14492.048
2026-07-22,332.77,919.353,204.9276,277.0967,121.4462,168.7384,148.8911,158.3526,710.0019,99.6536,14375.0262
2026-07-23,327.8354,899.3812,202.404,273.1693,121.4023,168.4577,148.8549,158.0511,693.8862,100.9258,14187.0441
2026-07-24,331.0134,904.4721,204.3059,272.4122,121.4448,168.736,148.9092,158.1382,697.4001,99.6536,14005.2867
2026-07-27,332.0935,900.0338,203.1355,267.9643,121.5216,169.2558,148.9877,158.2789,697.7031,97.8248,14082.4717
2026-07-28,334.3002,907.9964,200.8313,267.2545,121.5549,169.3595,149.0812,158.1985,689.7057,96.2345,13904.4482
2026-07-29,332.4143,900.8171,200.5021,262.8539,121.5357,169.1644,148.9786,158.2856,686.7977,97.768,13980.3879
2026-07-30,337.9871,896.901,204.8545,265.9769,121.5641,169.091,149.1265,158.2253,693.4015,96.8252,13953.0005
2026-07-31,334.8575,910.085,205.1471,270.8507,121.5112,168.8554,148.9756,157.8367,684.1925,96.7457,13532.2191
2026-08-03,335.5178,932.2758,206.0249,271.6551,121.6361,169.4059,149.214,158.2119,683.4654,95.4394,13757.5483
2026-08-04,339.9553,945.982,208.8045,276.6709,121.6988,169.8896,149.2623,158.5067,690.0693,94.0876,13766.2627
2026-08-05,339.2529,949.8979,212.206,277.9485,121.6952,169.7908,149.2804,158.4866,718.5445,94.4852,13885.7753
2026-08-06,338.4475,946.8957,213.8153,275.1567,121.7083,169.7766,149.2834,158.2588,718.5445,95.144,13953.0005
2026-08-07,342.2518,951.7255,215.2417,275.8191,121.7161,169.7615,149.211,158.5737,733.6909,96.1323,13985.3683
2026-08-10,340.0599,951.9865,215.6074,273.8317,121.676,169.3067,149.217,158.3928,734.2967,98.086,13839.7126
2026-08-11,340.5021,950.8117,216.851,272.98,121.6844,169.4876,149.1506,158.4933,739.2042,98.3587,13711.4868
2026-08-12,340.3963,949.8979,219.3746,274.6835,121.7,169.6407,149.2895,158.6273,746.2927,99.0516,13672.8943
2026-08-13,341.2813,956.5552,220.7644,277.3806,121.7297,169.6963,149.3287,158.9153,737.0837,98.654,13711.4868
2026-08-14,341.0869,954.4667,218.9723,275.5825,121.6821,169.2667,149.2593,158.2454,738.1136,98.3587,13487.4019
2026-08-17,338.9562,953.0308,219.0089,279.7465,121.7082,169.088,149.3468,158.2722,743.9298,99.3128,13725.1805
2026-08-18,336.6746,942.7186,210.999,270.9926,121.6674,168.5634,149.1416,157.9037,733.5091,100.0284,13906.9379
2026-08-19,339.2736,942.4575,209.0971,272.6488,121.6755,168.6598,149.1476,158.031,749.3825,100.3579,14533.1301
2026-08-20,335.7286,935.4087,207.817,272.6488,121.659,168.6181,149.2834,157.9841,755.017,100.7327,15382.1619
2026-08-21,337.9125,939.3247,208.2193,276.5289,121.7082,168.7757,149.3136,157.964,768.7093,101.3688,16505.0752
2026-08-24,337.6931,937.6278,207.5244,271.5605,121.6856,168.6307,149.214,157.8233,780.4629,100.9599,17000.5509
2026-08-25,340.1931,939.4552,209.536,275.8191,121.7547,169.0843,149.3891,158.3794,776.7066,99.9489,16890.998
2026-08-26,338.2187,938.5415,210.0846,276.3869,121.7557,169.0631,149.2653,158.1985,768.8305,100.3579,16624.5867
2026-08-27,337.2602,949.5063,210.7064,277.286,121.7274,168.791,149.2744,158.5,768.8911,101.0053,17164.8795
2026-08-28,336.1207,955.9026,213.5592,279.5099,121.7131,168.7762,149.2261,157.9841,765.3771,102.3911,16960.7129
2026-08-31,336.8996,944.1545,211.6939,276.5289,121.6809,168.2223,149.0903,157.5353,743.2634,102.766,16797.6297
2026-09-01,332.6215,938.6721,211.4013,278.5636,121.6646,168.0775,149.0993,157.6424,733.4485,103.9587,16686.8326
2026-09-02,334.1368,941.0216,210.6698,275.9611,121.622,167.7195,149.045,157.3343,734.6602,104.7425,16551.1367
2026-09-03,337.2991,950.4201,215.0222,275.9611,121.6671,168.0665,149.1597,157.7831,754.6534,104.095,17298.0858
2026-09-04,336.0525,945.4598,216.0463,281.0241,121.6872,168.2843,149.2261,157.7965,744.4145,103.9133,16990.5911
2026-09-07,336.0525,943.3712,216.851,282.633,121.6667,167.9379,149.1627,157.5688,739.3253,104.6743,16853.6509
2026-09-08,334.0573,939.8468,215.9732,283.3901,121.6739,167.9847,149.1144,157.763,737.6289,104.4471,16783.936
2026-09-09,330.4749,932.798,214.1444,282.491,121.6123,167.4706,148.9394,157.1333,737.8107,105.3332,16785.1803
2026-09-10,327.398,926.5324,213.7055,277.5699,121.4407,166.5368,148.8126,156.6241,732.2974,106.3782,16493.87
2026-09-11,330.2735,935.017,216.851,280.5983,121.4084,166.3524,148.8609,156.1485,734.0544,105.8897,16853.6509
2026-09-14,327.8274,937.8888,216.7778,275.3933,121.3108,165.8535,148.538,156.2959,724.4819,106.5486,16867.3446
2026-09-15,328.12,933.8423,215.1685,274.1157,121.3793,166.009,148.6467,155.7197,723.2096,107.5709,16431.6253
2026-09-16,327.2124,938.4109,217.875,277.286,121.4231,166.1366,148.71,155.9609,734.3573,107.3664,16295.9293
2026-09-17,331.8935,938.4109,217.875,277.286,121.4459,166.5422,148.71,155.9609,734.3573,107.3664,16295.9293
2026-09-18,327.0859,947.0263,216.8144,280.7875,121.4459,166.5422,148.7251,155.425,739.7494,107.6618,17217.1657
